OP:
 ld_i32 loc0,env,$0xffffffffffffffe0
 brcond_i32 loc0,$0x0,lt,$L0

 ---- ffffffffbfc00000 0000000000000000 0000000000000000
 add_i64 statcounters_icount_kernel,statcounters_icount_kernel,$0x1

 ---- ffffffffbfc00004 0000000000010800 ffffffffbfc00580
 add_i64 statcounters_icount_kernel,statcounters_icount_kernel,$0x1
 goto_tb $0x0
 mov_i64 PC,$0xffffffffbfc00580
 exit_tb $0x7f07d4000040
 set_label $L0
 exit_tb $0x7f07d4000043

OP after optimization and liveness analysis:
 ld_i32 tmp0,env,$0xffffffffffffffe0      dead: 1  pref=0xffff
 brcond_i32 tmp0,$0x0,lt,$L0              dead: 0 1

 ---- ffffffffbfc00000 0000000000000000 0000000000000000
 add_i64 statcounters_icount_kernel,statcounters_icount_kernel,$0x1  dead: 1  pref=0xffff

 ---- ffffffffbfc00004 0000000000010800 ffffffffbfc00580
 add_i64 statcounters_icount_kernel,statcounters_icount_kernel,$0x1  sync: 0  dead: 0 1 2  pref=0xffff
 goto_tb $0x0                           
 mov_i64 PC,$0xffffffffbfc00580           sync: 0  dead: 0 1  pref=0xffff
 exit_tb $0x7f07d4000040                
 set_label $L0                          
 exit_tb $0x7f07d4000043                

pc=0xffffffffbfc00000 HI=0x0000000000000000 LO=0x0000000000000000 ds 4000098 0000000000000000 0
GPR00: r0 0000000000000000 at 0000000000000000 v0 0000000000000000 v1 0000000000000000
GPR04: a0 0000000000000000 a1 0000000000000000 a2 0000000000000000 a3 0000000000000000
GPR08: t0 0000000000000000 t1 0000000000000000 t2 0000000000000000 t3 0000000000000000
GPR12: t4 0000000000000000 t5 0000000000000000 t6 0000000000000000 t7 0000000000000000
GPR16: s0 0000000000000000 s1 0000000000000000 s2 0000000000000000 s3 0000000000000000
GPR20: s4 0000000000000000 s5 0000000000000000 s6 0000000000000000 s7 0000000000000000
GPR24: t8 0000000000000000 t9 0000000000000000 k0 0000000000000000 k1 0000000000000000
GPR28: gp 0000000000000000 sp 0000000000000000 s8 0000000000000000 ra 0000000000000000
CP0 Status  0x00400080 Cause   0x00000000 EPC    0x0000000000000000
    Config0 0x8000c082 Config1 0xbe6130db LLAddr 0x0000000000000000
    Config2 0x80000000 Config3 0x0c002084
    Config4 0x00000000 Config5 0x00000000
OP:
 ld_i32 loc0,env,$0xffffffffffffffe0
 brcond_i32 loc0,$0x0,lt,$L0

 ---- ffffffffbfc00580 0000000000000000 0000000000000000
 add_i64 statcounters_icount_kernel,statcounters_icount_kernel,$0x1
 mov_i64 k0,$0xffffffffdf000000

 ---- ffffffffbfc00584 0000000000000000 0000000000000000
 add_i64 statcounters_icount_kernel,statcounters_icount_kernel,$0x1

 ---- ffffffffbfc00588 0000000000000000 0000000000000000
 add_i64 statcounters_icount_kernel,statcounters_icount_kernel,$0x1
 mov_i64 k1,$0xffffffffffff0000

 ---- ffffffffbfc0058c 0000000000000000 0000000000000000
 add_i64 statcounters_icount_kernel,statcounters_icount_kernel,$0x1
 or_i64 k1,k1,$0xffff

 ---- ffffffffbfc00590 0000000000000000 0000000000000000
 add_i64 statcounters_icount_kernel,statcounters_icount_kernel,$0x1
 mov_i64 loc6,k1
 shl_i64 k1,loc6,$0x10

 ---- ffffffffbfc00594 0000000000000000 0000000000000000
 add_i64 statcounters_icount_kernel,statcounters_icount_kernel,$0x1
 or_i64 k1,k1,$0xb400

 ---- ffffffffbfc00598 0000000000000000 0000000000000000
 add_i64 statcounters_icount_kernel,statcounters_icount_kernel,$0x1
 mov_i64 loc9,k1
 shl_i64 k1,loc9,$0x10

 ---- ffffffffbfc0059c 0000000000000000 0000000000000000
 add_i64 statcounters_icount_kernel,statcounters_icount_kernel,$0x1
 or_i64 k1,k1,$0x68

 ---- ffffffffbfc005a0 0000000000000000 0000000000000000
 add_i64 statcounters_icount_kernel,statcounters_icount_kernel,$0x1
 mov_i64 loc11,k1
 mov_i64 loc12,k0
 qemu_st_i64 loc12,loc11,beul,0
 call cheri_invalidate_tags,$0x0,$0,env,loc11,$0x120
 mov_i64 lladdr,$0x0

 ---- ffffffffbfc005a4 0000000000000000 0000000000000000
 add_i64 statcounters_icount_kernel,statcounters_icount_kernel,$0x1
 mov_i64 k0,$0xffffffffc0000000

 ---- ffffffffbfc005a8 0000000000000000 0000000000000000
 add_i64 statcounters_icount_kernel,statcounters_icount_kernel,$0x1

 ---- ffffffffbfc005ac 0000000000000000 0000000000000000
 add_i64 statcounters_icount_kernel,statcounters_icount_kernel,$0x1
 mov_i64 k1,$0xffffffffffff0000

 ---- ffffffffbfc005b0 0000000000000000 0000000000000000
 add_i64 statcounters_icount_kernel,statcounters_icount_kernel,$0x1
 or_i64 k1,k1,$0xffff

 ---- ffffffffbfc005b4 0000000000000000 0000000000000000
 add_i64 statcounters_icount_kernel,statcounters_icount_kernel,$0x1
 mov_i64 loc16,k1
 shl_i64 k1,loc16,$0x10

 ---- ffffffffbfc005b8 0000000000000000 0000000000000000
 add_i64 statcounters_icount_kernel,statcounters_icount_kernel,$0x1
 or_i64 k1,k1,$0xbbe0

 ---- ffffffffbfc005bc 0000000000000000 0000000000000000
 add_i64 statcounters_icount_kernel,statcounters_icount_kernel,$0x1
 mov_i64 loc18,k1
 shl_i64 k1,loc18,$0x10

 ---- ffffffffbfc005c0 0000000000000000 0000000000000000
 add_i64 statcounters_icount_kernel,statcounters_icount_kernel,$0x1
 or_i64 k1,k1,$0x48

 ---- ffffffffbfc005c4 0000000000000000 0000000000000000
 add_i64 statcounters_icount_kernel,statcounters_icount_kernel,$0x1
 mov_i64 loc20,k1
 mov_i64 loc21,k0
 qemu_st_i64 loc21,loc20,beul,0
 call cheri_invalidate_tags,$0x0,$0,env,loc20,$0x120
 mov_i64 lladdr,$0x0

 ---- ffffffffbfc005c8 0000000000000000 0000000000000000
 add_i64 statcounters_icount_kernel,statcounters_icount_kernel,$0x1
 mov_i64 k0,$0x40000000

 ---- ffffffffbfc005cc 0000000000000000 0000000000000000
 add_i64 statcounters_icount_kernel,statcounters_icount_kernel,$0x1

 ---- ffffffffbfc005d0 0000000000000000 0000000000000000
 add_i64 statcounters_icount_kernel,statcounters_icount_kernel,$0x1
 mov_i64 k1,$0xffffffffffff0000

 ---- ffffffffbfc005d4 0000000000000000 0000000000000000
 add_i64 statcounters_icount_kernel,statcounters_icount_kernel,$0x1
 or_i64 k1,k1,$0xffff

 ---- ffffffffbfc005d8 0000000000000000 0000000000000000
 add_i64 statcounters_icount_kernel,statcounters_icount_kernel,$0x1
 mov_i64 loc23,k1
 shl_i64 k1,loc23,$0x10

 ---- ffffffffbfc005dc 0000000000000000 0000000000000000
 add_i64 statcounters_icount_kernel,statcounters_icount_kernel,$0x1
 or_i64 k1,k1,$0xbbe0

 ---- ffffffffbfc005e0 0000000000000000 0000000000000000
 add_i64 statcounters_icount_kernel,statcounters_icount_kernel,$0x1
 mov_i64 loc24,k1
 shl_i64 k1,loc24,$0x10

 ---- ffffffffbfc005e4 0000000000000000 0000000000000000
 add_i64 statcounters_icount_kernel,statcounters_icount_kernel,$0x1
 or_i64 k1,k1,$0x50

 ---- ffffffffbfc005e8 0000000000000000 0000000000000000
 add_i64 statcounters_icount_kernel,statcounters_icount_kernel,$0x1
 mov_i64 loc26,k1
 mov_i64 loc27,k0
 qemu_st_i64 loc27,loc26,beul,0
 call cheri_invalidate_tags,$0x0,$0,env,loc26,$0x120
 mov_i64 lladdr,$0x0

 ---- ffffffffbfc005ec 0000000000000000 0000000000000000
 add_i64 statcounters_icount_kernel,statcounters_icount_kernel,$0x1
 mov_i64 k0,$0xffffffff80000000

 ---- ffffffffbfc005f0 0000000000000000 0000000000000000
 add_i64 statcounters_icount_kernel,statcounters_icount_kernel,$0x1

 ---- ffffffffbfc005f4 0000000000000000 0000000000000000
 add_i64 statcounters_icount_kernel,statcounters_icount_kernel,$0x1
 mov_i64 k1,$0xffffffffffff0000

 ---- ffffffffbfc005f8 0000000000000000 0000000000000000
 add_i64 statcounters_icount_kernel,statcounters_icount_kernel,$0x1
 or_i64 k1,k1,$0xffff

 ---- ffffffffbfc005fc 0000000000000000 0000000000000000
 add_i64 statcounters_icount_kernel,statcounters_icount_kernel,$0x1
 mov_i64 loc29,k1
 shl_i64 k1,loc29,$0x10

 ---- ffffffffbfc00600 0000000000000000 0000000000000000
 add_i64 statcounters_icount_kernel,statcounters_icount_kernel,$0x1
 or_i64 k1,k1,$0xbbe0

 ---- ffffffffbfc00604 0000000000000000 0000000000000000
 add_i64 statcounters_icount_kernel,statcounters_icount_kernel,$0x1
 mov_i64 loc30,k1
 shl_i64 k1,loc30,$0x10

 ---- ffffffffbfc00608 0000000000000000 0000000000000000
 add_i64 statcounters_icount_kernel,statcounters_icount_kernel,$0x1
 or_i64 k1,k1,$0x58

 ---- ffffffffbfc0060c 0000000000000000 0000000000000000
 add_i64 statcounters_icount_kernel,statcounters_icount_kernel,$0x1
 mov_i64 loc32,k1
 mov_i64 loc33,k0
 qemu_st_i64 loc33,loc32,beul,0
 call cheri_invalidate_tags,$0x0,$0,env,loc32,$0x120
 mov_i64 lladdr,$0x0

 ---- ffffffffbfc00610 0000000000000000 0000000000000000
 add_i64 statcounters_icount_kernel,statcounters_icount_kernel,$0x1
 mov_i64 k0,$0x3f000000

 ---- ffffffffbfc00614 0000000000000000 0000000000000000
 add_i64 statcounters_icount_kernel,statcounters_icount_kernel,$0x1

 ---- ffffffffbfc00618 0000000000000000 0000000000000000
 add_i64 statcounters_icount_kernel,statcounters_icount_kernel,$0x1
 mov_i64 k1,$0xffffffffffff0000

 ---- ffffffffbfc0061c 0000000000000000 0000000000000000
 add_i64 statcounters_icount_kernel,statcounters_icount_kernel,$0x1
 or_i64 k1,k1,$0xffff

 ---- ffffffffbfc00620 0000000000000000 0000000000000000
 add_i64 statcounters_icount_kernel,statcounters_icount_kernel,$0x1
 mov_i64 loc35,k1
 shl_i64 k1,loc35,$0x10

 ---- ffffffffbfc00624 0000000000000000 0000000000000000
 add_i64 statcounters_icount_kernel,statcounters_icount_kernel,$0x1
 or_i64 k1,k1,$0xbbe0

 ---- ffffffffbfc00628 0000000000000000 0000000000000000
 add_i64 statcounters_icount_kernel,statcounters_icount_kernel,$0x1
 mov_i64 loc36,k1
 shl_i64 k1,loc36,$0x10

 ---- ffffffffbfc0062c 0000000000000000 0000000000000000
 add_i64 statcounters_icount_kernel,statcounters_icount_kernel,$0x1
 or_i64 k1,k1,$0x60

 ---- ffffffffbfc00630 0000000000000000 0000000000000000
 add_i64 statcounters_icount_kernel,statcounters_icount_kernel,$0x1
 mov_i64 loc38,k1
 mov_i64 loc39,k0
 qemu_st_i64 loc39,loc38,beul,0
 call cheri_invalidate_tags,$0x0,$0,env,loc38,$0x120
 mov_i64 lladdr,$0x0

 ---- ffffffffbfc00634 0000000000000000 0000000000000000
 add_i64 statcounters_icount_kernel,statcounters_icount_kernel,$0x1
 mov_i64 k0,$0xffffffffc1000000

 ---- ffffffffbfc00638 0000000000000000 0000000000000000
 add_i64 statcounters_icount_kernel,statcounters_icount_kernel,$0x1

 ---- ffffffffbfc0063c 0000000000000000 0000000000000000
 add_i64 statcounters_icount_kernel,statcounters_icount_kernel,$0x1
 mov_i64 k1,$0xffffffffffff0000

 ---- ffffffffbfc00640 0000000000000000 0000000000000000
 add_i64 statcounters_icount_kernel,statcounters_icount_kernel,$0x1
 or_i64 k1,k1,$0xffff

 ---- ffffffffbfc00644 0000000000000000 0000000000000000
 add_i64 statcounters_icount_kernel,statcounters_icount_kernel,$0x1
 mov_i64 loc41,k1
 shl_i64 k1,loc41,$0x10

 ---- ffffffffbfc00648 0000000000000000 0000000000000000
 add_i64 statcounters_icount_kernel,statcounters_icount_kernel,$0x1
 or_i64 k1,k1,$0xbbe0

 ---- ffffffffbfc0064c 0000000000000000 0000000000000000
 add_i64 statcounters_icount_kernel,statcounters_icount_kernel,$0x1
 mov_i64 loc42,k1
 shl_i64 k1,loc42,$0x10

 ---- ffffffffbfc00650 0000000000000000 0000000000000000
 add_i64 statcounters_icount_kernel,statcounters_icount_kernel,$0x1
 or_i64 k1,k1,$0x80

 ---- ffffffffbfc00654 0000000000000000 0000000000000000
 add_i64 statcounters_icount_kernel,statcounters_icount_kernel,$0x1
 mov_i64 loc44,k1
 mov_i64 loc45,k0
 qemu_st_i64 loc45,loc44,beul,0
 call cheri_invalidate_tags,$0x0,$0,env,loc44,$0x120
 mov_i64 lladdr,$0x0

 ---- ffffffffbfc00658 0000000000000000 0000000000000000
 add_i64 statcounters_icount_kernel,statcounters_icount_kernel,$0x1
 mov_i64 k0,$0x5e000000

 ---- ffffffffbfc0065c 0000000000000000 0000000000000000
 add_i64 statcounters_icount_kernel,statcounters_icount_kernel,$0x1

 ---- ffffffffbfc00660 0000000000000000 0000000000000000
 add_i64 statcounters_icount_kernel,statcounters_icount_kernel,$0x1
 mov_i64 k1,$0xffffffffffff0000

 ---- ffffffffbfc00664 0000000000000000 0000000000000000
 add_i64 statcounters_icount_kernel,statcounters_icount_kernel,$0x1
 or_i64 k1,k1,$0xffff

 ---- ffffffffbfc00668 0000000000000000 0000000000000000
 add_i64 statcounters_icount_kernel,statcounters_icount_kernel,$0x1
 mov_i64 loc47,k1
 shl_i64 k1,loc47,$0x10

 ---- ffffffffbfc0066c 0000000000000000 0000000000000000
 add_i64 statcounters_icount_kernel,statcounters_icount_kernel,$0x1
 or_i64 k1,k1,$0xbbe0

 ---- ffffffffbfc00670 0000000000000000 0000000000000000
 add_i64 statcounters_icount_kernel,statcounters_icount_kernel,$0x1
 mov_i64 loc48,k1
 shl_i64 k1,loc48,$0x10

 ---- ffffffffbfc00674 0000000000000000 0000000000000000
 add_i64 statcounters_icount_kernel,statcounters_icount_kernel,$0x1
 or_i64 k1,k1,$0x88

 ---- ffffffffbfc00678 0000000000000000 0000000000000000
 add_i64 statcounters_icount_kernel,statcounters_icount_kernel,$0x1
 mov_i64 loc50,k1
 mov_i64 loc51,k0
 qemu_st_i64 loc51,loc50,beul,0
 call cheri_invalidate_tags,$0x0,$0,env,loc50,$0x120
 mov_i64 lladdr,$0x0

 ---- ffffffffbfc0067c 0000000000000000 0000000000000000
 add_i64 statcounters_icount_kernel,statcounters_icount_kernel,$0x1
 mov_i64 k0,$0x60500000

 ---- ffffffffbfc00680 0000000000000000 0000000000000000
 add_i64 statcounters_icount_kernel,statcounters_icount_kernel,$0x1
 or_i64 k0,k0,$0x80

 ---- ffffffffbfc00684 0000000000000000 0000000000000000
 add_i64 statcounters_icount_kernel,statcounters_icount_kernel,$0x1
 mov_i64 k1,$0xffffffffffff0000

 ---- ffffffffbfc00688 0000000000000000 0000000000000000
 add_i64 statcounters_icount_kernel,statcounters_icount_kernel,$0x1
 or_i64 k1,k1,$0xffff

 ---- ffffffffbfc0068c 0000000000000000 0000000000000000
 add_i64 statcounters_icount_kernel,statcounters_icount_kernel,$0x1
 mov_i64 loc53,k1
 shl_i64 k1,loc53,$0x10

 ---- ffffffffbfc00690 0000000000000000 0000000000000000
 add_i64 statcounters_icount_kernel,statcounters_icount_kernel,$0x1
 or_i64 k1,k1,$0xbbe0

 ---- ffffffffbfc00694 0000000000000000 0000000000000000
 add_i64 statcounters_icount_kernel,statcounters_icount_kernel,$0x1
 mov_i64 loc54,k1
 shl_i64 k1,loc54,$0x10

 ---- ffffffffbfc00698 0000000000000000 0000000000000000
 add_i64 statcounters_icount_kernel,statcounters_icount_kernel,$0x1
 or_i64 k1,k1,$0xcf8

 ---- ffffffffbfc0069c 0000000000000000 0000000000000000
 add_i64 statcounters_icount_kernel,statcounters_icount_kernel,$0x1
 mov_i64 loc56,k1
 mov_i64 loc57,k0
 qemu_st_i64 loc57,loc56,beul,0
 call cheri_invalidate_tags,$0x0,$0,env,loc56,$0x120
 mov_i64 lladdr,$0x0

 ---- ffffffffbfc006a0 0000000000000000 0000000000000000
 add_i64 statcounters_icount_kernel,statcounters_icount_kernel,$0x1
 mov_i64 k0,$0xb0b0000

 ---- ffffffffbfc006a4 0000000000000000 0000000000000000
 add_i64 statcounters_icount_kernel,statcounters_icount_kernel,$0x1
 or_i64 k0,k0,$0xa0a

 ---- ffffffffbfc006a8 0000000000000000 0000000000000000
 add_i64 statcounters_icount_kernel,statcounters_icount_kernel,$0x1
 mov_i64 k1,$0xffffffffffff0000

 ---- ffffffffbfc006ac 0000000000000000 0000000000000000
 add_i64 statcounters_icount_kernel,statcounters_icount_kernel,$0x1
 or_i64 k1,k1,$0xffff

 ---- ffffffffbfc006b0 0000000000000000 0000000000000000
 add_i64 statcounters_icount_kernel,statcounters_icount_kernel,$0x1
 mov_i64 loc60,k1
 shl_i64 k1,loc60,$0x10

 ---- ffffffffbfc006b4 0000000000000000 0000000000000000
 add_i64 statcounters_icount_kernel,statcounters_icount_kernel,$0x1
 or_i64 k1,k1,$0xbbe0

 ---- ffffffffbfc006b8 0000000000000000 0000000000000000
 add_i64 statcounters_icount_kernel,statcounters_icount_kernel,$0x1
 mov_i64 loc61,k1
 shl_i64 k1,loc61,$0x10

 ---- ffffffffbfc006bc 0000000000000000 0000000000000000
 add_i64 statcounters_icount_kernel,statcounters_icount_kernel,$0x1
 or_i64 k1,k1,$0xcfc

 ---- ffffffffbfc006c0 0000000000000000 0000000000000000
 add_i64 statcounters_icount_kernel,statcounters_icount_kernel,$0x1
 mov_i64 loc63,k1
 mov_i64 loc64,k0
 qemu_st_i64 loc64,loc63,beul,0
 call cheri_invalidate_tags,$0x0,$0,env,loc63,$0x120
 mov_i64 lladdr,$0x0

 ---- ffffffffbfc006c4 0000000000000000 0000000000000000
 add_i64 statcounters_icount_kernel,statcounters_icount_kernel,$0x1
 mov_i64 sp,$0xffffffffffff0000

 ---- ffffffffbfc006c8 0000000000000000 0000000000000000
 add_i64 statcounters_icount_kernel,statcounters_icount_kernel,$0x1
 or_i64 sp,sp,$0xffff

 ---- ffffffffbfc006cc 0000000000000000 0000000000000000
 add_i64 statcounters_icount_kernel,statcounters_icount_kernel,$0x1
 mov_i64 loc65,sp
 shl_i64 sp,loc65,$0x10

 ---- ffffffffbfc006d0 0000000000000000 0000000000000000
 add_i64 statcounters_icount_kernel,statcounters_icount_kernel,$0x1
 or_i64 sp,sp,$0x8000

 ---- ffffffffbfc006d4 0000000000000000 0000000000000000
 add_i64 statcounters_icount_kernel,statcounters_icount_kernel,$0x1
 mov_i64 loc67,sp
 shl_i64 sp,loc67,$0x10

 ---- ffffffffbfc006d8 0000000000000000 0000000000000000
 add_i64 statcounters_icount_kernel,statcounters_icount_kernel,$0x1
 or_i64 sp,sp,$0x1fc0

 ---- ffffffffbfc006dc 0000000000000000 0000000000000000
 add_i64 statcounters_icount_kernel,statcounters_icount_kernel,$0x1
 mov_i64 a0,$0x0

 ---- ffffffffbfc006e0 0000000000000000 0000000000000000
 add_i64 statcounters_icount_kernel,statcounters_icount_kernel,$0x1

 ---- ffffffffbfc006e4 0000000000000000 0000000000000000
 add_i64 statcounters_icount_kernel,statcounters_icount_kernel,$0x1
 mov_i64 loc69,a0
 shl_i64 a0,loc69,$0x10

 ---- ffffffffbfc006e8 0000000000000000 0000000000000000
 add_i64 statcounters_icount_kernel,statcounters_icount_kernel,$0x1

 ---- ffffffffbfc006ec 0000000000000000 0000000000000000
 add_i64 statcounters_icount_kernel,statcounters_icount_kernel,$0x1
 mov_i64 loc70,a0
 shl_i64 a0,loc70,$0x10

 ---- ffffffffbfc006f0 0000000000000000 0000000000000000
 add_i64 statcounters_icount_kernel,statcounters_icount_kernel,$0x1
 or_i64 a0,a0,$0x2

 ---- ffffffffbfc006f4 0000000000000000 0000000000000000
 add_i64 statcounters_icount_kernel,statcounters_icount_kernel,$0x1
 mov_i64 a1,$0xffffffffffff0000

 ---- ffffffffbfc006f8 0000000000000000 0000000000000000
 add_i64 statcounters_icount_kernel,statcounters_icount_kernel,$0x1
 or_i64 a1,a1,$0xffff

 ---- ffffffffbfc006fc 0000000000000000 0000000000000000
 add_i64 statcounters_icount_kernel,statcounters_icount_kernel,$0x1
 mov_i64 loc72,a1
 shl_i64 a1,loc72,$0x10

 ---- ffffffffbfc00700 0000000000000000 0000000000000000
 add_i64 statcounters_icount_kernel,statcounters_icount_kernel,$0x1
 or_i64 a1,a1,$0x8000

 ---- ffffffffbfc00704 0000000000000000 0000000000000000
 add_i64 statcounters_icount_kernel,statcounters_icount_kernel,$0x1
 mov_i64 loc73,a1
 shl_i64 a1,loc73,$0x10

 ---- ffffffffbfc00708 0000000000000000 0000000000000000
 add_i64 statcounters_icount_kernel,statcounters_icount_kernel,$0x1
 or_i64 a1,a1,$0x2000

 ---- ffffffffbfc0070c 0000000000000000 0000000000000000
 add_i64 statcounters_icount_kernel,statcounters_icount_kernel,$0x1
 mov_i64 a2,$0xffffffffffff0000

 ---- ffffffffbfc00710 0000000000000000 0000000000000000
 add_i64 statcounters_icount_kernel,statcounters_icount_kernel,$0x1
 or_i64 a2,a2,$0xffff

 ---- ffffffffbfc00714 0000000000000000 0000000000000000
 add_i64 statcounters_icount_kernel,statcounters_icount_kernel,$0x1
 mov_i64 loc75,a2
 shl_i64 a2,loc75,$0x10

 ---- ffffffffbfc00718 0000000000000000 0000000000000000
 add_i64 statcounters_icount_kernel,statcounters_icount_kernel,$0x1
 or_i64 a2,a2,$0x8000

 ---- ffffffffbfc0071c 0000000000000000 0000000000000000
 add_i64 statcounters_icount_kernel,statcounters_icount_kernel,$0x1
 mov_i64 loc76,a2
 shl_i64 a2,loc76,$0x10

 ---- ffffffffbfc00720 0000000000000000 0000000000000000
 add_i64 statcounters_icount_kernel,statcounters_icount_kernel,$0x1
 or_i64 a2,a2,$0x2008

 ---- ffffffffbfc00724 0000000000000000 0000000000000000
 add_i64 statcounters_icount_kernel,statcounters_icount_kernel,$0x1
 mov_i64 a3,$0x0

 ---- ffffffffbfc00728 0000000000000000 0000000000000000
 add_i64 statcounters_icount_kernel,statcounters_icount_kernel,$0x1

 ---- ffffffffbfc0072c 0000000000000000 0000000000000000
 add_i64 statcounters_icount_kernel,statcounters_icount_kernel,$0x1
 mov_i64 loc78,a3
 shl_i64 a3,loc78,$0x10

 ---- ffffffffbfc00730 0000000000000000 0000000000000000
 add_i64 statcounters_icount_kernel,statcounters_icount_kernel,$0x1
 or_i64 a3,a3,$0x1000

 ---- ffffffffbfc00734 0000000000000000 0000000000000000
 add_i64 statcounters_icount_kernel,statcounters_icount_kernel,$0x1
 mov_i64 loc80,a3
 shl_i64 a3,loc80,$0x10

 ---- ffffffffbfc00738 0000000000000000 0000000000000000
 add_i64 statcounters_icount_kernel,statcounters_icount_kernel,$0x1

 ---- ffffffffbfc0073c 0000000000000000 0000000000000000
 add_i64 statcounters_icount_kernel,statcounters_icount_kernel,$0x1
 mov_i64 t9,$0xffffffff90000000

 ---- ffffffffbfc00740 0000000000000000 0000000000000000
 add_i64 statcounters_icount_kernel,statcounters_icount_kernel,$0x1

 ---- ffffffffbfc00744 0000000000000000 0000000000000000
 add_i64 statcounters_icount_kernel,statcounters_icount_kernel,$0x1
 mov_i64 loc82,t9
 shl_i64 t9,loc82,$0x10

 ---- ffffffffbfc00748 0000000000000000 0000000000000000
 add_i64 statcounters_icount_kernel,statcounters_icount_kernel,$0x1
 or_i64 t9,t9,$0x10

 ---- ffffffffbfc0074c 0000000000000000 0000000000000000
 add_i64 statcounters_icount_kernel,statcounters_icount_kernel,$0x1
 mov_i64 loc83,t9
 shl_i64 t9,loc83,$0x10

 ---- ffffffffbfc00750 0000000000000000 0000000000000000
 add_i64 statcounters_icount_kernel,statcounters_icount_kernel,$0x1
 or_i64 t9,t9,$0x2000

 ---- ffffffffbfc00754 0000000000000000 0000000000000000
 add_i64 statcounters_icount_kernel,statcounters_icount_kernel,$0x1
 mov_i64 btarget,t9
 mov_i64 ra,$0xffffffffbfc0075c

 ---- ffffffffbfc00758 0000000000012000 ffffffffffffffff
 add_i64 statcounters_icount_kernel,statcounters_icount_kernel,$0x1
 mov_i64 PC,btarget
 call lookup_tb_ptr,$0x6,$1,tmp87,env
 goto_ptr tmp87
 set_label $L0
 exit_tb $0x7f07d4000183

OP after optimization and liveness analysis:
 ld_i32 tmp0,env,$0xffffffffffffffe0      pref=0xffff
 brcond_i32 tmp0,$0x0,lt,$L0              dead: 0 1

 ---- ffffffffbfc00580 0000000000000000 0000000000000000
 add_i64 statcounters_icount_kernel,statcounters_icount_kernel,$0x1  dead: 1  pref=0xffff
 mov_i64 k0,$0xffffffffdf000000           sync: 0  dead: 0  pref=0xffff

 ---- ffffffffbfc00584 0000000000000000 0000000000000000
 add_i64 statcounters_icount_kernel,statcounters_icount_kernel,$0x1  dead: 1  pref=0xffff

 ---- ffffffffbfc00588 0000000000000000 0000000000000000
 add_i64 statcounters_icount_kernel,statcounters_icount_kernel,$0x1  dead: 1  pref=0xffff

 ---- ffffffffbfc0058c 0000000000000000 0000000000000000
 add_i64 statcounters_icount_kernel,statcounters_icount_kernel,$0x1  dead: 1  pref=0xffff

 ---- ffffffffbfc00590 0000000000000000 0000000000000000
 add_i64 statcounters_icount_kernel,statcounters_icount_kernel,$0x1  dead: 1  pref=0xffff

 ---- ffffffffbfc00594 0000000000000000 0000000000000000
 add_i64 statcounters_icount_kernel,statcounters_icount_kernel,$0x1  dead: 1  pref=0xffff

 ---- ffffffffbfc00598 0000000000000000 0000000000000000
 add_i64 statcounters_icount_kernel,statcounters_icount_kernel,$0x1  dead: 1  pref=0xffff

 ---- ffffffffbfc0059c 0000000000000000 0000000000000000
 add_i64 statcounters_icount_kernel,statcounters_icount_kernel,$0x1  dead: 1  pref=0xffff
 mov_i64 k1,$0xffffffffb4000068           sync: 0  dead: 0  pref=0xffff

 ---- ffffffffbfc005a0 0000000000000000 0000000000000000
 add_i64 statcounters_icount_kernel,statcounters_icount_kernel,$0x1  sync: 0  dead: 0 1  pref=0xffff
 qemu_st_i64 $0xffffffffdf000000,$0xffffffffb4000068,beul,0  dead: 0
 call cheri_invalidate_tags,$0x0,$0,env,$0xffffffffb4000068,$0x120  dead: 0 1
 mov_i64 lladdr,$0x0                      sync: 0  dead: 0  pref=0xffff

 ---- ffffffffbfc005a4 0000000000000000 0000000000000000
 add_i64 statcounters_icount_kernel,statcounters_icount_kernel,$0x1  dead: 1  pref=0xffff
 mov_i64 k0,$0xffffffffc0000000           sync: 0  dead: 0  pref=0xffff

 ---- ffffffffbfc005a8 0000000000000000 0000000000000000
 add_i64 statcounters_icount_kernel,statcounters_icount_kernel,$0x1  dead: 1  pref=0xffff

 ---- ffffffffbfc005ac 0000000000000000 0000000000000000
 add_i64 statcounters_icount_kernel,statcounters_icount_kernel,$0x1  dead: 1  pref=0xffff

 ---- ffffffffbfc005b0 0000000000000000 0000000000000000
 add_i64 statcounters_icount_kernel,statcounters_icount_kernel,$0x1  dead: 1  pref=0xffff

 ---- ffffffffbfc005b4 0000000000000000 0000000000000000
 add_i64 statcounters_icount_kernel,statcounters_icount_kernel,$0x1  dead: 1  pref=0xffff

 ---- ffffffffbfc005b8 0000000000000000 0000000000000000
 add_i64 statcounters_icount_kernel,statcounters_icount_kernel,$0x1  dead: 1  pref=0xffff

 ---- ffffffffbfc005bc 0000000000000000 0000000000000000
 add_i64 statcounters_icount_kernel,statcounters_icount_kernel,$0x1  dead: 1  pref=0xffff

 ---- ffffffffbfc005c0 0000000000000000 0000000000000000
 add_i64 statcounters_icount_kernel,statcounters_icount_kernel,$0x1  dead: 1  pref=0xffff
 mov_i64 k1,$0xffffffffbbe00048           sync: 0  dead: 0  pref=0xffff

 ---- ffffffffbfc005c4 0000000000000000 0000000000000000
 add_i64 statcounters_icount_kernel,statcounters_icount_kernel,$0x1  sync: 0  dead: 0 1  pref=0xffff
 qemu_st_i64 $0xffffffffc0000000,$0xffffffffbbe00048,beul,0  dead: 0
 call cheri_invalidate_tags,$0x0,$0,env,$0xffffffffbbe00048,$0x120  dead: 0 1
 mov_i64 lladdr,$0x0                      sync: 0  dead: 0  pref=0xffff

 ---- ffffffffbfc005c8 0000000000000000 0000000000000000
 add_i64 statcounters_icount_kernel,statcounters_icount_kernel,$0x1  dead: 1  pref=0xffff
 mov_i64 k0,$0x40000000                   sync: 0  dead: 0  pref=0xffff

 ---- ffffffffbfc005cc 0000000000000000 0000000000000000
 add_i64 statcounters_icount_kernel,statcounters_icount_kernel,$0x1  dead: 1  pref=0xffff

 ---- ffffffffbfc005d0 0000000000000000 0000000000000000
 add_i64 statcounters_icount_kernel,statcounters_icount_kernel,$0x1  dead: 1  pref=0xffff

 ---- ffffffffbfc005d4 0000000000000000 0000000000000000
 add_i64 statcounters_icount_kernel,statcounters_icount_kernel,$0x1  dead: 1  pref=0xffff

 ---- ffffffffbfc005d8 0000000000000000 0000000000000000
 add_i64 statcounters_icount_kernel,statcounters_icount_kernel,$0x1  dead: 1  pref=0xffff

 ---- ffffffffbfc005dc 0000000000000000 0000000000000000
 add_i64 statcounters_icount_kernel,statcounters_icount_kernel,$0x1  dead: 1  pref=0xffff

 ---- ffffffffbfc005e0 0000000000000000 0000000000000000
 add_i64 statcounters_icount_kernel,statcounters_icount_kernel,$0x1  dead: 1  pref=0xffff

 ---- ffffffffbfc005e4 0000000000000000 0000000000000000
 add_i64 statcounters_icount_kernel,statcounters_icount_kernel,$0x1  dead: 1  pref=0xffff
 mov_i64 k1,$0xffffffffbbe00050           sync: 0  dead: 0  pref=0xffff

 ---- ffffffffbfc005e8 0000000000000000 0000000000000000
 add_i64 statcounters_icount_kernel,statcounters_icount_kernel,$0x1  sync: 0  dead: 0 1  pref=0xffff
 qemu_st_i64 $0x40000000,$0xffffffffbbe00050,beul,0  dead: 0
 call cheri_invalidate_tags,$0x0,$0,env,$0xffffffffbbe00050,$0x120  dead: 0 1
 mov_i64 lladdr,$0x0                      sync: 0  dead: 0  pref=0xffff

 ---- ffffffffbfc005ec 0000000000000000 0000000000000000
 add_i64 statcounters_icount_kernel,statcounters_icount_kernel,$0x1  dead: 1  pref=0xffff
 mov_i64 k0,$0xffffffff80000000           sync: 0  dead: 0  pref=0xffff

 ---- ffffffffbfc005f0 0000000000000000 0000000000000000
 add_i64 statcounters_icount_kernel,statcounters_icount_kernel,$0x1  dead: 1  pref=0xffff

 ---- ffffffffbfc005f4 0000000000000000 0000000000000000
 add_i64 statcounters_icount_kernel,statcounters_icount_kernel,$0x1  dead: 1  pref=0xffff

 ---- ffffffffbfc005f8 0000000000000000 0000000000000000
 add_i64 statcounters_icount_kernel,statcounters_icount_kernel,$0x1  dead: 1  pref=0xffff

 ---- ffffffffbfc005fc 0000000000000000 0000000000000000
 add_i64 statcounters_icount_kernel,statcounters_icount_kernel,$0x1  dead: 1  pref=0xffff

 ---- ffffffffbfc00600 0000000000000000 0000000000000000
 add_i64 statcounters_icount_kernel,statcounters_icount_kernel,$0x1  dead: 1  pref=0xffff

 ---- ffffffffbfc00604 0000000000000000 0000000000000000
 add_i64 statcounters_icount_kernel,statcounters_icount_kernel,$0x1  dead: 1  pref=0xffff

 ---- ffffffffbfc00608 0000000000000000 0000000000000000
 add_i64 statcounters_icount_kernel,statcounters_icount_kernel,$0x1  dead: 1  pref=0xffff
 mov_i64 k1,$0xffffffffbbe00058           sync: 0  dead: 0  pref=0xffff

 ---- ffffffffbfc0060c 0000000000000000 0000000000000000
 add_i64 statcounters_icount_kernel,statcounters_icount_kernel,$0x1  sync: 0  dead: 0 1  pref=0xffff
 qemu_st_i64 $0xffffffff80000000,$0xffffffffbbe00058,beul,0  dead: 0
 call cheri_invalidate_tags,$0x0,$0,env,$0xffffffffbbe00058,$0x120  dead: 0 1
 mov_i64 lladdr,$0x0                      sync: 0  dead: 0  pref=0xffff

 ---- ffffffffbfc00610 0000000000000000 0000000000000000
 add_i64 statcounters_icount_kernel,statcounters_icount_kernel,$0x1  dead: 1  pref=0xffff
 mov_i64 k0,$0x3f000000                   sync: 0  dead: 0  pref=0xffff

 ---- ffffffffbfc00614 0000000000000000 0000000000000000
 add_i64 statcounters_icount_kernel,statcounters_icount_kernel,$0x1  dead: 1  pref=0xffff

 ---- ffffffffbfc00618 0000000000000000 0000000000000000
 add_i64 statcounters_icount_kernel,statcounters_icount_kernel,$0x1  dead: 1  pref=0xffff

 ---- ffffffffbfc0061c 0000000000000000 0000000000000000
 add_i64 statcounters_icount_kernel,statcounters_icount_kernel,$0x1  dead: 1  pref=0xffff

 ---- ffffffffbfc00620 0000000000000000 0000000000000000
 add_i64 statcounters_icount_kernel,statcounters_icount_kernel,$0x1  dead: 1  pref=0xffff

 ---- ffffffffbfc00624 0000000000000000 0000000000000000
 add_i64 statcounters_icount_kernel,statcounters_icount_kernel,$0x1  dead: 1  pref=0xffff

 ---- ffffffffbfc00628 0000000000000000 0000000000000000
 add_i64 statcounters_icount_kernel,statcounters_icount_kernel,$0x1  dead: 1  pref=0xffff

 ---- ffffffffbfc0062c 0000000000000000 0000000000000000
 add_i64 statcounters_icount_kernel,statcounters_icount_kernel,$0x1  dead: 1  pref=0xffff
 mov_i64 k1,$0xffffffffbbe00060           sync: 0  dead: 0  pref=0xffff

 ---- ffffffffbfc00630 0000000000000000 0000000000000000
 add_i64 statcounters_icount_kernel,statcounters_icount_kernel,$0x1  sync: 0  dead: 0 1  pref=0xffff
 qemu_st_i64 $0x3f000000,$0xffffffffbbe00060,beul,0  dead: 0
 call cheri_invalidate_tags,$0x0,$0,env,$0xffffffffbbe00060,$0x120  dead: 0 1
 mov_i64 lladdr,$0x0                      sync: 0  dead: 0  pref=0xffff

 ---- ffffffffbfc00634 0000000000000000 0000000000000000
 add_i64 statcounters_icount_kernel,statcounters_icount_kernel,$0x1  dead: 1  pref=0xffff
 mov_i64 k0,$0xffffffffc1000000           sync: 0  dead: 0  pref=0xffff

 ---- ffffffffbfc00638 0000000000000000 0000000000000000
 add_i64 statcounters_icount_kernel,statcounters_icount_kernel,$0x1  dead: 1  pref=0xffff

 ---- ffffffffbfc0063c 0000000000000000 0000000000000000
 add_i64 statcounters_icount_kernel,statcounters_icount_kernel,$0x1  dead: 1  pref=0xffff

 ---- ffffffffbfc00640 0000000000000000 0000000000000000
 add_i64 statcounters_icount_kernel,statcounters_icount_kernel,$0x1  dead: 1  pref=0xffff

 ---- ffffffffbfc00644 0000000000000000 0000000000000000
 add_i64 statcounters_icount_kernel,statcounters_icount_kernel,$0x1  dead: 1  pref=0xffff

 ---- ffffffffbfc00648 0000000000000000 0000000000000000
 add_i64 statcounters_icount_kernel,statcounters_icount_kernel,$0x1  dead: 1  pref=0xffff

 ---- ffffffffbfc0064c 0000000000000000 0000000000000000
 add_i64 statcounters_icount_kernel,statcounters_icount_kernel,$0x1  dead: 1  pref=0xffff

 ---- ffffffffbfc00650 0000000000000000 0000000000000000
 add_i64 statcounters_icount_kernel,statcounters_icount_kernel,$0x1  dead: 1  pref=0xffff
 mov_i64 k1,$0xffffffffbbe00080           sync: 0  dead: 0  pref=0xffff

 ---- ffffffffbfc00654 0000000000000000 0000000000000000
 add_i64 statcounters_icount_kernel,statcounters_icount_kernel,$0x1  sync: 0  dead: 0 1  pref=0xffff
 qemu_st_i64 $0xffffffffc1000000,$0xffffffffbbe00080,beul,0  dead: 0
 call cheri_invalidate_tags,$0x0,$0,env,$0xffffffffbbe00080,$0x120  dead: 0 1
 mov_i64 lladdr,$0x0                      sync: 0  dead: 0  pref=0xffff

 ---- ffffffffbfc00658 0000000000000000 0000000000000000
 add_i64 statcounters_icount_kernel,statcounters_icount_kernel,$0x1  dead: 1  pref=0xffff
 mov_i64 k0,$0x5e000000                   sync: 0  dead: 0  pref=0xffff

 ---- ffffffffbfc0065c 0000000000000000 0000000000000000
 add_i64 statcounters_icount_kernel,statcounters_icount_kernel,$0x1  dead: 1  pref=0xffff

 ---- ffffffffbfc00660 0000000000000000 0000000000000000
 add_i64 statcounters_icount_kernel,statcounters_icount_kernel,$0x1  dead: 1  pref=0xffff

 ---- ffffffffbfc00664 0000000000000000 0000000000000000
 add_i64 statcounters_icount_kernel,statcounters_icount_kernel,$0x1  dead: 1  pref=0xffff

 ---- ffffffffbfc00668 0000000000000000 0000000000000000
 add_i64 statcounters_icount_kernel,statcounters_icount_kernel,$0x1  dead: 1  pref=0xffff

 ---- ffffffffbfc0066c 0000000000000000 0000000000000000
 add_i64 statcounters_icount_kernel,statcounters_icount_kernel,$0x1  dead: 1  pref=0xffff

 ---- ffffffffbfc00670 0000000000000000 0000000000000000
 add_i64 statcounters_icount_kernel,statcounters_icount_kernel,$0x1  dead: 1  pref=0xffff

 ---- ffffffffbfc00674 0000000000000000 0000000000000000
 add_i64 statcounters_icount_kernel,statcounters_icount_kernel,$0x1  dead: 1  pref=0xffff
 mov_i64 k1,$0xffffffffbbe00088           sync: 0  dead: 0  pref=0xffff

 ---- ffffffffbfc00678 0000000000000000 0000000000000000
 add_i64 statcounters_icount_kernel,statcounters_icount_kernel,$0x1  sync: 0  dead: 0 1  pref=0xffff
 qemu_st_i64 $0x5e000000,$0xffffffffbbe00088,beul,0  dead: 0
 call cheri_invalidate_tags,$0x0,$0,env,$0xffffffffbbe00088,$0x120  dead: 0 1
 mov_i64 lladdr,$0x0                      sync: 0  dead: 0  pref=0xffff

 ---- ffffffffbfc0067c 0000000000000000 0000000000000000
 add_i64 statcounters_icount_kernel,statcounters_icount_kernel,$0x1  dead: 1  pref=0xffff

 ---- ffffffffbfc00680 0000000000000000 0000000000000000
 add_i64 statcounters_icount_kernel,statcounters_icount_kernel,$0x1  dead: 1  pref=0xffff
 mov_i64 k0,$0x60500080                   sync: 0  dead: 0  pref=0xffff

 ---- ffffffffbfc00684 0000000000000000 0000000000000000
 add_i64 statcounters_icount_kernel,statcounters_icount_kernel,$0x1  dead: 1  pref=0xffff

 ---- ffffffffbfc00688 0000000000000000 0000000000000000
 add_i64 statcounters_icount_kernel,statcounters_icount_kernel,$0x1  dead: 1  pref=0xffff

 ---- ffffffffbfc0068c 0000000000000000 0000000000000000
 add_i64 statcounters_icount_kernel,statcounters_icount_kernel,$0x1  dead: 1  pref=0xffff

 ---- ffffffffbfc00690 0000000000000000 0000000000000000
 add_i64 statcounters_icount_kernel,statcounters_icount_kernel,$0x1  dead: 1  pref=0xffff

 ---- ffffffffbfc00694 0000000000000000 0000000000000000
 add_i64 statcounters_icount_kernel,statcounters_icount_kernel,$0x1  dead: 1  pref=0xffff

 ---- ffffffffbfc00698 0000000000000000 0000000000000000
 add_i64 statcounters_icount_kernel,statcounters_icount_kernel,$0x1  dead: 1  pref=0xffff
 mov_i64 k1,$0xffffffffbbe00cf8           sync: 0  dead: 0  pref=0xffff

 ---- ffffffffbfc0069c 0000000000000000 0000000000000000
 add_i64 statcounters_icount_kernel,statcounters_icount_kernel,$0x1  sync: 0  dead: 0 1  pref=0xffff
 qemu_st_i64 $0x60500080,$0xffffffffbbe00cf8,beul,0  dead: 0
 call cheri_invalidate_tags,$0x0,$0,env,$0xffffffffbbe00cf8,$0x120  dead: 0 1
 mov_i64 lladdr,$0x0                      sync: 0  dead: 0  pref=0xffff

 ---- ffffffffbfc006a0 0000000000000000 0000000000000000
 add_i64 statcounters_icount_kernel,statcounters_icount_kernel,$0x1  dead: 1  pref=0xffff

 ---- ffffffffbfc006a4 0000000000000000 0000000000000000
 add_i64 statcounters_icount_kernel,statcounters_icount_kernel,$0x1  dead: 1  pref=0xffff
 mov_i64 k0,$0xb0b0a0a                    sync: 0  dead: 0  pref=0xffff

 ---- ffffffffbfc006a8 0000000000000000 0000000000000000
 add_i64 statcounters_icount_kernel,statcounters_icount_kernel,$0x1  dead: 1  pref=0xffff

 ---- ffffffffbfc006ac 0000000000000000 0000000000000000
 add_i64 statcounters_icount_kernel,statcounters_icount_kernel,$0x1  dead: 1  pref=0xffff

 ---- ffffffffbfc006b0 0000000000000000 0000000000000000
 add_i64 statcounters_icount_kernel,statcounters_icount_kernel,$0x1  dead: 1  pref=0xffff

 ---- ffffffffbfc006b4 0000000000000000 0000000000000000
 add_i64 statcounters_icount_kernel,statcounters_icount_kernel,$0x1  dead: 1  pref=0xffff

 ---- ffffffffbfc006b8 0000000000000000 0000000000000000
 add_i64 statcounters_icount_kernel,statcounters_icount_kernel,$0x1  dead: 1  pref=0xffff

 ---- ffffffffbfc006bc 0000000000000000 0000000000000000
 add_i64 statcounters_icount_kernel,statcounters_icount_kernel,$0x1  dead: 1  pref=0xffff
 mov_i64 k1,$0xffffffffbbe00cfc           sync: 0  dead: 0  pref=0xffff

 ---- ffffffffbfc006c0 0000000000000000 0000000000000000
 add_i64 statcounters_icount_kernel,statcounters_icount_kernel,$0x1  sync: 0  dead: 0 1  pref=0xffff
 qemu_st_i64 $0xb0b0a0a,$0xffffffffbbe00cfc,beul,0  dead: 0
 call cheri_invalidate_tags,$0x0,$0,env,$0xffffffffbbe00cfc,$0x120  dead: 0 1 2
 mov_i64 lladdr,$0x0                      sync: 0  dead: 0 1  pref=0xffff

 ---- ffffffffbfc006c4 0000000000000000 0000000000000000
 add_i64 statcounters_icount_kernel,statcounters_icount_kernel,$0x1  dead: 1  pref=0xffff

 ---- ffffffffbfc006c8 0000000000000000 0000000000000000
 add_i64 statcounters_icount_kernel,statcounters_icount_kernel,$0x1  dead: 1  pref=0xffff

 ---- ffffffffbfc006cc 0000000000000000 0000000000000000
 add_i64 statcounters_icount_kernel,statcounters_icount_kernel,$0x1  dead: 1  pref=0xffff

 ---- ffffffffbfc006d0 0000000000000000 0000000000000000
 add_i64 statcounters_icount_kernel,statcounters_icount_kernel,$0x1  dead: 1  pref=0xffff

 ---- ffffffffbfc006d4 0000000000000000 0000000000000000
 add_i64 statcounters_icount_kernel,statcounters_icount_kernel,$0x1  dead: 1  pref=0xffff

 ---- ffffffffbfc006d8 0000000000000000 0000000000000000
 add_i64 statcounters_icount_kernel,statcounters_icount_kernel,$0x1  dead: 1  pref=0xffff
 mov_i64 sp,$0xffffffff80001fc0           sync: 0  dead: 0 1  pref=0xffff

 ---- ffffffffbfc006dc 0000000000000000 0000000000000000
 add_i64 statcounters_icount_kernel,statcounters_icount_kernel,$0x1  dead: 1  pref=0xffff

 ---- ffffffffbfc006e0 0000000000000000 0000000000000000
 add_i64 statcounters_icount_kernel,statcounters_icount_kernel,$0x1  dead: 1  pref=0xffff

 ---- ffffffffbfc006e4 0000000000000000 0000000000000000
 add_i64 statcounters_icount_kernel,statcounters_icount_kernel,$0x1  dead: 1  pref=0xffff

 ---- ffffffffbfc006e8 0000000000000000 0000000000000000
 add_i64 statcounters_icount_kernel,statcounters_icount_kernel,$0x1  dead: 1  pref=0xffff

 ---- ffffffffbfc006ec 0000000000000000 0000000000000000
 add_i64 statcounters_icount_kernel,statcounters_icount_kernel,$0x1  dead: 1  pref=0xffff

 ---- ffffffffbfc006f0 0000000000000000 0000000000000000
 add_i64 statcounters_icount_kernel,statcounters_icount_kernel,$0x1  dead: 1  pref=0xffff
 mov_i64 a0,$0x2                          sync: 0  dead: 0 1  pref=0xffff

 ---- ffffffffbfc006f4 0000000000000000 0000000000000000
 add_i64 statcounters_icount_kernel,statcounters_icount_kernel,$0x1  dead: 1  pref=0xffff

 ---- ffffffffbfc006f8 0000000000000000 0000000000000000
 add_i64 statcounters_icount_kernel,statcounters_icount_kernel,$0x1  dead: 1  pref=0xffff

 ---- ffffffffbfc006fc 0000000000000000 0000000000000000
 add_i64 statcounters_icount_kernel,statcounters_icount_kernel,$0x1  dead: 1  pref=0xffff

 ---- ffffffffbfc00700 0000000000000000 0000000000000000
 add_i64 statcounters_icount_kernel,statcounters_icount_kernel,$0x1  dead: 1  pref=0xffff

 ---- ffffffffbfc00704 0000000000000000 0000000000000000
 add_i64 statcounters_icount_kernel,statcounters_icount_kernel,$0x1  dead: 1  pref=0xffff

 ---- ffffffffbfc00708 0000000000000000 0000000000000000
 add_i64 statcounters_icount_kernel,statcounters_icount_kernel,$0x1  dead: 1  pref=0xffff
 mov_i64 a1,$0xffffffff80002000           sync: 0  dead: 0 1  pref=0xffff

 ---- ffffffffbfc0070c 0000000000000000 0000000000000000
 add_i64 statcounters_icount_kernel,statcounters_icount_kernel,$0x1  dead: 1  pref=0xffff

 ---- ffffffffbfc00710 0000000000000000 0000000000000000
 add_i64 statcounters_icount_kernel,statcounters_icount_kernel,$0x1  dead: 1  pref=0xffff

 ---- ffffffffbfc00714 0000000000000000 0000000000000000
 add_i64 statcounters_icount_kernel,statcounters_icount_kernel,$0x1  dead: 1  pref=0xffff

 ---- ffffffffbfc00718 0000000000000000 0000000000000000
 add_i64 statcounters_icount_kernel,statcounters_icount_kernel,$0x1  dead: 1  pref=0xffff

 ---- ffffffffbfc0071c 0000000000000000 0000000000000000
 add_i64 statcounters_icount_kernel,statcounters_icount_kernel,$0x1  dead: 1  pref=0xffff

 ---- ffffffffbfc00720 0000000000000000 0000000000000000
 add_i64 statcounters_icount_kernel,statcounters_icount_kernel,$0x1  dead: 1  pref=0xffff
 mov_i64 a2,$0xffffffff80002008           sync: 0  dead: 0 1  pref=0xffff

 ---- ffffffffbfc00724 0000000000000000 0000000000000000
 add_i64 statcounters_icount_kernel,statcounters_icount_kernel,$0x1  dead: 1  pref=0xffff

 ---- ffffffffbfc00728 0000000000000000 0000000000000000
 add_i64 statcounters_icount_kernel,statcounters_icount_kernel,$0x1  dead: 1  pref=0xffff

 ---- ffffffffbfc0072c 0000000000000000 0000000000000000
 add_i64 statcounters_icount_kernel,statcounters_icount_kernel,$0x1  dead: 1  pref=0xffff

 ---- ffffffffbfc00730 0000000000000000 0000000000000000
 add_i64 statcounters_icount_kernel,statcounters_icount_kernel,$0x1  dead: 1  pref=0xffff

 ---- ffffffffbfc00734 0000000000000000 0000000000000000
 add_i64 statcounters_icount_kernel,statcounters_icount_kernel,$0x1  dead: 1  pref=0xffff
 mov_i64 a3,$0x10000000                   sync: 0  dead: 0 1  pref=0xffff

 ---- ffffffffbfc00738 0000000000000000 0000000000000000
 add_i64 statcounters_icount_kernel,statcounters_icount_kernel,$0x1  dead: 1  pref=0xffff

 ---- ffffffffbfc0073c 0000000000000000 0000000000000000
 add_i64 statcounters_icount_kernel,statcounters_icount_kernel,$0x1  dead: 1  pref=0xffff

 ---- ffffffffbfc00740 0000000000000000 0000000000000000
 add_i64 statcounters_icount_kernel,statcounters_icount_kernel,$0x1  dead: 1  pref=0xffff

 ---- ffffffffbfc00744 0000000000000000 0000000000000000
 add_i64 statcounters_icount_kernel,statcounters_icount_kernel,$0x1  dead: 1  pref=0xffff

 ---- ffffffffbfc00748 0000000000000000 0000000000000000
 add_i64 statcounters_icount_kernel,statcounters_icount_kernel,$0x1  dead: 1  pref=0xffff

 ---- ffffffffbfc0074c 0000000000000000 0000000000000000
 add_i64 statcounters_icount_kernel,statcounters_icount_kernel,$0x1  dead: 1  pref=0xffff

 ---- ffffffffbfc00750 0000000000000000 0000000000000000
 add_i64 statcounters_icount_kernel,statcounters_icount_kernel,$0x1  dead: 1  pref=0xffff
 mov_i64 t9,$0x9000000000102000           sync: 0  dead: 0  pref=0xffff

 ---- ffffffffbfc00754 0000000000000000 0000000000000000
 add_i64 statcounters_icount_kernel,statcounters_icount_kernel,$0x1  dead: 1  pref=0xffff
 mov_i64 btarget,$0x9000000000102000      sync: 0  dead: 0  pref=0xffff
 mov_i64 ra,$0xffffffffbfc0075c           sync: 0  dead: 0 1  pref=0xffff

 ---- ffffffffbfc00758 0000000000012000 ffffffffffffffff
 add_i64 statcounters_icount_kernel,statcounters_icount_kernel,$0x1  sync: 0  dead: 0 1 2  pref=0xffff
 mov_i64 PC,$0x9000000000102000           sync: 0  dead: 0 1  pref=0xffff
 call lookup_tb_ptr,$0x6,$1,tmp87,env     dead: 1  pref=none
 goto_ptr tmp87                           dead: 0
 set_label $L0                          
 exit_tb $0x7f07d4000183                

pc=0xffffffffbfc00580 HI=0x0000000000000000 LO=0x0000000000000000 ds 4000098 0000000000000000 0
GPR00: r0 0000000000000000 at 0000000000000000 v0 0000000000000000 v1 0000000000000000
GPR04: a0 0000000000000000 a1 0000000000000000 a2 0000000000000000 a3 0000000000000000
GPR08: t0 0000000000000000 t1 0000000000000000 t2 0000000000000000 t3 0000000000000000
GPR12: t4 0000000000000000 t5 0000000000000000 t6 0000000000000000 t7 0000000000000000
GPR16: s0 0000000000000000 s1 0000000000000000 s2 0000000000000000 s3 0000000000000000
GPR20: s4 0000000000000000 s5 0000000000000000 s6 0000000000000000 s7 0000000000000000
GPR24: t8 0000000000000000 t9 0000000000000000 k0 0000000000000000 k1 0000000000000000
GPR28: gp 0000000000000000 sp 0000000000000000 s8 0000000000000000 ra 0000000000000000
CP0 Status  0x00400080 Cause   0x00000000 EPC    0x0000000000000000
    Config0 0x8000c082 Config1 0xbe6130db LLAddr 0x0000000000000000
    Config2 0x80000000 Config3 0x0c002084
    Config4 0x00000000 Config5 0x00000000
OP:
 ld_i32 loc0,env,$0xffffffffffffffe0
 brcond_i32 loc0,$0x0,lt,$L0

 ---- 9000000000102000 0000000000000000 0000000000000000
 add_i64 statcounters_icount_kernel,statcounters_icount_kernel,$0x1
 ld_i32 loc3,env,$0x10f0
 ext_i32_i64 t4,loc3

 ---- 9000000000102004 0000000000000000 0000000000000000
 add_i64 statcounters_icount_kernel,statcounters_icount_kernel,$0x1
 or_i64 t4,t4,$0x7

 ---- 9000000000102008 0000000000000000 0000000000000000
 add_i64 statcounters_icount_kernel,statcounters_icount_kernel,$0x1
 xor_i64 t4,t4,$0x4

 ---- 900000000010200c 0000000000000000 0000000000000000
 add_i64 statcounters_icount_kernel,statcounters_icount_kernel,$0x1
 mov_i64 loc6,t4
 call mtc0_config0,$0x0,$0,env,loc6
 mov_i64 PC,$0x9000000000102010
 call lookup_tb_ptr,$0x6,$1,tmp8,env
 goto_ptr tmp8
 set_label $L0
 exit_tb $0x7f07d4000b83

OP after optimization and liveness analysis:
 ld_i32 tmp0,env,$0xffffffffffffffe0      pref=0xffff
 brcond_i32 tmp0,$0x0,lt,$L0              dead: 0 1

 ---- 9000000000102000 0000000000000000 0000000000000000
 add_i64 statcounters_icount_kernel,statcounters_icount_kernel,$0x1  dead: 1  pref=0xffff
 ld_i32 tmp3,env,$0x10f0                  pref=0xffff
 ext_i32_i64 t4,tmp3                      dead: 1  pref=0x40

 ---- 9000000000102004 0000000000000000 0000000000000000
 add_i64 statcounters_icount_kernel,statcounters_icount_kernel,$0x1  dead: 1  pref=0xffff
 or_i64 t4,t4,$0x7                        dead: 1 2  pref=0x40

 ---- 9000000000102008 0000000000000000 0000000000000000
 add_i64 statcounters_icount_kernel,statcounters_icount_kernel,$0x1  dead: 1  pref=0xffff
 xor_i64 t4,t4,$0x4                       sync: 0  dead: 1 2  pref=0x40

 ---- 900000000010200c 0000000000000000 0000000000000000
 add_i64 statcounters_icount_kernel,statcounters_icount_kernel,$0x1  sync: 0  dead: 0 1 2  pref=0xffff
 call mtc0_config0,$0x0,$0,env,t4         dead: 0 1
 mov_i64 PC,$0x9000000000102010           sync: 0  dead: 0 1  pref=0xffff
 call lookup_tb_ptr,$0x6,$1,tmp8,env      dead: 1  pref=none
 goto_ptr tmp8                            dead: 0
 set_label $L0                          
 exit_tb $0x7f07d4000b83                

pc=0x9000000000102000 HI=0x0000000000000000 LO=0x0000000000000000 ds 4000098 9000000000102000 0
GPR00: r0 0000000000000000 at 0000000000000000 v0 0000000000000000 v1 0000000000000000
GPR04: a0 0000000000000002 a1 ffffffff80002000 a2 ffffffff80002008 a3 0000000010000000
GPR08: t0 0000000000000000 t1 0000000000000000 t2 0000000000000000 t3 0000000000000000
GPR12: t4 0000000000000000 t5 0000000000000000 t6 0000000000000000 t7 0000000000000000
GPR16: s0 0000000000000000 s1 0000000000000000 s2 0000000000000000 s3 0000000000000000
GPR20: s4 0000000000000000 s5 0000000000000000 s6 0000000000000000 s7 0000000000000000
GPR24: t8 0000000000000000 t9 9000000000102000 k0 000000000b0b0a0a k1 ffffffffbbe00cfc
GPR28: gp 0000000000000000 sp ffffffff80001fc0 s8 0000000000000000 ra ffffffffbfc0075c
CP0 Status  0x00400080 Cause   0x00000000 EPC    0x0000000000000000
    Config0 0x8000c082 Config1 0xbe6130db LLAddr 0x0000000000000000
    Config2 0x80000000 Config3 0x0c002084
    Config4 0x00000000 Config5 0x00000000
OP:
 ld_i32 loc0,env,$0xffffffffffffffe0
 brcond_i32 loc0,$0x0,lt,$L0

 ---- 9000000000102010 0000000000000000 0000000000000000
 add_i64 statcounters_icount_kernel,statcounters_icount_kernel,$0x1
 mov_i64 ra,$0x9000000000102018

 ---- 9000000000102014 0000000000010800 9000000000102d88
 add_i64 statcounters_icount_kernel,statcounters_icount_kernel,$0x1
 goto_tb $0x0
 mov_i64 PC,$0x9000000000102d88
 exit_tb $0x7f07d4000d00
 set_label $L0
 exit_tb $0x7f07d4000d03

OP after optimization and liveness analysis:
 ld_i32 tmp0,env,$0xffffffffffffffe0      dead: 1  pref=0xffff
 brcond_i32 tmp0,$0x0,lt,$L0              dead: 0 1

 ---- 9000000000102010 0000000000000000 0000000000000000
 add_i64 statcounters_icount_kernel,statcounters_icount_kernel,$0x1  dead: 1  pref=0xffff
 mov_i64 ra,$0x9000000000102018           sync: 0  dead: 0 1  pref=0xffff

 ---- 9000000000102014 0000000000010800 9000000000102d88
 add_i64 statcounters_icount_kernel,statcounters_icount_kernel,$0x1  sync: 0  dead: 0 1 2  pref=0xffff
 goto_tb $0x0                           
 mov_i64 PC,$0x9000000000102d88           sync: 0  dead: 0 1  pref=0xffff
 exit_tb $0x7f07d4000d00                
 set_label $L0                          
 exit_tb $0x7f07d4000d03                

pc=0x9000000000102010 HI=0x0000000000000000 LO=0x0000000000000000 ds 4000098 9000000000102000 0
GPR00: r0 0000000000000000 at 0000000000000000 v0 0000000000000000 v1 0000000000000000
GPR04: a0 0000000000000002 a1 ffffffff80002000 a2 ffffffff80002008 a3 0000000010000000
GPR08: t0 0000000000000000 t1 0000000000000000 t2 0000000000000000 t3 0000000000000000
GPR12: t4 ffffffff8000c083 t5 0000000000000000 t6 0000000000000000 t7 0000000000000000
GPR16: s0 0000000000000000 s1 0000000000000000 s2 0000000000000000 s3 0000000000000000
GPR20: s4 0000000000000000 s5 0000000000000000 s6 0000000000000000 s7 0000000000000000
GPR24: t8 0000000000000000 t9 9000000000102000 k0 000000000b0b0a0a k1 ffffffffbbe00cfc
GPR28: gp 0000000000000000 sp ffffffff80001fc0 s8 0000000000000000 ra ffffffffbfc0075c
CP0 Status  0x00400080 Cause   0x00000000 EPC    0x0000000000000000
    Config0 0x8000c083 Config1 0xbe6130db LLAddr 0x0000000000000000
    Config2 0x80000000 Config3 0x0c002084
    Config4 0x00000000 Config5 0x00000000
OP:
 ld_i32 loc0,env,$0xffffffffffffffe0
 brcond_i32 loc0,$0x0,lt,$L0

 ---- 9000000000102d88 0000000000000000 0000000000000000
 add_i64 statcounters_icount_kernel,statcounters_icount_kernel,$0x1
 ld_i32 loc3,env,$0x10d0
 ext_i32_i64 t4,loc3

 ---- 9000000000102d8c 0000000000000000 0000000000000000
 add_i64 statcounters_icount_kernel,statcounters_icount_kernel,$0x1
 and_i64 t4,t4,$0xff00

 ---- 9000000000102d90 0000000000000000 0000000000000000
 add_i64 statcounters_icount_kernel,statcounters_icount_kernel,$0x1
 xor_i64 t4,t4,$0x8900

 ---- 9000000000102d94 0000000000000000 0000000000000000
 add_i64 statcounters_icount_kernel,statcounters_icount_kernel,$0x1
 mov_i64 v1,$0x1

 ---- 9000000000102d98 0000000000000000 0000000000000000
 add_i64 statcounters_icount_kernel,statcounters_icount_kernel,$0x1
 mov_i64 loc6,t4
 mov_i64 loc7,$0x0
 setcond_i64 bcond,loc6,loc7,eq

 ---- 9000000000102d9c 0000000000011000 9000000000102dcc
 add_i64 statcounters_icount_kernel,statcounters_icount_kernel,$0x1
 mov_i64 v0,$0x0
 brcond_i64 bcond,$0x0,ne,$L1
 goto_tb $0x1
 mov_i64 PC,$0x9000000000102da0
 exit_tb $0x7f07d4000e41
 set_label $L1
 goto_tb $0x0
 mov_i64 PC,$0x9000000000102dcc
 exit_tb $0x7f07d4000e40
 set_label $L0
 exit_tb $0x7f07d4000e43

OP after optimization and liveness analysis:
 ld_i32 tmp0,env,$0xffffffffffffffe0      pref=0xffff
 brcond_i32 tmp0,$0x0,lt,$L0              dead: 0 1

 ---- 9000000000102d88 0000000000000000 0000000000000000
 add_i64 statcounters_icount_kernel,statcounters_icount_kernel,$0x1  dead: 1  pref=0xffff
 ld_i32 tmp3,env,$0x10d0                  dead: 1  pref=0xffff
 ext_i32_i64 t4,tmp3                      dead: 1  pref=0xffff

 ---- 9000000000102d8c 0000000000000000 0000000000000000
 add_i64 statcounters_icount_kernel,statcounters_icount_kernel,$0x1  dead: 1  pref=0xffff
 and_i64 t4,t4,$0xff00                    dead: 1 2  pref=0xffff

 ---- 9000000000102d90 0000000000000000 0000000000000000
 add_i64 statcounters_icount_kernel,statcounters_icount_kernel,$0x1  dead: 1  pref=0xffff
 xor_i64 t4,t4,$0x8900                    sync: 0  dead: 1 2  pref=0xffff

 ---- 9000000000102d94 0000000000000000 0000000000000000
 add_i64 statcounters_icount_kernel,statcounters_icount_kernel,$0x1  dead: 1  pref=0xffff
 mov_i64 v1,$0x1                          sync: 0  dead: 0  pref=0xffff

 ---- 9000000000102d98 0000000000000000 0000000000000000
 add_i64 statcounters_icount_kernel,statcounters_icount_kernel,$0x1  dead: 1  pref=0xffff
 setcond_i64 bcond,t4,$0x0,eq             sync: 0  dead: 1  pref=0xffff

 ---- 9000000000102d9c 0000000000011000 9000000000102dcc
 add_i64 statcounters_icount_kernel,statcounters_icount_kernel,$0x1  sync: 0  dead: 0 1 2  pref=0xffff
 mov_i64 v0,$0x0                          sync: 0  dead: 0  pref=0xffff
 brcond_i64 bcond,$0x0,ne,$L1             dead: 0 1
 goto_tb $0x1                           
 mov_i64 PC,$0x9000000000102da0           sync: 0  dead: 0 1  pref=0xffff
 exit_tb $0x7f07d4000e41                
 set_label $L1                          
 goto_tb $0x0                           
 mov_i64 PC,$0x9000000000102dcc           sync: 0  dead: 0 1  pref=0xffff
 exit_tb $0x7f07d4000e40                
 set_label $L0                          
 exit_tb $0x7f07d4000e43                

pc=0x9000000000102d88 HI=0x0000000000000000 LO=0x0000000000000000 ds 4000098 9000000000102000 0
GPR00: r0 0000000000000000 at 0000000000000000 v0 0000000000000000 v1 0000000000000000
GPR04: a0 0000000000000002 a1 ffffffff80002000 a2 ffffffff80002008 a3 0000000010000000
GPR08: t0 0000000000000000 t1 0000000000000000 t2 0000000000000000 t3 0000000000000000
GPR12: t4 ffffffff8000c083 t5 0000000000000000 t6 0000000000000000 t7 0000000000000000
GPR16: s0 0000000000000000 s1 0000000000000000 s2 0000000000000000 s3 0000000000000000
GPR20: s4 0000000000000000 s5 0000000000000000 s6 0000000000000000 s7 0000000000000000
GPR24: t8 0000000000000000 t9 9000000000102000 k0 000000000b0b0a0a k1 ffffffffbbe00cfc
GPR28: gp 0000000000000000 sp ffffffff80001fc0 s8 0000000000000000 ra 9000000000102018
CP0 Status  0x00400080 Cause   0x00000000 EPC    0x0000000000000000
    Config0 0x8000c083 Config1 0xbe6130db LLAddr 0x0000000000000000
    Config2 0x80000000 Config3 0x0c002084
    Config4 0x00000000 Config5 0x00000000
OP:
 ld_i32 loc0,env,$0xffffffffffffffe0
 brcond_i32 loc0,$0x0,lt,$L0

 ---- 9000000000102da0 0000000000000000 0000000000000000
 add_i64 statcounters_icount_kernel,statcounters_icount_kernel,$0x1
 call mfc0_coreid,$0x0,$1,t4,env

 ---- 9000000000102da4 0000000000000000 0000000000000000
 add_i64 statcounters_icount_kernel,statcounters_icount_kernel,$0x1
 mov_i64 loc3,t4
 ext32u_i64 loc3,loc3
 shr_i64 t5,loc3,$0x10

 ---- 9000000000102da8 0000000000000000 0000000000000000
 add_i64 statcounters_icount_kernel,statcounters_icount_kernel,$0x1
 mov_i64 loc6,t5
 add_i64 loc5,loc6,$0x1
 ext32s_i64 loc5,loc5
 xor_i64 loc6,loc6,$0xfffffffffffffffe
 xor_i64 loc7,loc5,$0x1
 and_i64 loc6,loc6,loc7
 brcond_i64 loc6,$0x0,ge,$L1
 call raise_exception,$0x8,$0,env,$0x15
 set_label $L1
 ext32s_i64 loc5,loc5
 mov_i64 t5,loc5

 ---- 9000000000102dac 0000000000000000 0000000000000000
 add_i64 statcounters_icount_kernel,statcounters_icount_kernel,$0x1
 ext16u_i64 v0,t4

 ---- 9000000000102db0 0000000000000000 0000000000000000
 add_i64 statcounters_icount_kernel,statcounters_icount_kernel,$0x1
 mov_i64 t4,$0x0

 ---- 9000000000102db4 0000000000000000 0000000000000000
 add_i64 statcounters_icount_kernel,statcounters_icount_kernel,$0x1
 mov_i64 loc11,t4
 ext32u_i64 loc11,loc11
 shr_i64 v1,loc11,$0x10

 ---- 9000000000102db8 0000000000000000 0000000000000000
 add_i64 statcounters_icount_kernel,statcounters_icount_kernel,$0x1
 mov_i64 loc13,v1
 add_i64 loc12,loc13,$0x1
 ext32s_i64 loc12,loc12
 xor_i64 loc13,loc13,$0xfffffffffffffffe
 xor_i64 loc14,loc12,$0x1
 and_i64 loc13,loc13,loc14
 brcond_i64 loc13,$0x0,ge,$L2
 call raise_exception,$0x8,$0,env,$0x15
 set_label $L2
 ext32s_i64 loc12,loc12
 mov_i64 v1,loc12

 ---- 9000000000102dbc 0000000000000000 0000000000000000
 add_i64 statcounters_icount_kernel,statcounters_icount_kernel,$0x1
 ext16u_i64 t4,t4

 ---- 9000000000102dc0 0000000000000000 0000000000000000
 add_i64 statcounters_icount_kernel,statcounters_icount_kernel,$0x1
 mul_i64 v0,v0,v1
 ext32s_i64 v0,v0

 ---- 9000000000102dc4 0000000000000000 0000000000000000
 add_i64 statcounters_icount_kernel,statcounters_icount_kernel,$0x1
 mov_i64 loc16,v0
 mov_i64 loc17,t4
 add_i64 loc15,loc16,loc17
 ext32s_i64 loc15,loc15
 xor_i64 loc16,loc16,loc17
 xor_i64 loc17,loc15,loc17
 andc_i64 loc16,loc17,loc16
 brcond_i64 loc16,$0x0,ge,$L3
 call raise_exception,$0x8,$0,env,$0x15
 set_label $L3
 mov_i64 v0,loc15

 ---- 9000000000102dc8 0000000000000000 0000000000000000
 add_i64 statcounters_icount_kernel,statcounters_icount_kernel,$0x1
 mul_i64 v1,v1,t5
 ext32s_i64 v1,v1

 ---- 9000000000102dcc 0000000000000000 0000000000000000
 add_i64 statcounters_icount_kernel,statcounters_icount_kernel,$0x1
 mov_i64 btarget,ra

 ---- 9000000000102dd0 0000000000012000 ffffffffffffffff
 add_i64 statcounters_icount_kernel,statcounters_icount_kernel,$0x1
 mov_i64 loc21,v1
 add_i64 loc20,loc21,$0xffffffffffffffff
 ext32s_i64 loc20,loc20
 not_i64 loc22,loc20
 and_i64 loc21,loc21,loc22
 brcond_i64 loc21,$0x0,ge,$L4
 call raise_exception,$0x8,$0,env,$0x15
 set_label $L4
 ext32s_i64 loc20,loc20
 mov_i64 v1,loc20
 mov_i64 PC,btarget
 call lookup_tb_ptr,$0x6,$1,tmp24,env
 goto_ptr tmp24
 set_label $L0
 exit_tb $0x7f07d4001003

OP after optimization and liveness analysis:
 ld_i32 tmp0,env,$0xffffffffffffffe0      pref=0xffff
 brcond_i32 tmp0,$0x0,lt,$L0              dead: 0 1

 ---- 9000000000102da0 0000000000000000 0000000000000000
 add_i64 statcounters_icount_kernel,statcounters_icount_kernel,$0x1  sync: 0  dead: 0 1  pref=0xffff
 call mfc0_coreid,$0x0,$1,t4,env          sync: 0  dead: 1  pref=none

 ---- 9000000000102da4 0000000000000000 0000000000000000
 add_i64 statcounters_icount_kernel,statcounters_icount_kernel,$0x1  dead: 1  pref=0xffff
 ext32u_i64 tmp3,t4                       dead: 1  pref=0xffff
 shr_i64 t5,tmp3,$0x10                    sync: 0  dead: 1 2  pref=0xffff

 ---- 9000000000102da8 0000000000000000 0000000000000000
 add_i64 statcounters_icount_kernel,statcounters_icount_kernel,$0x1  sync: 0  dead: 0 1  pref=0xffff
 add_i64 loc5,t5,$0x1                     pref=0xffff
 ext32s_i64 loc5,loc5                     sync: 0  dead: 1  pref=0xffff
 xor_i64 tmp6,t5,$0xfffffffffffffffe      dead: 1 2  pref=0xffff
 xor_i64 tmp7,loc5,$0x1                   dead: 1 2  pref=0xffff
 and_i64 tmp6,tmp6,tmp7                   dead: 1 2  pref=0xffff
 brcond_i64 tmp6,$0x0,ge,$L1              dead: 0 1
 call raise_exception,$0x8,$0,env,$0x15   dead: 0 1
 set_label $L1                          
 ext32s_i64 loc5,loc5                     sync: 0  dead: 1  pref=0xffff
 mov_i64 t5,loc5                          sync: 0  dead: 0 1  pref=0xffff

 ---- 9000000000102dac 0000000000000000 0000000000000000
 add_i64 statcounters_icount_kernel,statcounters_icount_kernel,$0x1  dead: 1  pref=0xffff
 ext16u_i64 v0,t4                         dead: 1  pref=0xffff

 ---- 9000000000102db0 0000000000000000 0000000000000000
 add_i64 statcounters_icount_kernel,statcounters_icount_kernel,$0x1  dead: 1  pref=0xffff
 mov_i64 t4,$0x0                          pref=0xffff

 ---- 9000000000102db4 0000000000000000 0000000000000000
 add_i64 statcounters_icount_kernel,statcounters_icount_kernel,$0x1  dead: 1  pref=0xffff

 ---- 9000000000102db8 0000000000000000 0000000000000000
 add_i64 statcounters_icount_kernel,statcounters_icount_kernel,$0x1  dead: 1  pref=0xffff
 mov_i64 tmp12,$0x1                       pref=0xffff
 ext32s_i64 tmp12,tmp12                   dead: 1  pref=0xffff
 mov_i64 v1,tmp12                         sync: 0  dead: 1  pref=0xffff

 ---- 9000000000102dbc 0000000000000000 0000000000000000
 add_i64 statcounters_icount_kernel,statcounters_icount_kernel,$0x1  dead: 1  pref=0xffff
 ext16u_i64 t4,t4                         sync: 0  dead: 1  pref=0xffff

 ---- 9000000000102dc0 0000000000000000 0000000000000000
 add_i64 statcounters_icount_kernel,statcounters_icount_kernel,$0x1  dead: 1  pref=0xffff
 mul_i64 v0,v0,v1                         dead: 1 2  pref=0xffff
 ext32s_i64 v0,v0                         sync: 0  dead: 1  pref=0xffff

 ---- 9000000000102dc4 0000000000000000 0000000000000000
 add_i64 statcounters_icount_kernel,statcounters_icount_kernel,$0x1  sync: 0  dead: 0 1 2  pref=0xffff
 add_i64 loc15,v0,t4                      pref=0xffff
 ext32s_i64 loc15,loc15                   sync: 0  dead: 1  pref=0xffff
 xor_i64 tmp16,v0,t4                      dead: 1  pref=0xffff
 xor_i64 tmp17,loc15,t4                   dead: 1 2  pref=0xffff
 andc_i64 tmp16,tmp17,tmp16               dead: 1 2  pref=0xffff
 brcond_i64 tmp16,$0x0,ge,$L3             dead: 0 1
 call raise_exception,$0x8,$0,env,$0x15   dead: 0 1
 set_label $L3                          
 mov_i64 v0,loc15                         sync: 0  dead: 0 1  pref=0xffff

 ---- 9000000000102dc8 0000000000000000 0000000000000000
 add_i64 statcounters_icount_kernel,statcounters_icount_kernel,$0x1  dead: 1  pref=0xffff
 mul_i64 v1,v1,t5                         dead: 1 2  pref=0xffff
 ext32s_i64 v1,v1                         sync: 0  dead: 1  pref=0xffff

 ---- 9000000000102dcc 0000000000000000 0000000000000000
 add_i64 statcounters_icount_kernel,statcounters_icount_kernel,$0x1  dead: 1  pref=0xffff
 mov_i64 btarget,ra                       sync: 0  dead: 0 1  pref=0xffff

 ---- 9000000000102dd0 0000000000012000 ffffffffffffffff
 add_i64 statcounters_icount_kernel,statcounters_icount_kernel,$0x1  sync: 0  dead: 0 1 2  pref=0xffff
 add_i64 loc20,v1,$0xffffffffffffffff     dead: 2  pref=0xffff
 ext32s_i64 loc20,loc20                   sync: 0  dead: 1  pref=0xffff
 not_i64 tmp22,loc20                      dead: 1  pref=0xffff
 and_i64 tmp21,v1,tmp22                   dead: 1 2  pref=0xffff
 brcond_i64 tmp21,$0x0,ge,$L4             dead: 0 1
 call raise_exception,$0x8,$0,env,$0x15   dead: 0 1
 set_label $L4                          
 ext32s_i64 loc20,loc20                   dead: 1  pref=0xffff
 mov_i64 v1,loc20                         sync: 0  dead: 0 1  pref=0xffff
 mov_i64 PC,btarget                       sync: 0  dead: 0 1  pref=0xffff
 call lookup_tb_ptr,$0x6,$1,tmp24,env     dead: 1  pref=none
 goto_ptr tmp24                           dead: 0
 set_label $L0                          
 exit_tb $0x7f07d4001003                

pc=0x9000000000102da0 HI=0x0000000000000000 LO=0x0000000000000000 ds 4000098 9000000000102000 0
GPR00: r0 0000000000000000 at 0000000000000000 v0 0000000000000000 v1 0000000000000001
GPR04: a0 0000000000000002 a1 ffffffff80002000 a2 ffffffff80002008 a3 0000000010000000
GPR08: t0 0000000000000000 t1 0000000000000000 t2 0000000000000000 t3 0000000000000000
GPR12: t4 0000000000008d00 t5 0000000000000000 t6 0000000000000000 t7 0000000000000000
GPR16: s0 0000000000000000 s1 0000000000000000 s2 0000000000000000 s3 0000000000000000
GPR20: s4 0000000000000000 s5 0000000000000000 s6 0000000000000000 s7 0000000000000000
GPR24: t8 0000000000000000 t9 9000000000102000 k0 000000000b0b0a0a k1 ffffffffbbe00cfc
GPR28: gp 0000000000000000 sp ffffffff80001fc0 s8 0000000000000000 ra 9000000000102018
CP0 Status  0x00400080 Cause   0x00000000 EPC    0x0000000000000000
    Config0 0x8000c083 Config1 0xbe6130db LLAddr 0x0000000000000000
    Config2 0x80000000 Config3 0x0c002084
    Config4 0x00000000 Config5 0x00000000
OP:
 ld_i32 loc0,env,$0xffffffffffffffe0
 brcond_i32 loc0,$0x0,lt,$L0

 ---- 9000000000102018 0000000000000000 0000000000000000
 add_i64 statcounters_icount_kernel,statcounters_icount_kernel,$0x1
 mov_i64 s8,$0xffffffff90000000

 ---- 900000000010201c 0000000000000000 0000000000000000
 add_i64 statcounters_icount_kernel,statcounters_icount_kernel,$0x1

 ---- 9000000000102020 0000000000000000 0000000000000000
 add_i64 statcounters_icount_kernel,statcounters_icount_kernel,$0x1
 mov_i64 loc4,s8
 shl_i64 s8,loc4,$0x10

 ---- 9000000000102024 0000000000000000 0000000000000000
 add_i64 statcounters_icount_kernel,statcounters_icount_kernel,$0x1

 ---- 9000000000102028 0000000000000000 0000000000000000
 add_i64 statcounters_icount_kernel,statcounters_icount_kernel,$0x1
 mov_i64 loc6,s8
 shl_i64 s8,loc6,$0x10

 ---- 900000000010202c 0000000000000000 0000000000000000
 add_i64 statcounters_icount_kernel,statcounters_icount_kernel,$0x1
 add_i64 s8,s8,$0x7000

 ---- 9000000000102030 0000000000000000 0000000000000000
 add_i64 statcounters_icount_kernel,statcounters_icount_kernel,$0x1
 mov_i64 loc8,v0
 shl_i64 loc8,loc8,$0xa
 ext32s_i64 t4,loc8

 ---- 9000000000102034 0000000000000000 0000000000000000
 add_i64 statcounters_icount_kernel,statcounters_icount_kernel,$0x1
 sub_i64 s8,s8,t4

 ---- 9000000000102038 0000000000000000 0000000000000000
 add_i64 statcounters_icount_kernel,statcounters_icount_kernel,$0x1
 add_i64 sp,s8,$0xffffffffffffffe0

 ---- 900000000010203c 0000000000000000 0000000000000000
 add_i64 statcounters_icount_kernel,statcounters_icount_kernel,$0x1
 mov_i64 a0,$0xffffffff90000000

 ---- 9000000000102040 0000000000000000 0000000000000000
 add_i64 statcounters_icount_kernel,statcounters_icount_kernel,$0x1

 ---- 9000000000102044 0000000000000000 0000000000000000
 add_i64 statcounters_icount_kernel,statcounters_icount_kernel,$0x1
 mov_i64 loc11,a0
 shl_i64 a0,loc11,$0x10

 ---- 9000000000102048 0000000000000000 0000000000000000
 add_i64 statcounters_icount_kernel,statcounters_icount_kernel,$0x1
 add_i64 a0,a0,$0x10

 ---- 900000000010204c 0000000000000000 0000000000000000
 add_i64 statcounters_icount_kernel,statcounters_icount_kernel,$0x1
 mov_i64 loc12,a0
 shl_i64 a0,loc12,$0x10

 ---- 9000000000102050 0000000000000000 0000000000000000
 add_i64 statcounters_icount_kernel,statcounters_icount_kernel,$0x1
 add_i64 a0,a0,$0x4010

 ---- 9000000000102054 0000000000000000 0000000000000000
 add_i64 statcounters_icount_kernel,statcounters_icount_kernel,$0x1
 mov_i64 ra,$0xffffffff90000000

 ---- 9000000000102058 0000000000000000 0000000000000000
 add_i64 statcounters_icount_kernel,statcounters_icount_kernel,$0x1

 ---- 900000000010205c 0000000000000000 0000000000000000
 add_i64 statcounters_icount_kernel,statcounters_icount_kernel,$0x1
 mov_i64 loc14,ra
 shl_i64 ra,loc14,$0x10

 ---- 9000000000102060 0000000000000000 0000000000000000
 add_i64 statcounters_icount_kernel,statcounters_icount_kernel,$0x1
 add_i64 ra,ra,$0x10

 ---- 9000000000102064 0000000000000000 0000000000000000
 add_i64 statcounters_icount_kernel,statcounters_icount_kernel,$0x1
 mov_i64 loc15,ra
 shl_i64 ra,loc15,$0x10

 ---- 9000000000102068 0000000000000000 0000000000000000
 add_i64 statcounters_icount_kernel,statcounters_icount_kernel,$0x1
 add_i64 ra,ra,$0x20fc

 ---- 900000000010206c 0000000000000000 0000000000000000
 add_i64 statcounters_icount_kernel,statcounters_icount_kernel,$0x1
 mov_i64 loc17,v0
 setcond_i64 bcond,loc17,$0x0,gt

 ---- 9000000000102070 0000000000011000 9000000000102dd4
 add_i64 statcounters_icount_kernel,statcounters_icount_kernel,$0x1
 brcond_i64 bcond,$0x0,ne,$L1
 goto_tb $0x1
 mov_i64 PC,$0x9000000000102074
 exit_tb $0x7f07d4001301
 set_label $L1
 goto_tb $0x0
 mov_i64 PC,$0x9000000000102dd4
 exit_tb $0x7f07d4001300
 set_label $L0
 exit_tb $0x7f07d4001303

OP after optimization and liveness analysis:
 ld_i32 tmp0,env,$0xffffffffffffffe0      dead: 1  pref=0xffff
 brcond_i32 tmp0,$0x0,lt,$L0              dead: 0 1

 ---- 9000000000102018 0000000000000000 0000000000000000
 add_i64 statcounters_icount_kernel,statcounters_icount_kernel,$0x1  dead: 1  pref=0xffff

 ---- 900000000010201c 0000000000000000 0000000000000000
 add_i64 statcounters_icount_kernel,statcounters_icount_kernel,$0x1  dead: 1  pref=0xffff

 ---- 9000000000102020 0000000000000000 0000000000000000
 add_i64 statcounters_icount_kernel,statcounters_icount_kernel,$0x1  dead: 1  pref=0xffff

 ---- 9000000000102024 0000000000000000 0000000000000000
 add_i64 statcounters_icount_kernel,statcounters_icount_kernel,$0x1  dead: 1  pref=0xffff

 ---- 9000000000102028 0000000000000000 0000000000000000
 add_i64 statcounters_icount_kernel,statcounters_icount_kernel,$0x1  dead: 1  pref=0xffff

 ---- 900000000010202c 0000000000000000 0000000000000000
 add_i64 statcounters_icount_kernel,statcounters_icount_kernel,$0x1  dead: 1  pref=0xffff

 ---- 9000000000102030 0000000000000000 0000000000000000
 add_i64 statcounters_icount_kernel,statcounters_icount_kernel,$0x1  dead: 1  pref=0xffff
 shl_i64 tmp8,v0,$0xa                     dead: 2  pref=0xffff
 ext32s_i64 t4,tmp8                       sync: 0  dead: 1  pref=0xffff

 ---- 9000000000102034 0000000000000000 0000000000000000
 add_i64 statcounters_icount_kernel,statcounters_icount_kernel,$0x1  dead: 1  pref=0xffff
 sub_i64 s8,$0x9000000000007000,t4        sync: 0  dead: 1 2  pref=0xffff

 ---- 9000000000102038 0000000000000000 0000000000000000
 add_i64 statcounters_icount_kernel,statcounters_icount_kernel,$0x1  dead: 1  pref=0xffff
 add_i64 sp,s8,$0xffffffffffffffe0        sync: 0  dead: 0 1 2  pref=0xffff

 ---- 900000000010203c 0000000000000000 0000000000000000
 add_i64 statcounters_icount_kernel,statcounters_icount_kernel,$0x1  dead: 1  pref=0xffff

 ---- 9000000000102040 0000000000000000 0000000000000000
 add_i64 statcounters_icount_kernel,statcounters_icount_kernel,$0x1  dead: 1  pref=0xffff

 ---- 9000000000102044 0000000000000000 0000000000000000
 add_i64 statcounters_icount_kernel,statcounters_icount_kernel,$0x1  dead: 1  pref=0xffff

 ---- 9000000000102048 0000000000000000 0000000000000000
 add_i64 statcounters_icount_kernel,statcounters_icount_kernel,$0x1  dead: 1  pref=0xffff

 ---- 900000000010204c 0000000000000000 0000000000000000
 add_i64 statcounters_icount_kernel,statcounters_icount_kernel,$0x1  dead: 1  pref=0xffff

 ---- 9000000000102050 0000000000000000 0000000000000000
 add_i64 statcounters_icount_kernel,statcounters_icount_kernel,$0x1  dead: 1  pref=0xffff
 mov_i64 a0,$0x9000000000104010           sync: 0  dead: 0 1  pref=0xffff

 ---- 9000000000102054 0000000000000000 0000000000000000
 add_i64 statcounters_icount_kernel,statcounters_icount_kernel,$0x1  dead: 1  pref=0xffff

 ---- 9000000000102058 0000000000000000 0000000000000000
 add_i64 statcounters_icount_kernel,statcounters_icount_kernel,$0x1  dead: 1  pref=0xffff

 ---- 900000000010205c 0000000000000000 0000000000000000
 add_i64 statcounters_icount_kernel,statcounters_icount_kernel,$0x1  dead: 1  pref=0xffff

 ---- 9000000000102060 0000000000000000 0000000000000000
 add_i64 statcounters_icount_kernel,statcounters_icount_kernel,$0x1  dead: 1  pref=0xffff

 ---- 9000000000102064 0000000000000000 0000000000000000
 add_i64 statcounters_icount_kernel,statcounters_icount_kernel,$0x1  dead: 1  pref=0xffff

 ---- 9000000000102068 0000000000000000 0000000000000000
 add_i64 statcounters_icount_kernel,statcounters_icount_kernel,$0x1  dead: 1  pref=0xffff
 mov_i64 ra,$0x90000000001020fc           sync: 0  dead: 0 1  pref=0xffff

 ---- 900000000010206c 0000000000000000 0000000000000000
 add_i64 statcounters_icount_kernel,statcounters_icount_kernel,$0x1  dead: 1  pref=0xffff
 setcond_i64 bcond,v0,$0x0,gt             sync: 0  dead: 1  pref=0xffff

 ---- 9000000000102070 0000000000011000 9000000000102dd4
 add_i64 statcounters_icount_kernel,statcounters_icount_kernel,$0x1  sync: 0  dead: 0 1 2  pref=0xffff
 brcond_i64 bcond,$0x0,ne,$L1             dead: 0 1
 goto_tb $0x1                           
 mov_i64 PC,$0x9000000000102074           sync: 0  dead: 0 1  pref=0xffff
 exit_tb $0x7f07d4001301                
 set_label $L1                          
 goto_tb $0x0                           
 mov_i64 PC,$0x9000000000102dd4           sync: 0  dead: 0 1  pref=0xffff
 exit_tb $0x7f07d4001300                
 set_label $L0                          
 exit_tb $0x7f07d4001303                

pc=0x9000000000102018 HI=0x0000000000000000 LO=0x0000000000000000 ds 4000098 9000000000102018 0
GPR00: r0 0000000000000000 at 0000000000000000 v0 0000000000000000 v1 0000000000000000
GPR04: a0 0000000000000002 a1 ffffffff80002000 a2 ffffffff80002008 a3 0000000010000000
GPR08: t0 0000000000000000 t1 0000000000000000 t2 0000000000000000 t3 0000000000000000
GPR12: t4 0000000000000000 t5 0000000000000001 t6 0000000000000000 t7 0000000000000000
GPR16: s0 0000000000000000 s1 0000000000000000 s2 0000000000000000 s3 0000000000000000
GPR20: s4 0000000000000000 s5 0000000000000000 s6 0000000000000000 s7 0000000000000000
GPR24: t8 0000000000000000 t9 9000000000102000 k0 000000000b0b0a0a k1 ffffffffbbe00cfc
GPR28: gp 0000000000000000 sp ffffffff80001fc0 s8 0000000000000000 ra 9000000000102018
CP0 Status  0x00400080 Cause   0x00000000 EPC    0x0000000000000000
    Config0 0x8000c083 Config1 0xbe6130db LLAddr 0x0000000000000000
    Config2 0x80000000 Config3 0x0c002084
    Config4 0x00000000 Config5 0x00000000
OP:
 ld_i32 loc0,env,$0xffffffffffffffe0
 brcond_i32 loc0,$0x0,lt,$L0

 ---- 9000000000102074 0000000000000000 0000000000000000
 add_i64 statcounters_icount_kernel,statcounters_icount_kernel,$0x1
 mov_i64 ra,$0x900000000010207c

 ---- 9000000000102078 0000000000010800 9000000000102bd8
 add_i64 statcounters_icount_kernel,statcounters_icount_kernel,$0x1
 goto_tb $0x0
 mov_i64 PC,$0x9000000000102bd8
 exit_tb $0x7f07d4001580
 set_label $L0
 exit_tb $0x7f07d4001583

OP after optimization and liveness analysis:
 ld_i32 tmp0,env,$0xffffffffffffffe0      dead: 1  pref=0xffff
 brcond_i32 tmp0,$0x0,lt,$L0              dead: 0 1

 ---- 9000000000102074 0000000000000000 0000000000000000
 add_i64 statcounters_icount_kernel,statcounters_icount_kernel,$0x1  dead: 1  pref=0xffff
 mov_i64 ra,$0x900000000010207c           sync: 0  dead: 0 1  pref=0xffff

 ---- 9000000000102078 0000000000010800 9000000000102bd8
 add_i64 statcounters_icount_kernel,statcounters_icount_kernel,$0x1  sync: 0  dead: 0 1 2  pref=0xffff
 goto_tb $0x0                           
 mov_i64 PC,$0x9000000000102bd8           sync: 0  dead: 0 1  pref=0xffff
 exit_tb $0x7f07d4001580                
 set_label $L0                          
 exit_tb $0x7f07d4001583                

pc=0x9000000000102074 HI=0x0000000000000000 LO=0x0000000000000000 ds 4000098 9000000000102018 0
GPR00: r0 0000000000000000 at 0000000000000000 v0 0000000000000000 v1 0000000000000000
GPR04: a0 9000000000104010 a1 ffffffff80002000 a2 ffffffff80002008 a3 0000000010000000
GPR08: t0 0000000000000000 t1 0000000000000000 t2 0000000000000000 t3 0000000000000000
GPR12: t4 0000000000000000 t5 0000000000000001 t6 0000000000000000 t7 0000000000000000
GPR16: s0 0000000000000000 s1 0000000000000000 s2 0000000000000000 s3 0000000000000000
GPR20: s4 0000000000000000 s5 0000000000000000 s6 0000000000000000 s7 0000000000000000
GPR24: t8 0000000000000000 t9 9000000000102000 k0 000000000b0b0a0a k1 ffffffffbbe00cfc
GPR28: gp 0000000000000000 sp 9000000000006fe0 s8 9000000000007000 ra 90000000001020fc
CP0 Status  0x00400080 Cause   0x00000000 EPC    0x0000000000000000
    Config0 0x8000c083 Config1 0xbe6130db LLAddr 0x0000000000000000
    Config2 0x80000000 Config3 0x0c002084
    Config4 0x00000000 Config5 0x00000000
OP:
 ld_i32 loc0,env,$0xffffffffffffffe0
 brcond_i32 loc0,$0x0,lt,$L0

 ---- 9000000000102bd8 0000000000000000 0000000000000000
 add_i64 statcounters_icount_kernel,statcounters_icount_kernel,$0x1
 add_i64 sp,sp,$0xffffffffffffffe0

 ---- 9000000000102bdc 0000000000000000 0000000000000000
 add_i64 statcounters_icount_kernel,statcounters_icount_kernel,$0x1
 mov_i64 loc4,$0x18
 add_i64 loc4,sp,loc4
 mov_i64 loc5,ra
 qemu_st_i64 loc5,loc4,beq,0
 call cheri_invalidate_tags,$0x0,$0,env,loc4,$0x130
 mov_i64 lladdr,$0x0

 ---- 9000000000102be0 0000000000000000 0000000000000000
 add_i64 statcounters_icount_kernel,statcounters_icount_kernel,$0x1
 mov_i64 loc9,$0x10
 add_i64 loc9,sp,loc9
 mov_i64 loc10,s8
 qemu_st_i64 loc10,loc9,beq,0
 call cheri_invalidate_tags,$0x0,$0,env,loc9,$0x130
 mov_i64 lladdr,$0x0

 ---- 9000000000102be4 0000000000000000 0000000000000000
 add_i64 statcounters_icount_kernel,statcounters_icount_kernel,$0x1
 add_i64 s8,sp,$0x20

 ---- 9000000000102be8 0000000000000000 0000000000000000
 add_i64 statcounters_icount_kernel,statcounters_icount_kernel,$0x1
 ld_i32 loc13,env,$0x10bc
 ext_i32_i64 t4,loc13

 ---- 9000000000102bec 0000000000000000 0000000000000000
 add_i64 statcounters_icount_kernel,statcounters_icount_kernel,$0x1
 mov_i64 t5,$0x400000

 ---- 9000000000102bf0 0000000000000000 0000000000000000
 add_i64 statcounters_icount_kernel,statcounters_icount_kernel,$0x1
 or_i64 t5,t5,t5
 not_i64 t5,t5

 ---- 9000000000102bf4 0000000000000000 0000000000000000
 add_i64 statcounters_icount_kernel,statcounters_icount_kernel,$0x1
 and_i64 t4,t4,t5

 ---- 9000000000102bf8 0000000000000000 0000000000000000
 add_i64 statcounters_icount_kernel,statcounters_icount_kernel,$0x1
 mov_i64 loc15,t4
 mov_i64 PC,$0x9000000000102bf8
 call mtc0_status,$0x0,$0,env,loc15
 mov_i64 PC,$0x9000000000102bfc
 exit_tb $0x0
 set_label $L0
 exit_tb $0x7f07d40016c3

OP after optimization and liveness analysis:
 ld_i32 tmp0,env,$0xffffffffffffffe0      pref=0xffff
 brcond_i32 tmp0,$0x0,lt,$L0              dead: 0 1

 ---- 9000000000102bd8 0000000000000000 0000000000000000
 add_i64 statcounters_icount_kernel,statcounters_icount_kernel,$0x1  dead: 1  pref=0xffff
 add_i64 sp,sp,$0xffffffffffffffe0        sync: 0  dead: 1 2  pref=0xffff

 ---- 9000000000102bdc 0000000000000000 0000000000000000
 add_i64 statcounters_icount_kernel,statcounters_icount_kernel,$0x1  sync: 0  dead: 0 1  pref=0xffff
 add_i64 tmp4,sp,$0x18                    dead: 1 2  pref=0xf038
 qemu_st_i64 ra,tmp4,beq,0                dead: 0
 call cheri_invalidate_tags,$0x0,$0,env,tmp4,$0x130  dead: 0 1
 mov_i64 lladdr,$0x0                      sync: 0  dead: 0  pref=0xffff

 ---- 9000000000102be0 0000000000000000 0000000000000000
 add_i64 statcounters_icount_kernel,statcounters_icount_kernel,$0x1  sync: 0  dead: 0 1  pref=0xffff
 add_i64 tmp9,sp,$0x10                    dead: 1 2  pref=0xf038
 qemu_st_i64 s8,tmp9,beq,0                dead: 0
 call cheri_invalidate_tags,$0x0,$0,env,tmp9,$0x130  dead: 0 1 2
 mov_i64 lladdr,$0x0                      sync: 0  dead: 0 1  pref=0xffff

 ---- 9000000000102be4 0000000000000000 0000000000000000
 add_i64 statcounters_icount_kernel,statcounters_icount_kernel,$0x1  dead: 1  pref=0xffff
 add_i64 s8,sp,$0x20                      sync: 0  dead: 0 1 2  pref=0xffff

 ---- 9000000000102be8 0000000000000000 0000000000000000
 add_i64 statcounters_icount_kernel,statcounters_icount_kernel,$0x1  dead: 1  pref=0xffff
 ld_i32 tmp13,env,$0x10bc                 pref=0xffff
 ext_i32_i64 t4,tmp13                     dead: 1  pref=0x40

 ---- 9000000000102bec 0000000000000000 0000000000000000
 add_i64 statcounters_icount_kernel,statcounters_icount_kernel,$0x1  dead: 1  pref=0xffff

 ---- 9000000000102bf0 0000000000000000 0000000000000000
 add_i64 statcounters_icount_kernel,statcounters_icount_kernel,$0x1  dead: 1  pref=0xffff
 mov_i64 t5,$0xffffffffffbfffff           sync: 0  dead: 0  pref=0xffff

 ---- 9000000000102bf4 0000000000000000 0000000000000000
 add_i64 statcounters_icount_kernel,statcounters_icount_kernel,$0x1  dead: 1  pref=0xffff
 and_i64 t4,t4,$0xffffffffffbfffff        sync: 0  dead: 1 2  pref=0x40

 ---- 9000000000102bf8 0000000000000000 0000000000000000
 add_i64 statcounters_icount_kernel,statcounters_icount_kernel,$0x1  sync: 0  dead: 0 1 2  pref=0xffff
 mov_i64 PC,$0x9000000000102bf8           sync: 0  dead: 0 1  pref=0xffff
 call mtc0_status,$0x0,$0,env,t4          dead: 0 1
 mov_i64 PC,$0x9000000000102bfc           sync: 0  dead: 0 1  pref=0xffff
 exit_tb $0x0                           
 set_label $L0                          
 exit_tb $0x7f07d40016c3                

pc=0x9000000000102bd8 HI=0x0000000000000000 LO=0x0000000000000000 ds 4000098 9000000000102018 0
GPR00: r0 0000000000000000 at 0000000000000000 v0 0000000000000000 v1 0000000000000000
GPR04: a0 9000000000104010 a1 ffffffff80002000 a2 ffffffff80002008 a3 0000000010000000
GPR08: t0 0000000000000000 t1 0000000000000000 t2 0000000000000000 t3 0000000000000000
GPR12: t4 0000000000000000 t5 0000000000000001 t6 0000000000000000 t7 0000000000000000
GPR16: s0 0000000000000000 s1 0000000000000000 s2 0000000000000000 s3 0000000000000000
GPR20: s4 0000000000000000 s5 0000000000000000 s6 0000000000000000 s7 0000000000000000
GPR24: t8 0000000000000000 t9 9000000000102000 k0 000000000b0b0a0a k1 ffffffffbbe00cfc
GPR28: gp 0000000000000000 sp 9000000000006fe0 s8 9000000000007000 ra 900000000010207c
CP0 Status  0x00400080 Cause   0x00000000 EPC    0x0000000000000000
    Config0 0x8000c083 Config1 0xbe6130db LLAddr 0x0000000000000000
    Config2 0x80000000 Config3 0x0c002084
    Config4 0x00000000 Config5 0x00000000
OP:
 ld_i32 loc0,env,$0xffffffffffffffe0
 brcond_i32 loc0,$0x0,lt,$L0

 ---- 9000000000102bfc 0000000000000000 0000000000000000
 add_i64 statcounters_icount_kernel,statcounters_icount_kernel,$0x1
 mov_i64 loc3,$0x10
 add_i64 loc3,sp,loc3
 mov_i64 tmp5,loc3
 qemu_ld_i64 loc3,tmp5,beq,0
 mov_i64 s8,loc3

 ---- 9000000000102c00 0000000000000000 0000000000000000
 add_i64 statcounters_icount_kernel,statcounters_icount_kernel,$0x1
 mov_i64 loc7,$0x18
 add_i64 loc7,sp,loc7
 mov_i64 tmp5,loc7
 qemu_ld_i64 loc7,tmp5,beq,0
 mov_i64 ra,loc7

 ---- 9000000000102c04 0000000000000000 0000000000000000
 add_i64 statcounters_icount_kernel,statcounters_icount_kernel,$0x1
 add_i64 sp,sp,$0x20

 ---- 9000000000102c08 0000000000000000 0000000000000000
 add_i64 statcounters_icount_kernel,statcounters_icount_kernel,$0x1
 mov_i64 btarget,ra

 ---- 9000000000102c0c 0000000000012000 ffffffffffffffff
 add_i64 statcounters_icount_kernel,statcounters_icount_kernel,$0x1
 mov_i64 PC,btarget
 call lookup_tb_ptr,$0x6,$1,tmp5,env
 goto_ptr tmp5
 set_label $L0
 exit_tb $0x7f07d4001983

OP after optimization and liveness analysis:
 ld_i32 tmp0,env,$0xffffffffffffffe0      pref=0xffff
 brcond_i32 tmp0,$0x0,lt,$L0              dead: 0 1

 ---- 9000000000102bfc 0000000000000000 0000000000000000
 add_i64 statcounters_icount_kernel,statcounters_icount_kernel,$0x1  sync: 0  dead: 1  pref=0xf038
 add_i64 tmp3,sp,$0x10                    dead: 2  pref=0xff3f
 qemu_ld_i64 tmp3,tmp3,beq,0              dead: 1  pref=0xffff
 mov_i64 s8,tmp3                          sync: 0  dead: 0 1  pref=0xffff

 ---- 9000000000102c00 0000000000000000 0000000000000000
 add_i64 statcounters_icount_kernel,statcounters_icount_kernel,$0x1  sync: 0  dead: 1  pref=0xf038
 add_i64 tmp7,sp,$0x18                    dead: 2  pref=0xff3f
 qemu_ld_i64 tmp7,tmp7,beq,0              dead: 1  pref=0xffff
 mov_i64 ra,tmp7                          sync: 0  dead: 1  pref=0xffff

 ---- 9000000000102c04 0000000000000000 0000000000000000
 add_i64 statcounters_icount_kernel,statcounters_icount_kernel,$0x1  dead: 1  pref=0xffff
 add_i64 sp,sp,$0x20                      sync: 0  dead: 0 1 2  pref=0xffff

 ---- 9000000000102c08 0000000000000000 0000000000000000
 add_i64 statcounters_icount_kernel,statcounters_icount_kernel,$0x1  dead: 1  pref=0xffff
 mov_i64 btarget,ra                       sync: 0  dead: 1  pref=0xffff

 ---- 9000000000102c0c 0000000000012000 ffffffffffffffff
 add_i64 statcounters_icount_kernel,statcounters_icount_kernel,$0x1  sync: 0  dead: 0 1 2  pref=0xffff
 mov_i64 PC,btarget                       sync: 0  dead: 0 1  pref=0xffff
 call lookup_tb_ptr,$0x6,$1,tmp5,env      dead: 1  pref=none
 goto_ptr tmp5                            dead: 0
 set_label $L0                          
 exit_tb $0x7f07d4001983                

pc=0x9000000000102bfc HI=0x0000000000000000 LO=0x0000000000000000 ds 4000098 9000000000102018 0
GPR00: r0 0000000000000000 at 0000000000000000 v0 0000000000000000 v1 0000000000000000
GPR04: a0 9000000000104010 a1 ffffffff80002000 a2 ffffffff80002008 a3 0000000010000000
GPR08: t0 0000000000000000 t1 0000000000000000 t2 0000000000000000 t3 0000000000000000
GPR12: t4 0000000000000080 t5 ffffffffffbfffff t6 0000000000000000 t7 0000000000000000
GPR16: s0 0000000000000000 s1 0000000000000000 s2 0000000000000000 s3 0000000000000000
GPR20: s4 0000000000000000 s5 0000000000000000 s6 0000000000000000 s7 0000000000000000
GPR24: t8 0000000000000000 t9 9000000000102000 k0 000000000b0b0a0a k1 ffffffffbbe00cfc
GPR28: gp 0000000000000000 sp 9000000000006fc0 s8 9000000000006fe0 ra 900000000010207c
CP0 Status  0x00000080 Cause   0x00000000 EPC    0x0000000000000000
    Config0 0x8000c083 Config1 0xbe6130db LLAddr 0x0000000000000000
    Config2 0x80000000 Config3 0x0c002084
    Config4 0x00000000 Config5 0x00000000
OP:
 ld_i32 loc0,env,$0xffffffffffffffe0
 brcond_i32 loc0,$0x0,lt,$L0

 ---- 900000000010207c 0000000000000000 0000000000000000
 add_i64 statcounters_icount_kernel,statcounters_icount_kernel,$0x1
 mov_i64 a0,$0xffffffff90000000

 ---- 9000000000102080 0000000000000000 0000000000000000
 add_i64 statcounters_icount_kernel,statcounters_icount_kernel,$0x1

 ---- 9000000000102084 0000000000000000 0000000000000000
 add_i64 statcounters_icount_kernel,statcounters_icount_kernel,$0x1
 mov_i64 loc4,a0
 shl_i64 a0,loc4,$0x10

 ---- 9000000000102088 0000000000000000 0000000000000000
 add_i64 statcounters_icount_kernel,statcounters_icount_kernel,$0x1
 add_i64 a0,a0,$0x10

 ---- 900000000010208c 0000000000000000 0000000000000000
 add_i64 statcounters_icount_kernel,statcounters_icount_kernel,$0x1
 mov_i64 loc6,a0
 shl_i64 a0,loc6,$0x10

 ---- 9000000000102090 0000000000000000 0000000000000000
 add_i64 statcounters_icount_kernel,statcounters_icount_kernel,$0x1
 add_i64 a0,a0,$0x24d4

 ---- 9000000000102094 0000000000000000 0000000000000000
 add_i64 statcounters_icount_kernel,statcounters_icount_kernel,$0x1
 mov_i64 a1,$0xffffffff90000000

 ---- 9000000000102098 0000000000000000 0000000000000000
 add_i64 statcounters_icount_kernel,statcounters_icount_kernel,$0x1

 ---- 900000000010209c 0000000000000000 0000000000000000
 add_i64 statcounters_icount_kernel,statcounters_icount_kernel,$0x1
 mov_i64 loc8,a1
 shl_i64 a1,loc8,$0x10

 ---- 90000000001020a0 0000000000000000 0000000000000000
 add_i64 statcounters_icount_kernel,statcounters_icount_kernel,$0x1
 add_i64 a1,a1,$0x10

 ---- 90000000001020a4 0000000000000000 0000000000000000
 add_i64 statcounters_icount_kernel,statcounters_icount_kernel,$0x1
 mov_i64 loc9,a1
 shl_i64 a1,loc9,$0x10

 ---- 90000000001020a8 0000000000000000 0000000000000000
 add_i64 statcounters_icount_kernel,statcounters_icount_kernel,$0x1
 add_i64 a1,a1,$0x24f4

 ---- 90000000001020ac 0000000000000000 0000000000000000
 add_i64 statcounters_icount_kernel,statcounters_icount_kernel,$0x1
 mov_i64 ra,$0x90000000001020b4

 ---- 90000000001020b0 0000000000010800 90000000001029e0
 add_i64 statcounters_icount_kernel,statcounters_icount_kernel,$0x1
 goto_tb $0x0
 mov_i64 PC,$0x90000000001029e0
 exit_tb $0x7f07d4001bc0
 set_label $L0
 exit_tb $0x7f07d4001bc3

OP after optimization and liveness analysis:
 ld_i32 tmp0,env,$0xffffffffffffffe0      dead: 1  pref=0xffff
 brcond_i32 tmp0,$0x0,lt,$L0              dead: 0 1

 ---- 900000000010207c 0000000000000000 0000000000000000
 add_i64 statcounters_icount_kernel,statcounters_icount_kernel,$0x1  dead: 1  pref=0xffff

 ---- 9000000000102080 0000000000000000 0000000000000000
 add_i64 statcounters_icount_kernel,statcounters_icount_kernel,$0x1  dead: 1  pref=0xffff

 ---- 9000000000102084 0000000000000000 0000000000000000
 add_i64 statcounters_icount_kernel,statcounters_icount_kernel,$0x1  dead: 1  pref=0xffff

 ---- 9000000000102088 0000000000000000 0000000000000000
 add_i64 statcounters_icount_kernel,statcounters_icount_kernel,$0x1  dead: 1  pref=0xffff

 ---- 900000000010208c 0000000000000000 0000000000000000
 add_i64 statcounters_icount_kernel,statcounters_icount_kernel,$0x1  dead: 1  pref=0xffff

 ---- 9000000000102090 0000000000000000 0000000000000000
 add_i64 statcounters_icount_kernel,statcounters_icount_kernel,$0x1  dead: 1  pref=0xffff
 mov_i64 a0,$0x90000000001024d4           sync: 0  dead: 0 1  pref=0xffff

 ---- 9000000000102094 0000000000000000 0000000000000000
 add_i64 statcounters_icount_kernel,statcounters_icount_kernel,$0x1  dead: 1  pref=0xffff

 ---- 9000000000102098 0000000000000000 0000000000000000
 add_i64 statcounters_icount_kernel,statcounters_icount_kernel,$0x1  dead: 1  pref=0xffff

 ---- 900000000010209c 0000000000000000 0000000000000000
 add_i64 statcounters_icount_kernel,statcounters_icount_kernel,$0x1  dead: 1  pref=0xffff

 ---- 90000000001020a0 0000000000000000 0000000000000000
 add_i64 statcounters_icount_kernel,statcounters_icount_kernel,$0x1  dead: 1  pref=0xffff

 ---- 90000000001020a4 0000000000000000 0000000000000000
 add_i64 statcounters_icount_kernel,statcounters_icount_kernel,$0x1  dead: 1  pref=0xffff

 ---- 90000000001020a8 0000000000000000 0000000000000000
 add_i64 statcounters_icount_kernel,statcounters_icount_kernel,$0x1  dead: 1  pref=0xffff
 mov_i64 a1,$0x90000000001024f4           sync: 0  dead: 0 1  pref=0xffff

 ---- 90000000001020ac 0000000000000000 0000000000000000
 add_i64 statcounters_icount_kernel,statcounters_icount_kernel,$0x1  dead: 1  pref=0xffff
 mov_i64 ra,$0x90000000001020b4           sync: 0  dead: 0 1  pref=0xffff

 ---- 90000000001020b0 0000000000010800 90000000001029e0
 add_i64 statcounters_icount_kernel,statcounters_icount_kernel,$0x1  sync: 0  dead: 0 1 2  pref=0xffff
 goto_tb $0x0                           
 mov_i64 PC,$0x90000000001029e0           sync: 0  dead: 0 1  pref=0xffff
 exit_tb $0x7f07d4001bc0                
 set_label $L0                          
 exit_tb $0x7f07d4001bc3                

pc=0x900000000010207c HI=0x0000000000000000 LO=0x0000000000000000 ds 4000098 900000000010207c 0
GPR00: r0 0000000000000000 at 0000000000000000 v0 0000000000000000 v1 0000000000000000
GPR04: a0 9000000000104010 a1 ffffffff80002000 a2 ffffffff80002008 a3 0000000010000000
GPR08: t0 0000000000000000 t1 0000000000000000 t2 0000000000000000 t3 0000000000000000
GPR12: t4 0000000000000080 t5 ffffffffffbfffff t6 0000000000000000 t7 0000000000000000
GPR16: s0 0000000000000000 s1 0000000000000000 s2 0000000000000000 s3 0000000000000000
GPR20: s4 0000000000000000 s5 0000000000000000 s6 0000000000000000 s7 0000000000000000
GPR24: t8 0000000000000000 t9 9000000000102000 k0 000000000b0b0a0a k1 ffffffffbbe00cfc
GPR28: gp 0000000000000000 sp 9000000000006fe0 s8 9000000000007000 ra 900000000010207c
CP0 Status  0x00000080 Cause   0x00000000 EPC    0x0000000000000000
    Config0 0x8000c083 Config1 0xbe6130db LLAddr 0x0000000000000000
    Config2 0x80000000 Config3 0x0c002084
    Config4 0x00000000 Config5 0x00000000
OP:
 ld_i32 loc0,env,$0xffffffffffffffe0
 brcond_i32 loc0,$0x0,lt,$L0

 ---- 90000000001029e0 0000000000000000 0000000000000000
 add_i64 statcounters_icount_kernel,statcounters_icount_kernel,$0x1
 add_i64 sp,sp,$0xfffffffffffffff0

 ---- 90000000001029e4 0000000000000000 0000000000000000
 add_i64 statcounters_icount_kernel,statcounters_icount_kernel,$0x1
 mov_i64 loc4,$0x8
 add_i64 loc4,sp,loc4
 mov_i64 loc5,ra
 qemu_st_i64 loc5,loc4,beq,0
 call cheri_invalidate_tags,$0x0,$0,env,loc4,$0x130
 mov_i64 lladdr,$0x0

 ---- 90000000001029e8 0000000000000000 0000000000000000
 add_i64 statcounters_icount_kernel,statcounters_icount_kernel,$0x1
 mov_i64 loc9,sp
 mov_i64 loc10,s8
 qemu_st_i64 loc10,loc9,beq,0
 call cheri_invalidate_tags,$0x0,$0,env,loc9,$0x130
 mov_i64 lladdr,$0x0

 ---- 90000000001029ec 0000000000000000 0000000000000000
 add_i64 statcounters_icount_kernel,statcounters_icount_kernel,$0x1
 add_i64 s8,sp,$0x10

 ---- 90000000001029f0 0000000000000000 0000000000000000
 add_i64 statcounters_icount_kernel,statcounters_icount_kernel,$0x1
 sub_i64 a2,a1,a0

 ---- 90000000001029f4 0000000000000000 0000000000000000
 add_i64 statcounters_icount_kernel,statcounters_icount_kernel,$0x1
 mov_i64 a1,a0

 ---- 90000000001029f8 0000000000000000 0000000000000000
 add_i64 statcounters_icount_kernel,statcounters_icount_kernel,$0x1
 mov_i64 a0,$0xffffffff80000000

 ---- 90000000001029fc 0000000000000000 0000000000000000
 add_i64 statcounters_icount_kernel,statcounters_icount_kernel,$0x1
 or_i64 a0,a0,$0x180

 ---- 9000000000102a00 0000000000000000 0000000000000000
 add_i64 statcounters_icount_kernel,statcounters_icount_kernel,$0x1
 mov_i64 ra,$0x9000000000102a08

 ---- 9000000000102a04 0000000000010800 900000000010265c
 add_i64 statcounters_icount_kernel,statcounters_icount_kernel,$0x1
 goto_tb $0x0
 mov_i64 PC,$0x900000000010265c
 exit_tb $0x7f07d4001d80
 set_label $L0
 exit_tb $0x7f07d4001d83

OP after optimization and liveness analysis:
 ld_i32 tmp0,env,$0xffffffffffffffe0      pref=0xffff
 brcond_i32 tmp0,$0x0,lt,$L0              dead: 0 1

 ---- 90000000001029e0 0000000000000000 0000000000000000
 add_i64 statcounters_icount_kernel,statcounters_icount_kernel,$0x1  dead: 1  pref=0xffff
 add_i64 sp,sp,$0xfffffffffffffff0        sync: 0  dead: 1 2  pref=0xffff

 ---- 90000000001029e4 0000000000000000 0000000000000000
 add_i64 statcounters_icount_kernel,statcounters_icount_kernel,$0x1  sync: 0  dead: 0 1  pref=0xffff
 add_i64 tmp4,sp,$0x8                     dead: 1 2  pref=0xf038
 qemu_st_i64 ra,tmp4,beq,0                dead: 0
 call cheri_invalidate_tags,$0x0,$0,env,tmp4,$0x130  dead: 0 1
 mov_i64 lladdr,$0x0                      sync: 0  dead: 0  pref=0xffff

 ---- 90000000001029e8 0000000000000000 0000000000000000
 add_i64 statcounters_icount_kernel,statcounters_icount_kernel,$0x1  sync: 0  dead: 0 1  pref=0xffff
 qemu_st_i64 s8,sp,beq,0                  dead: 0
 call cheri_invalidate_tags,$0x0,$0,env,sp,$0x130  dead: 0 1 2
 mov_i64 lladdr,$0x0                      sync: 0  dead: 0 1  pref=0xffff

 ---- 90000000001029ec 0000000000000000 0000000000000000
 add_i64 statcounters_icount_kernel,statcounters_icount_kernel,$0x1  dead: 1  pref=0xffff
 add_i64 s8,sp,$0x10                      sync: 0  dead: 0 1 2  pref=0xffff

 ---- 90000000001029f0 0000000000000000 0000000000000000
 add_i64 statcounters_icount_kernel,statcounters_icount_kernel,$0x1  dead: 1  pref=0xffff
 sub_i64 a2,a1,a0                         sync: 0  dead: 0 1  pref=0xffff

 ---- 90000000001029f4 0000000000000000 0000000000000000
 add_i64 statcounters_icount_kernel,statcounters_icount_kernel,$0x1  dead: 1  pref=0xffff
 mov_i64 a1,a0                            sync: 0  dead: 0 1  pref=0xffff

 ---- 90000000001029f8 0000000000000000 0000000000000000
 add_i64 statcounters_icount_kernel,statcounters_icount_kernel,$0x1  dead: 1  pref=0xffff

 ---- 90000000001029fc 0000000000000000 0000000000000000
 add_i64 statcounters_icount_kernel,statcounters_icount_kernel,$0x1  dead: 1  pref=0xffff
 mov_i64 a0,$0xffffffff80000180           sync: 0  dead: 0 1  pref=0xffff

 ---- 9000000000102a00 0000000000000000 0000000000000000
 add_i64 statcounters_icount_kernel,statcounters_icount_kernel,$0x1  dead: 1  pref=0xffff
 mov_i64 ra,$0x9000000000102a08           sync: 0  dead: 0 1  pref=0xffff

 ---- 9000000000102a04 0000000000010800 900000000010265c
 add_i64 statcounters_icount_kernel,statcounters_icount_kernel,$0x1  sync: 0  dead: 0 1 2  pref=0xffff
 goto_tb $0x0                           
 mov_i64 PC,$0x900000000010265c           sync: 0  dead: 0 1  pref=0xffff
 exit_tb $0x7f07d4001d80                
 set_label $L0                          
 exit_tb $0x7f07d4001d83                

pc=0x90000000001029e0 HI=0x0000000000000000 LO=0x0000000000000000 ds 4000098 900000000010207c 0
GPR00: r0 0000000000000000 at 0000000000000000 v0 0000000000000000 v1 0000000000000000
GPR04: a0 90000000001024d4 a1 90000000001024f4 a2 ffffffff80002008 a3 0000000010000000
GPR08: t0 0000000000000000 t1 0000000000000000 t2 0000000000000000 t3 0000000000000000
GPR12: t4 0000000000000080 t5 ffffffffffbfffff t6 0000000000000000 t7 0000000000000000
GPR16: s0 0000000000000000 s1 0000000000000000 s2 0000000000000000 s3 0000000000000000
GPR20: s4 0000000000000000 s5 0000000000000000 s6 0000000000000000 s7 0000000000000000
GPR24: t8 0000000000000000 t9 9000000000102000 k0 000000000b0b0a0a k1 ffffffffbbe00cfc
GPR28: gp 0000000000000000 sp 9000000000006fe0 s8 9000000000007000 ra 90000000001020b4
CP0 Status  0x00000080 Cause   0x00000000 EPC    0x0000000000000000
    Config0 0x8000c083 Config1 0xbe6130db LLAddr 0x0000000000000000
    Config2 0x80000000 Config3 0x0c002084
    Config4 0x00000000 Config5 0x00000000
OP:
 ld_i32 loc0,env,$0xffffffffffffffe0
 brcond_i32 loc0,$0x0,lt,$L0

 ---- 900000000010265c 0000000000000000 0000000000000000
 add_i64 statcounters_icount_kernel,statcounters_icount_kernel,$0x1
 add_i64 sp,sp,$0xffffffffffffffe0

 ---- 9000000000102660 0000000000000000 0000000000000000
 add_i64 statcounters_icount_kernel,statcounters_icount_kernel,$0x1
 mov_i64 loc4,$0x18
 add_i64 loc4,sp,loc4
 mov_i64 loc5,ra
 qemu_st_i64 loc5,loc4,beq,0
 call cheri_invalidate_tags,$0x0,$0,env,loc4,$0x130
 mov_i64 lladdr,$0x0

 ---- 9000000000102664 0000000000000000 0000000000000000
 add_i64 statcounters_icount_kernel,statcounters_icount_kernel,$0x1
 mov_i64 loc9,$0x10
 add_i64 loc9,sp,loc9
 mov_i64 loc10,s8
 qemu_st_i64 loc10,loc9,beq,0
 call cheri_invalidate_tags,$0x0,$0,env,loc9,$0x130
 mov_i64 lladdr,$0x0

 ---- 9000000000102668 0000000000000000 0000000000000000
 add_i64 statcounters_icount_kernel,statcounters_icount_kernel,$0x1
 add_i64 s8,sp,$0x20

 ---- 900000000010266c 0000000000000000 0000000000000000
 add_i64 statcounters_icount_kernel,statcounters_icount_kernel,$0x1
 mov_i64 v0,a0

 ---- 9000000000102670 0000000000000000 0000000000000000
 add_i64 statcounters_icount_kernel,statcounters_icount_kernel,$0x1
 mov_i64 loc13,a2
 mov_i64 loc14,$0x0
 setcond_i64 bcond,loc13,loc14,eq

 ---- 9000000000102674 0000000000011000 9000000000102690
 add_i64 statcounters_icount_kernel,statcounters_icount_kernel,$0x1
 brcond_i64 bcond,$0x0,ne,$L1
 goto_tb $0x1
 mov_i64 PC,$0x9000000000102678
 exit_tb $0x7f07d4002041
 set_label $L1
 goto_tb $0x0
 mov_i64 PC,$0x9000000000102690
 exit_tb $0x7f07d4002040
 set_label $L0
 exit_tb $0x7f07d4002043

OP after optimization and liveness analysis:
 ld_i32 tmp0,env,$0xffffffffffffffe0      pref=0xffff
 brcond_i32 tmp0,$0x0,lt,$L0              dead: 0 1

 ---- 900000000010265c 0000000000000000 0000000000000000
 add_i64 statcounters_icount_kernel,statcounters_icount_kernel,$0x1  dead: 1  pref=0xffff
 add_i64 sp,sp,$0xffffffffffffffe0        sync: 0  dead: 1 2  pref=0xffff

 ---- 9000000000102660 0000000000000000 0000000000000000
 add_i64 statcounters_icount_kernel,statcounters_icount_kernel,$0x1  sync: 0  dead: 0 1  pref=0xffff
 add_i64 tmp4,sp,$0x18                    dead: 1 2  pref=0xf038
 qemu_st_i64 ra,tmp4,beq,0                dead: 0
 call cheri_invalidate_tags,$0x0,$0,env,tmp4,$0x130  dead: 0 1
 mov_i64 lladdr,$0x0                      sync: 0  dead: 0  pref=0xffff

 ---- 9000000000102664 0000000000000000 0000000000000000
 add_i64 statcounters_icount_kernel,statcounters_icount_kernel,$0x1  sync: 0  dead: 0 1  pref=0xffff
 add_i64 tmp9,sp,$0x10                    dead: 1 2  pref=0xf038
 qemu_st_i64 s8,tmp9,beq,0                dead: 0
 call cheri_invalidate_tags,$0x0,$0,env,tmp9,$0x130  dead: 0 1 2
 mov_i64 lladdr,$0x0                      sync: 0  dead: 0  pref=0xffff

 ---- 9000000000102668 0000000000000000 0000000000000000
 add_i64 statcounters_icount_kernel,statcounters_icount_kernel,$0x1  dead: 1  pref=0xffff
 add_i64 s8,sp,$0x20                      sync: 0  dead: 0 1 2  pref=0xffff

 ---- 900000000010266c 0000000000000000 0000000000000000
 add_i64 statcounters_icount_kernel,statcounters_icount_kernel,$0x1  dead: 1  pref=0xffff
 mov_i64 v0,a0                            sync: 0  dead: 0 1  pref=0xffff

 ---- 9000000000102670 0000000000000000 0000000000000000
 add_i64 statcounters_icount_kernel,statcounters_icount_kernel,$0x1  dead: 1  pref=0xffff
 setcond_i64 bcond,a2,$0x0,eq             sync: 0  dead: 1  pref=0xffff

 ---- 9000000000102674 0000000000011000 9000000000102690
 add_i64 statcounters_icount_kernel,statcounters_icount_kernel,$0x1  sync: 0  dead: 0 1 2  pref=0xffff
 brcond_i64 bcond,$0x0,ne,$L1             dead: 0 1
 goto_tb $0x1                           
 mov_i64 PC,$0x9000000000102678           sync: 0  dead: 0 1  pref=0xffff
 exit_tb $0x7f07d4002041                
 set_label $L1                          
 goto_tb $0x0                           
 mov_i64 PC,$0x9000000000102690           sync: 0  dead: 0 1  pref=0xffff
 exit_tb $0x7f07d4002040                
 set_label $L0                          
 exit_tb $0x7f07d4002043                

pc=0x900000000010265c HI=0x0000000000000000 LO=0x0000000000000000 ds 4000098 900000000010207c 0
GPR00: r0 0000000000000000 at 0000000000000000 v0 0000000000000000 v1 0000000000000000
GPR04: a0 ffffffff80000180 a1 90000000001024d4 a2 0000000000000020 a3 0000000010000000
GPR08: t0 0000000000000000 t1 0000000000000000 t2 0000000000000000 t3 0000000000000000
GPR12: t4 0000000000000080 t5 ffffffffffbfffff t6 0000000000000000 t7 0000000000000000
GPR16: s0 0000000000000000 s1 0000000000000000 s2 0000000000000000 s3 0000000000000000
GPR20: s4 0000000000000000 s5 0000000000000000 s6 0000000000000000 s7 0000000000000000
GPR24: t8 0000000000000000 t9 9000000000102000 k0 000000000b0b0a0a k1 ffffffffbbe00cfc
GPR28: gp 0000000000000000 sp 9000000000006fd0 s8 9000000000006fe0 ra 9000000000102a08
CP0 Status  0x00000080 Cause   0x00000000 EPC    0x0000000000000000
    Config0 0x8000c083 Config1 0xbe6130db LLAddr 0x0000000000000000
    Config2 0x80000000 Config3 0x0c002084
    Config4 0x00000000 Config5 0x00000000
OP:
 ld_i32 loc0,env,$0xffffffffffffffe0
 brcond_i32 loc0,$0x0,lt,$L0

 ---- 9000000000102678 0000000000000000 0000000000000000
 add_i64 statcounters_icount_kernel,statcounters_icount_kernel,$0x1
 mov_i64 loc3,a1
 mov_i64 tmp4,loc3
 qemu_ld_i64 loc3,tmp4,sb,0
 mov_i64 t4,loc3

 ---- 900000000010267c 0000000000000000 0000000000000000
 add_i64 statcounters_icount_kernel,statcounters_icount_kernel,$0x1
 mov_i64 loc6,a0
 mov_i64 loc7,t4
 qemu_st_i64 loc7,loc6,ub,0
 call cheri_invalidate_tags,$0x0,$0,env,loc6,$0x0
 mov_i64 lladdr,$0x0

 ---- 9000000000102680 0000000000000000 0000000000000000
 add_i64 statcounters_icount_kernel,statcounters_icount_kernel,$0x1
 add_i64 a0,a0,$0x1

 ---- 9000000000102684 0000000000000000 0000000000000000
 add_i64 statcounters_icount_kernel,statcounters_icount_kernel,$0x1
 add_i64 a2,a2,$0xffffffffffffffff

 ---- 9000000000102688 0000000000000000 0000000000000000
 add_i64 statcounters_icount_kernel,statcounters_icount_kernel,$0x1
 mov_i64 loc10,a2
 mov_i64 loc11,$0x0
 setcond_i64 bcond,loc10,loc11,ne

 ---- 900000000010268c 0000000000011000 9000000000102678
 add_i64 statcounters_icount_kernel,statcounters_icount_kernel,$0x1
 add_i64 a1,a1,$0x1
 brcond_i64 bcond,$0x0,ne,$L1
 goto_tb $0x1
 mov_i64 PC,$0x9000000000102690
 exit_tb $0x7f07d4002341
 set_label $L1
 goto_tb $0x0
 mov_i64 PC,$0x9000000000102678
 exit_tb $0x7f07d4002340
 set_label $L0
 exit_tb $0x7f07d4002343

OP after optimization and liveness analysis:
 ld_i32 tmp0,env,$0xffffffffffffffe0      pref=0xffff
 brcond_i32 tmp0,$0x0,lt,$L0              dead: 0

 ---- 9000000000102678 0000000000000000 0000000000000000
 add_i64 statcounters_icount_kernel,statcounters_icount_kernel,$0x1  sync: 0  dead: 1  pref=0xf038
 qemu_ld_i64 tmp3,a1,sb,0                 dead: 1  pref=0xffff
 mov_i64 t4,tmp3                          sync: 0  dead: 1  pref=0xff3f

 ---- 900000000010267c 0000000000000000 0000000000000000
 add_i64 statcounters_icount_kernel,statcounters_icount_kernel,$0x1  sync: 0  dead: 0 1  pref=0xffff
 qemu_st_i64 t4,a0,ub,0                   dead: 0
 call cheri_invalidate_tags,$0x0,$0,env,a0,$0x0  dead: 0 1 2
 mov_i64 lladdr,$0x0                      sync: 0  dead: 0  pref=0xffff

 ---- 9000000000102680 0000000000000000 0000000000000000
 add_i64 statcounters_icount_kernel,statcounters_icount_kernel,$0x1  dead: 1  pref=0xffff
 add_i64 a0,a0,$0x1                       sync: 0  dead: 0 1  pref=0xffff

 ---- 9000000000102684 0000000000000000 0000000000000000
 add_i64 statcounters_icount_kernel,statcounters_icount_kernel,$0x1  dead: 1  pref=0xffff
 add_i64 a2,a2,$0xffffffffffffffff        sync: 0  dead: 1 2  pref=0xffff

 ---- 9000000000102688 0000000000000000 0000000000000000
 add_i64 statcounters_icount_kernel,statcounters_icount_kernel,$0x1  dead: 1  pref=0xffff
 setcond_i64 bcond,a2,$0x0,ne             sync: 0  dead: 1  pref=0xffff

 ---- 900000000010268c 0000000000011000 9000000000102678
 add_i64 statcounters_icount_kernel,statcounters_icount_kernel,$0x1  sync: 0  dead: 0 1  pref=0xffff
 add_i64 a1,a1,$0x1                       sync: 0  dead: 0 1 2  pref=0xffff
 brcond_i64 bcond,$0x0,ne,$L1             dead: 0 1
 goto_tb $0x1                           
 mov_i64 PC,$0x9000000000102690           sync: 0  dead: 0 1  pref=0xffff
 exit_tb $0x7f07d4002341                
 set_label $L1                          
 goto_tb $0x0                           
 mov_i64 PC,$0x9000000000102678           sync: 0  dead: 0 1  pref=0xffff
 exit_tb $0x7f07d4002340                
 set_label $L0                          
 exit_tb $0x7f07d4002343                

pc=0x9000000000102678 HI=0x0000000000000000 LO=0x0000000000000000 ds 4000098 900000000010207c 0
GPR00: r0 0000000000000000 at 0000000000000000 v0 ffffffff80000180 v1 0000000000000000
GPR04: a0 ffffffff80000180 a1 90000000001024d4 a2 0000000000000020 a3 0000000010000000
GPR08: t0 0000000000000000 t1 0000000000000000 t2 0000000000000000 t3 0000000000000000
GPR12: t4 0000000000000080 t5 ffffffffffbfffff t6 0000000000000000 t7 0000000000000000
GPR16: s0 0000000000000000 s1 0000000000000000 s2 0000000000000000 s3 0000000000000000
GPR20: s4 0000000000000000 s5 0000000000000000 s6 0000000000000000 s7 0000000000000000
GPR24: t8 0000000000000000 t9 9000000000102000 k0 000000000b0b0a0a k1 ffffffffbbe00cfc
GPR28: gp 0000000000000000 sp 9000000000006fb0 s8 9000000000006fd0 ra 9000000000102a08
CP0 Status  0x00000080 Cause   0x00000000 EPC    0x0000000000000000
    Config0 0x8000c083 Config1 0xbe6130db LLAddr 0x0000000000000000
    Config2 0x80000000 Config3 0x0c002084
    Config4 0x00000000 Config5 0x00000000
pc=0x9000000000102678 HI=0x0000000000000000 LO=0x0000000000000000 ds 4000098 900000000010207c 1
GPR00: r0 0000000000000000 at 0000000000000000 v0 ffffffff80000180 v1 0000000000000000
GPR04: a0 ffffffff80000181 a1 90000000001024d5 a2 000000000000001f a3 0000000010000000
GPR08: t0 0000000000000000 t1 0000000000000000 t2 0000000000000000 t3 0000000000000000
GPR12: t4 000000000000003c t5 ffffffffffbfffff t6 0000000000000000 t7 0000000000000000
GPR16: s0 0000000000000000 s1 0000000000000000 s2 0000000000000000 s3 0000000000000000
GPR20: s4 0000000000000000 s5 0000000000000000 s6 0000000000000000 s7 0000000000000000
GPR24: t8 0000000000000000 t9 9000000000102000 k0 000000000b0b0a0a k1 ffffffffbbe00cfc
GPR28: gp 0000000000000000 sp 9000000000006fb0 s8 9000000000006fd0 ra 9000000000102a08
CP0 Status  0x00000080 Cause   0x00000000 EPC    0x0000000000000000
    Config0 0x8000c083 Config1 0xbe6130db LLAddr 0x0000000000000000
    Config2 0x80000000 Config3 0x0c002084
    Config4 0x00000000 Config5 0x00000000
OP:
 ld_i32 loc0,env,$0xffffffffffffffe0
 brcond_i32 loc0,$0x0,lt,$L0

 ---- 9000000000102690 0000000000000000 0000000000000000
 add_i64 statcounters_icount_kernel,statcounters_icount_kernel,$0x1
 mov_i64 loc3,$0x10
 add_i64 loc3,sp,loc3
 mov_i64 tmp5,loc3
 qemu_ld_i64 loc3,tmp5,beq,0
 mov_i64 s8,loc3

 ---- 9000000000102694 0000000000000000 0000000000000000
 add_i64 statcounters_icount_kernel,statcounters_icount_kernel,$0x1
 mov_i64 loc7,$0x18
 add_i64 loc7,sp,loc7
 mov_i64 tmp5,loc7
 qemu_ld_i64 loc7,tmp5,beq,0
 mov_i64 ra,loc7

 ---- 9000000000102698 0000000000000000 0000000000000000
 add_i64 statcounters_icount_kernel,statcounters_icount_kernel,$0x1
 add_i64 sp,sp,$0x20

 ---- 900000000010269c 0000000000000000 0000000000000000
 add_i64 statcounters_icount_kernel,statcounters_icount_kernel,$0x1
 mov_i64 btarget,ra

 ---- 90000000001026a0 0000000000012000 ffffffffffffffff
 add_i64 statcounters_icount_kernel,statcounters_icount_kernel,$0x1
 mb $0x3f
 mov_i64 PC,btarget
 call lookup_tb_ptr,$0x6,$1,tmp5,env
 goto_ptr tmp5
 set_label $L0
 exit_tb $0x7f07d4002603

OP after optimization and liveness analysis:
 ld_i32 tmp0,env,$0xffffffffffffffe0      pref=0xffff
 brcond_i32 tmp0,$0x0,lt,$L0              dead: 0 1

 ---- 9000000000102690 0000000000000000 0000000000000000
 add_i64 statcounters_icount_kernel,statcounters_icount_kernel,$0x1  sync: 0  dead: 1  pref=0xf038
 add_i64 tmp3,sp,$0x10                    dead: 2  pref=0xff3f
 qemu_ld_i64 tmp3,tmp3,beq,0              dead: 1  pref=0xffff
 mov_i64 s8,tmp3                          sync: 0  dead: 0 1  pref=0xffff

 ---- 9000000000102694 0000000000000000 0000000000000000
 add_i64 statcounters_icount_kernel,statcounters_icount_kernel,$0x1  sync: 0  dead: 1  pref=0xf038
 add_i64 tmp7,sp,$0x18                    dead: 2  pref=0xff3f
 qemu_ld_i64 tmp7,tmp7,beq,0              dead: 1  pref=0xffff
 mov_i64 ra,tmp7                          sync: 0  dead: 1  pref=0xffff

 ---- 9000000000102698 0000000000000000 0000000000000000
 add_i64 statcounters_icount_kernel,statcounters_icount_kernel,$0x1  dead: 1  pref=0xffff
 add_i64 sp,sp,$0x20                      sync: 0  dead: 0 1 2  pref=0xffff

 ---- 900000000010269c 0000000000000000 0000000000000000
 add_i64 statcounters_icount_kernel,statcounters_icount_kernel,$0x1  dead: 1  pref=0xffff
 mov_i64 btarget,ra                       sync: 0  dead: 1  pref=0xffff

 ---- 90000000001026a0 0000000000012000 ffffffffffffffff
 add_i64 statcounters_icount_kernel,statcounters_icount_kernel,$0x1  sync: 0  dead: 0 1 2  pref=0xffff
 mb $0x3f                               
 mov_i64 PC,btarget                       sync: 0  dead: 0 1  pref=0xffff
 call lookup_tb_ptr,$0x6,$1,tmp5,env      dead: 1  pref=none
 goto_ptr tmp5                            dead: 0
 set_label $L0                          
 exit_tb $0x7f07d4002603                

pc=0x9000000000102690 HI=0x0000000000000000 LO=0x0000000000000000 ds 4000098 900000000010207c 0
GPR00: r0 0000000000000000 at 0000000000000000 v0 ffffffff80000180 v1 0000000000000000
GPR04: a0 ffffffff800001a0 a1 90000000001024f4 a2 0000000000000000 a3 0000000010000000
GPR08: t0 0000000000000000 t1 0000000000000000 t2 0000000000000000 t3 0000000000000000
GPR12: t4 0000000000000000 t5 ffffffffffbfffff t6 0000000000000000 t7 0000000000000000
GPR16: s0 0000000000000000 s1 0000000000000000 s2 0000000000000000 s3 0000000000000000
GPR20: s4 0000000000000000 s5 0000000000000000 s6 0000000000000000 s7 0000000000000000
GPR24: t8 0000000000000000 t9 9000000000102000 k0 000000000b0b0a0a k1 ffffffffbbe00cfc
GPR28: gp 0000000000000000 sp 9000000000006fb0 s8 9000000000006fd0 ra 9000000000102a08
CP0 Status  0x00000080 Cause   0x00000000 EPC    0x0000000000000000
    Config0 0x8000c083 Config1 0xbe6130db LLAddr 0x0000000000000000
    Config2 0x80000000 Config3 0x0c002084
    Config4 0x00000000 Config5 0x00000000
OP:
 ld_i32 loc0,env,$0xffffffffffffffe0
 brcond_i32 loc0,$0x0,lt,$L0

 ---- 9000000000102a08 0000000000000000 0000000000000000
 add_i64 statcounters_icount_kernel,statcounters_icount_kernel,$0x1
 mov_i64 a0,$0xffffffff80000000

 ---- 9000000000102a0c 0000000000000000 0000000000000000
 add_i64 statcounters_icount_kernel,statcounters_icount_kernel,$0x1
 mov_i64 a1,$0x10000000

 ---- 9000000000102a10 0000000000000000 0000000000000000
 add_i64 statcounters_icount_kernel,statcounters_icount_kernel,$0x1
 or_i64 a1,a1,$0x5f

 ---- 9000000000102a14 0000000000000000 0000000000000000
 add_i64 statcounters_icount_kernel,statcounters_icount_kernel,$0x1
 mov_i64 loc6,a0
 mov_i64 loc7,a1
 qemu_st_i64 loc7,loc6,beul,0
 call cheri_invalidate_tags,$0x0,$0,env,loc6,$0x120
 mov_i64 lladdr,$0x0

 ---- 9000000000102a18 0000000000000000 0000000000000000
 add_i64 statcounters_icount_kernel,statcounters_icount_kernel,$0x1
 mov_i64 loc10,$0x4
 add_i64 loc10,a0,loc10
 mov_i64 loc11,$0x0
 qemu_st_i64 loc11,loc10,beul,0
 call cheri_invalidate_tags,$0x0,$0,env,loc10,$0x120
 mov_i64 lladdr,$0x0

 ---- 9000000000102a1c 0000000000000000 0000000000000000
 add_i64 statcounters_icount_kernel,statcounters_icount_kernel,$0x1
 mov_i64 a1,$0x10000000

 ---- 9000000000102a20 0000000000000000 0000000000000000
 add_i64 statcounters_icount_kernel,statcounters_icount_kernel,$0x1
 or_i64 a1,a1,$0x3f

 ---- 9000000000102a24 0000000000000000 0000000000000000
 add_i64 statcounters_icount_kernel,statcounters_icount_kernel,$0x1
 mov_i64 loc14,$0x80
 add_i64 loc14,a0,loc14
 mov_i64 loc15,a1
 qemu_st_i64 loc15,loc14,beul,0
 call cheri_invalidate_tags,$0x0,$0,env,loc14,$0x120
 mov_i64 lladdr,$0x0

 ---- 9000000000102a28 0000000000000000 0000000000000000
 add_i64 statcounters_icount_kernel,statcounters_icount_kernel,$0x1
 mov_i64 loc17,$0x84
 add_i64 loc17,a0,loc17
 mov_i64 loc18,$0x0
 qemu_st_i64 loc18,loc17,beul,0
 call cheri_invalidate_tags,$0x0,$0,env,loc17,$0x120
 mov_i64 lladdr,$0x0

 ---- 9000000000102a2c 0000000000000000 0000000000000000
 add_i64 statcounters_icount_kernel,statcounters_icount_kernel,$0x1
 mov_i64 a1,$0x10000000

 ---- 9000000000102a30 0000000000000000 0000000000000000
 add_i64 statcounters_icount_kernel,statcounters_icount_kernel,$0x1
 or_i64 a1,a1,$0x1f

 ---- 9000000000102a34 0000000000000000 0000000000000000
 add_i64 statcounters_icount_kernel,statcounters_icount_kernel,$0x1
 mov_i64 loc21,$0x100
 add_i64 loc21,a0,loc21
 mov_i64 loc22,a1
 qemu_st_i64 loc22,loc21,beul,0
 call cheri_invalidate_tags,$0x0,$0,env,loc21,$0x120
 mov_i64 lladdr,$0x0

 ---- 9000000000102a38 0000000000000000 0000000000000000
 add_i64 statcounters_icount_kernel,statcounters_icount_kernel,$0x1
 mov_i64 loc24,$0x104
 add_i64 loc24,a0,loc24
 mov_i64 loc25,$0x0
 qemu_st_i64 loc25,loc24,beul,0
 call cheri_invalidate_tags,$0x0,$0,env,loc24,$0x120
 mov_i64 lladdr,$0x0

 ---- 9000000000102a3c 0000000000000000 0000000000000000
 add_i64 statcounters_icount_kernel,statcounters_icount_kernel,$0x1
 mov_i64 loc27,$0x8
 add_i64 loc27,sp,loc27
 mov_i64 tmp29,loc27
 qemu_ld_i64 loc27,tmp29,beq,0
 mov_i64 ra,loc27

 ---- 9000000000102a40 0000000000000000 0000000000000000
 add_i64 statcounters_icount_kernel,statcounters_icount_kernel,$0x1
 mov_i64 loc31,sp
 mov_i64 tmp29,loc31
 qemu_ld_i64 loc31,tmp29,beq,0
 mov_i64 s8,loc31

 ---- 9000000000102a44 0000000000000000 0000000000000000
 add_i64 statcounters_icount_kernel,statcounters_icount_kernel,$0x1
 mov_i64 btarget,ra

 ---- 9000000000102a48 0000000000012000 ffffffffffffffff
 add_i64 statcounters_icount_kernel,statcounters_icount_kernel,$0x1
 add_i64 sp,sp,$0x10
 mov_i64 PC,btarget
 call lookup_tb_ptr,$0x6,$1,tmp29,env
 goto_ptr tmp29
 set_label $L0
 exit_tb $0x7f07d4002843

OP after optimization and liveness analysis:
 ld_i32 tmp0,env,$0xffffffffffffffe0      pref=0xffff
 brcond_i32 tmp0,$0x0,lt,$L0              dead: 0 1

 ---- 9000000000102a08 0000000000000000 0000000000000000
 add_i64 statcounters_icount_kernel,statcounters_icount_kernel,$0x1  dead: 1  pref=0xffff
 mov_i64 a0,$0xffffffff80000000           sync: 0  dead: 0  pref=0xffff

 ---- 9000000000102a0c 0000000000000000 0000000000000000
 add_i64 statcounters_icount_kernel,statcounters_icount_kernel,$0x1  dead: 1  pref=0xffff

 ---- 9000000000102a10 0000000000000000 0000000000000000
 add_i64 statcounters_icount_kernel,statcounters_icount_kernel,$0x1  dead: 1  pref=0xffff
 mov_i64 a1,$0x1000005f                   sync: 0  dead: 0  pref=0xffff

 ---- 9000000000102a14 0000000000000000 0000000000000000
 add_i64 statcounters_icount_kernel,statcounters_icount_kernel,$0x1  sync: 0  dead: 0 1  pref=0xffff
 qemu_st_i64 $0x1000005f,$0xffffffff80000000,beul,0  dead: 0
 call cheri_invalidate_tags,$0x0,$0,env,$0xffffffff80000000,$0x120  dead: 0 1
 mov_i64 lladdr,$0x0                      sync: 0  dead: 0  pref=0xffff

 ---- 9000000000102a18 0000000000000000 0000000000000000
 add_i64 statcounters_icount_kernel,statcounters_icount_kernel,$0x1  sync: 0  dead: 0 1  pref=0xffff
 add_i64 tmp10,a0,$0x4                    dead: 1 2  pref=0xf038
 qemu_st_i64 $0x0,tmp10,beul,0          
 call cheri_invalidate_tags,$0x0,$0,env,tmp10,$0x120  dead: 0 1
 mov_i64 lladdr,$0x0                      sync: 0  dead: 0  pref=0xffff

 ---- 9000000000102a1c 0000000000000000 0000000000000000
 add_i64 statcounters_icount_kernel,statcounters_icount_kernel,$0x1  dead: 1  pref=0xffff

 ---- 9000000000102a20 0000000000000000 0000000000000000
 add_i64 statcounters_icount_kernel,statcounters_icount_kernel,$0x1  dead: 1  pref=0xffff
 mov_i64 a1,$0x1000003f                   sync: 0  dead: 0  pref=0xffff

 ---- 9000000000102a24 0000000000000000 0000000000000000
 add_i64 statcounters_icount_kernel,statcounters_icount_kernel,$0x1  sync: 0  dead: 0 1  pref=0xffff
 add_i64 tmp14,a0,$0x80                   dead: 1 2  pref=0xf038
 qemu_st_i64 $0x1000003f,tmp14,beul,0     dead: 0
 call cheri_invalidate_tags,$0x0,$0,env,tmp14,$0x120  dead: 0 1
 mov_i64 lladdr,$0x0                      sync: 0  dead: 0  pref=0xffff

 ---- 9000000000102a28 0000000000000000 0000000000000000
 add_i64 statcounters_icount_kernel,statcounters_icount_kernel,$0x1  sync: 0  dead: 0 1  pref=0xffff
 add_i64 tmp17,a0,$0x84                   dead: 1 2  pref=0xf038
 qemu_st_i64 $0x0,tmp17,beul,0          
 call cheri_invalidate_tags,$0x0,$0,env,tmp17,$0x120  dead: 0 1
 mov_i64 lladdr,$0x0                      sync: 0  dead: 0  pref=0xffff

 ---- 9000000000102a2c 0000000000000000 0000000000000000
 add_i64 statcounters_icount_kernel,statcounters_icount_kernel,$0x1  dead: 1  pref=0xffff

 ---- 9000000000102a30 0000000000000000 0000000000000000
 add_i64 statcounters_icount_kernel,statcounters_icount_kernel,$0x1  dead: 1  pref=0xffff
 mov_i64 a1,$0x1000001f                   sync: 0  dead: 0  pref=0xffff

 ---- 9000000000102a34 0000000000000000 0000000000000000
 add_i64 statcounters_icount_kernel,statcounters_icount_kernel,$0x1  sync: 0  dead: 0 1  pref=0xffff
 add_i64 tmp21,a0,$0x100                  dead: 1 2  pref=0xf038
 qemu_st_i64 $0x1000001f,tmp21,beul,0     dead: 0
 call cheri_invalidate_tags,$0x0,$0,env,tmp21,$0x120  dead: 0 1
 mov_i64 lladdr,$0x0                      sync: 0  dead: 0  pref=0xffff

 ---- 9000000000102a38 0000000000000000 0000000000000000
 add_i64 statcounters_icount_kernel,statcounters_icount_kernel,$0x1  sync: 0  dead: 0 1  pref=0xffff
 add_i64 tmp24,a0,$0x104                  dead: 1 2  pref=0xf038
 qemu_st_i64 $0x0,tmp24,beul,0          
 call cheri_invalidate_tags,$0x0,$0,env,tmp24,$0x120  dead: 0 1 2
 mov_i64 lladdr,$0x0                      sync: 0  dead: 0 1  pref=0xffff

 ---- 9000000000102a3c 0000000000000000 0000000000000000
 add_i64 statcounters_icount_kernel,statcounters_icount_kernel,$0x1  sync: 0  dead: 1  pref=0xf038
 add_i64 tmp27,sp,$0x8                    dead: 2  pref=0xff3f
 qemu_ld_i64 tmp27,tmp27,beq,0            dead: 1  pref=0xffff
 mov_i64 ra,tmp27                         sync: 0  dead: 1  pref=0xf038

 ---- 9000000000102a40 0000000000000000 0000000000000000
 add_i64 statcounters_icount_kernel,statcounters_icount_kernel,$0x1  sync: 0  dead: 1  pref=0xf038
 qemu_ld_i64 tmp31,sp,beq,0               pref=0xffff
 mov_i64 s8,tmp31                         sync: 0  dead: 0 1  pref=0xffff

 ---- 9000000000102a44 0000000000000000 0000000000000000
 add_i64 statcounters_icount_kernel,statcounters_icount_kernel,$0x1  dead: 1  pref=0xffff
 mov_i64 btarget,ra                       sync: 0  dead: 1  pref=0xffff

 ---- 9000000000102a48 0000000000012000 ffffffffffffffff
 add_i64 statcounters_icount_kernel,statcounters_icount_kernel,$0x1  sync: 0  dead: 0 1 2  pref=0xffff
 add_i64 sp,sp,$0x10                      sync: 0  dead: 0 1 2  pref=0xffff
 mov_i64 PC,btarget                       sync: 0  dead: 0 1  pref=0xffff
 call lookup_tb_ptr,$0x6,$1,tmp29,env     dead: 1  pref=none
 goto_ptr tmp29                           dead: 0
 set_label $L0                          
 exit_tb $0x7f07d4002843                

pc=0x9000000000102a08 HI=0x0000000000000000 LO=0x0000000000000000 ds 4000098 9000000000102a08 0
GPR00: r0 0000000000000000 at 0000000000000000 v0 ffffffff80000180 v1 0000000000000000
GPR04: a0 ffffffff800001a0 a1 90000000001024f4 a2 0000000000000000 a3 0000000010000000
GPR08: t0 0000000000000000 t1 0000000000000000 t2 0000000000000000 t3 0000000000000000
GPR12: t4 0000000000000000 t5 ffffffffffbfffff t6 0000000000000000 t7 0000000000000000
GPR16: s0 0000000000000000 s1 0000000000000000 s2 0000000000000000 s3 0000000000000000
GPR20: s4 0000000000000000 s5 0000000000000000 s6 0000000000000000 s7 0000000000000000
GPR24: t8 0000000000000000 t9 9000000000102000 k0 000000000b0b0a0a k1 ffffffffbbe00cfc
GPR28: gp 0000000000000000 sp 9000000000006fd0 s8 9000000000006fe0 ra 9000000000102a08
CP0 Status  0x00000080 Cause   0x00000000 EPC    0x0000000000000000
    Config0 0x8000c083 Config1 0xbe6130db LLAddr 0x0000000000000000
    Config2 0x80000000 Config3 0x0c002084
    Config4 0x00000000 Config5 0x00000000
OP:
 ld_i32 loc0,env,$0xffffffffffffffe0
 brcond_i32 loc0,$0x0,lt,$L0

 ---- 90000000001020b4 0000000000000000 0000000000000000
 add_i64 statcounters_icount_kernel,statcounters_icount_kernel,$0x1
 mov_i64 loc3,$0x0
 st_i64 loc3,env,$0xcc0

 ---- 90000000001020b8 0000000000000000 0000000000000000
 add_i64 statcounters_icount_kernel,statcounters_icount_kernel,$0x1
 mov_i64 ra,$0x90000000001020c0

 ---- 90000000001020bc 0000000000010800 9000000000102bd8
 add_i64 statcounters_icount_kernel,statcounters_icount_kernel,$0x1
 goto_tb $0x0
 mov_i64 PC,$0x9000000000102bd8
 exit_tb $0x7f07d4002dc0
 set_label $L0
 exit_tb $0x7f07d4002dc3

OP after optimization and liveness analysis:
 ld_i32 tmp0,env,$0xffffffffffffffe0      pref=0xffff
 brcond_i32 tmp0,$0x0,lt,$L0              dead: 0 1

 ---- 90000000001020b4 0000000000000000 0000000000000000
 add_i64 statcounters_icount_kernel,statcounters_icount_kernel,$0x1  dead: 1  pref=0xffff
 st_i64 $0x0,env,$0xcc0                   dead: 0 1

 ---- 90000000001020b8 0000000000000000 0000000000000000
 add_i64 statcounters_icount_kernel,statcounters_icount_kernel,$0x1  dead: 1  pref=0xffff
 mov_i64 ra,$0x90000000001020c0           sync: 0  dead: 0 1  pref=0xffff

 ---- 90000000001020bc 0000000000010800 9000000000102bd8
 add_i64 statcounters_icount_kernel,statcounters_icount_kernel,$0x1  sync: 0  dead: 0 1 2  pref=0xffff
 goto_tb $0x0                           
 mov_i64 PC,$0x9000000000102bd8           sync: 0  dead: 0 1  pref=0xffff
 exit_tb $0x7f07d4002dc0                
 set_label $L0                          
 exit_tb $0x7f07d4002dc3                

pc=0x90000000001020b4 HI=0x0000000000000000 LO=0x0000000000000000 ds 4000098 90000000001020b4 0
GPR00: r0 0000000000000000 at 0000000000000000 v0 ffffffff80000180 v1 0000000000000000
GPR04: a0 ffffffff80000000 a1 000000001000001f a2 0000000000000000 a3 0000000010000000
GPR08: t0 0000000000000000 t1 0000000000000000 t2 0000000000000000 t3 0000000000000000
GPR12: t4 0000000000000000 t5 ffffffffffbfffff t6 0000000000000000 t7 0000000000000000
GPR16: s0 0000000000000000 s1 0000000000000000 s2 0000000000000000 s3 0000000000000000
GPR20: s4 0000000000000000 s5 0000000000000000 s6 0000000000000000 s7 0000000000000000
GPR24: t8 0000000000000000 t9 9000000000102000 k0 000000000b0b0a0a k1 ffffffffbbe00cfc
GPR28: gp 0000000000000000 sp 9000000000006fe0 s8 9000000000007000 ra 90000000001020b4
CP0 Status  0x00000080 Cause   0x00000000 EPC    0x0000000000000000
    Config0 0x8000c083 Config1 0xbe6130db LLAddr 0x0000000000000000
    Config2 0x80000000 Config3 0x0c002084
    Config4 0x00000000 Config5 0x00000000
pc=0x9000000000102bd8 HI=0x0000000000000000 LO=0x0000000000000000 ds 4000098 90000000001020b4 0
GPR00: r0 0000000000000000 at 0000000000000000 v0 ffffffff80000180 v1 0000000000000000
GPR04: a0 ffffffff80000000 a1 000000001000001f a2 0000000000000000 a3 0000000010000000
GPR08: t0 0000000000000000 t1 0000000000000000 t2 0000000000000000 t3 0000000000000000
GPR12: t4 0000000000000000 t5 ffffffffffbfffff t6 0000000000000000 t7 0000000000000000
GPR16: s0 0000000000000000 s1 0000000000000000 s2 0000000000000000 s3 0000000000000000
GPR20: s4 0000000000000000 s5 0000000000000000 s6 0000000000000000 s7 0000000000000000
GPR24: t8 0000000000000000 t9 9000000000102000 k0 000000000b0b0a0a k1 ffffffffbbe00cfc
GPR28: gp 0000000000000000 sp 9000000000006fe0 s8 9000000000007000 ra 90000000001020c0
CP0 Status  0x00000080 Cause   0x00000000 EPC    0x0000000000000000
    Config0 0x8000c083 Config1 0xbe6130db LLAddr 0x0000000000000000
    Config2 0x80000000 Config3 0x0c002084
    Config4 0x00000000 Config5 0x00000000
pc=0x9000000000102bfc HI=0x0000000000000000 LO=0x0000000000000000 ds 4000098 90000000001020b4 0
GPR00: r0 0000000000000000 at 0000000000000000 v0 ffffffff80000180 v1 0000000000000000
GPR04: a0 ffffffff80000000 a1 000000001000001f a2 0000000000000000 a3 0000000010000000
GPR08: t0 0000000000000000 t1 0000000000000000 t2 0000000000000000 t3 0000000000000000
GPR12: t4 0000000000000080 t5 ffffffffffbfffff t6 0000000000000000 t7 0000000000000000
GPR16: s0 0000000000000000 s1 0000000000000000 s2 0000000000000000 s3 0000000000000000
GPR20: s4 0000000000000000 s5 0000000000000000 s6 0000000000000000 s7 0000000000000000
GPR24: t8 0000000000000000 t9 9000000000102000 k0 000000000b0b0a0a k1 ffffffffbbe00cfc
GPR28: gp 0000000000000000 sp 9000000000006fc0 s8 9000000000006fe0 ra 90000000001020c0
CP0 Status  0x00000080 Cause   0x00000000 EPC    0x0000000000000000
    Config0 0x8000c083 Config1 0xbe6130db LLAddr 0x0000000000000000
    Config2 0x80000000 Config3 0x0c002084
    Config4 0x00000000 Config5 0x00000000
OP:
 ld_i32 loc0,env,$0xffffffffffffffe0
 brcond_i32 loc0,$0x0,lt,$L0

 ---- 90000000001020c0 0000000000000000 0000000000000000
 add_i64 statcounters_icount_kernel,statcounters_icount_kernel,$0x1
 mov_i64 a0,$0xffffffff90000000

 ---- 90000000001020c4 0000000000000000 0000000000000000
 add_i64 statcounters_icount_kernel,statcounters_icount_kernel,$0x1

 ---- 90000000001020c8 0000000000000000 0000000000000000
 add_i64 statcounters_icount_kernel,statcounters_icount_kernel,$0x1
 mov_i64 loc4,a0
 shl_i64 a0,loc4,$0x10

 ---- 90000000001020cc 0000000000000000 0000000000000000
 add_i64 statcounters_icount_kernel,statcounters_icount_kernel,$0x1
 add_i64 a0,a0,$0x10

 ---- 90000000001020d0 0000000000000000 0000000000000000
 add_i64 statcounters_icount_kernel,statcounters_icount_kernel,$0x1
 mov_i64 loc6,a0
 shl_i64 a0,loc6,$0x10

 ---- 90000000001020d4 0000000000000000 0000000000000000
 add_i64 statcounters_icount_kernel,statcounters_icount_kernel,$0x1
 add_i64 a0,a0,$0x7000

 ---- 90000000001020d8 0000000000000000 0000000000000000
 add_i64 statcounters_icount_kernel,statcounters_icount_kernel,$0x1
 mov_i64 a1,$0xffffffff90000000

 ---- 90000000001020dc 0000000000000000 0000000000000000
 add_i64 statcounters_icount_kernel,statcounters_icount_kernel,$0x1

 ---- 90000000001020e0 0000000000000000 0000000000000000
 add_i64 statcounters_icount_kernel,statcounters_icount_kernel,$0x1
 mov_i64 loc8,a1
 shl_i64 a1,loc8,$0x10

 ---- 90000000001020e4 0000000000000000 0000000000000000
 add_i64 statcounters_icount_kernel,statcounters_icount_kernel,$0x1
 add_i64 a1,a1,$0x10

 ---- 90000000001020e8 0000000000000000 0000000000000000
 add_i64 statcounters_icount_kernel,statcounters_icount_kernel,$0x1
 mov_i64 loc9,a1
 shl_i64 a1,loc9,$0x10

 ---- 90000000001020ec 0000000000000000 0000000000000000
 add_i64 statcounters_icount_kernel,statcounters_icount_kernel,$0x1
 add_i64 a1,a1,$0x7000

 ---- 90000000001020f0 0000000000000000 0000000000000000
 add_i64 statcounters_icount_kernel,statcounters_icount_kernel,$0x1
 sub_i64 a1,a1,a0

 ---- 90000000001020f4 0000000000000000 0000000000000000
 add_i64 statcounters_icount_kernel,statcounters_icount_kernel,$0x1
 mov_i64 ra,$0x90000000001020fc

 ---- 90000000001020f8 0000000000010800 9000000000102600
 add_i64 statcounters_icount_kernel,statcounters_icount_kernel,$0x1
 goto_tb $0x0
 mov_i64 PC,$0x9000000000102600
 exit_tb $0x7f07d4002f40
 set_label $L0
 exit_tb $0x7f07d4002f43

OP after optimization and liveness analysis:
 ld_i32 tmp0,env,$0xffffffffffffffe0      dead: 1  pref=0xffff
 brcond_i32 tmp0,$0x0,lt,$L0              dead: 0 1

 ---- 90000000001020c0 0000000000000000 0000000000000000
 add_i64 statcounters_icount_kernel,statcounters_icount_kernel,$0x1  dead: 1  pref=0xffff

 ---- 90000000001020c4 0000000000000000 0000000000000000
 add_i64 statcounters_icount_kernel,statcounters_icount_kernel,$0x1  dead: 1  pref=0xffff

 ---- 90000000001020c8 0000000000000000 0000000000000000
 add_i64 statcounters_icount_kernel,statcounters_icount_kernel,$0x1  dead: 1  pref=0xffff

 ---- 90000000001020cc 0000000000000000 0000000000000000
 add_i64 statcounters_icount_kernel,statcounters_icount_kernel,$0x1  dead: 1  pref=0xffff

 ---- 90000000001020d0 0000000000000000 0000000000000000
 add_i64 statcounters_icount_kernel,statcounters_icount_kernel,$0x1  dead: 1  pref=0xffff

 ---- 90000000001020d4 0000000000000000 0000000000000000
 add_i64 statcounters_icount_kernel,statcounters_icount_kernel,$0x1  dead: 1  pref=0xffff
 mov_i64 a0,$0x9000000000107000           sync: 0  dead: 0 1  pref=0xffff

 ---- 90000000001020d8 0000000000000000 0000000000000000
 add_i64 statcounters_icount_kernel,statcounters_icount_kernel,$0x1  dead: 1  pref=0xffff

 ---- 90000000001020dc 0000000000000000 0000000000000000
 add_i64 statcounters_icount_kernel,statcounters_icount_kernel,$0x1  dead: 1  pref=0xffff

 ---- 90000000001020e0 0000000000000000 0000000000000000
 add_i64 statcounters_icount_kernel,statcounters_icount_kernel,$0x1  dead: 1  pref=0xffff

 ---- 90000000001020e4 0000000000000000 0000000000000000
 add_i64 statcounters_icount_kernel,statcounters_icount_kernel,$0x1  dead: 1  pref=0xffff

 ---- 90000000001020e8 0000000000000000 0000000000000000
 add_i64 statcounters_icount_kernel,statcounters_icount_kernel,$0x1  dead: 1  pref=0xffff

 ---- 90000000001020ec 0000000000000000 0000000000000000
 add_i64 statcounters_icount_kernel,statcounters_icount_kernel,$0x1  dead: 1  pref=0xffff

 ---- 90000000001020f0 0000000000000000 0000000000000000
 add_i64 statcounters_icount_kernel,statcounters_icount_kernel,$0x1  dead: 1  pref=0xffff
 mov_i64 a1,$0x0                          sync: 0  dead: 0 1  pref=0xffff

 ---- 90000000001020f4 0000000000000000 0000000000000000
 add_i64 statcounters_icount_kernel,statcounters_icount_kernel,$0x1  dead: 1  pref=0xffff
 mov_i64 ra,$0x90000000001020fc           sync: 0  dead: 0 1  pref=0xffff

 ---- 90000000001020f8 0000000000010800 9000000000102600
 add_i64 statcounters_icount_kernel,statcounters_icount_kernel,$0x1  sync: 0  dead: 0 1 2  pref=0xffff
 goto_tb $0x0                           
 mov_i64 PC,$0x9000000000102600           sync: 0  dead: 0 1  pref=0xffff
 exit_tb $0x7f07d4002f40                
 set_label $L0                          
 exit_tb $0x7f07d4002f43                

pc=0x90000000001020c0 HI=0x0000000000000000 LO=0x0000000000000000 ds 4000098 90000000001020c0 0
GPR00: r0 0000000000000000 at 0000000000000000 v0 ffffffff80000180 v1 0000000000000000
GPR04: a0 ffffffff80000000 a1 000000001000001f a2 0000000000000000 a3 0000000010000000
GPR08: t0 0000000000000000 t1 0000000000000000 t2 0000000000000000 t3 0000000000000000
GPR12: t4 0000000000000080 t5 ffffffffffbfffff t6 0000000000000000 t7 0000000000000000
GPR16: s0 0000000000000000 s1 0000000000000000 s2 0000000000000000 s3 0000000000000000
GPR20: s4 0000000000000000 s5 0000000000000000 s6 0000000000000000 s7 0000000000000000
GPR24: t8 0000000000000000 t9 9000000000102000 k0 000000000b0b0a0a k1 ffffffffbbe00cfc
GPR28: gp 0000000000000000 sp 9000000000006fe0 s8 9000000000007000 ra 90000000001020c0
CP0 Status  0x00000080 Cause   0x00000000 EPC    0x0000000000000000
    Config0 0x8000c083 Config1 0xbe6130db LLAddr 0x0000000000000000
    Config2 0x80000000 Config3 0x0c002084
    Config4 0x00000000 Config5 0x00000000
OP:
 ld_i32 loc0,env,$0xffffffffffffffe0
 brcond_i32 loc0,$0x0,lt,$L0

 ---- 9000000000102600 0000000000000000 0000000000000000
 add_i64 statcounters_icount_kernel,statcounters_icount_kernel,$0x1
 mov_i64 at,$0xc

 ---- 9000000000102604 0000000000000000 0000000000000000
 add_i64 statcounters_icount_kernel,statcounters_icount_kernel,$0x1
 mov_i64 loc4,a1
 mov_i64 loc5,at
 setcond_i64 at,loc4,loc5,lt

 ---- 9000000000102608 0000000000000000 0000000000000000
 add_i64 statcounters_icount_kernel,statcounters_icount_kernel,$0x1
 mov_i64 loc6,at
 mov_i64 loc7,$0x0
 setcond_i64 bcond,loc6,loc7,ne

 ---- 900000000010260c 0000000000011000 9000000000102640
 add_i64 statcounters_icount_kernel,statcounters_icount_kernel,$0x1
 neg_i64 a3,a0
 brcond_i64 bcond,$0x0,ne,$L1
 goto_tb $0x1
 mov_i64 PC,$0x9000000000102610
 exit_tb $0x7f07d4003101
 set_label $L1
 goto_tb $0x0
 mov_i64 PC,$0x9000000000102640
 exit_tb $0x7f07d4003100
 set_label $L0
 exit_tb $0x7f07d4003103

OP after optimization and liveness analysis:
 ld_i32 tmp0,env,$0xffffffffffffffe0      dead: 1  pref=0xffff
 brcond_i32 tmp0,$0x0,lt,$L0              dead: 0 1

 ---- 9000000000102600 0000000000000000 0000000000000000
 add_i64 statcounters_icount_kernel,statcounters_icount_kernel,$0x1  dead: 1  pref=0xffff

 ---- 9000000000102604 0000000000000000 0000000000000000
 add_i64 statcounters_icount_kernel,statcounters_icount_kernel,$0x1  dead: 1  pref=0xffff
 setcond_i64 at,a1,$0xc,lt                sync: 0  dead: 1 2  pref=0xffff

 ---- 9000000000102608 0000000000000000 0000000000000000
 add_i64 statcounters_icount_kernel,statcounters_icount_kernel,$0x1  dead: 1  pref=0xffff
 setcond_i64 bcond,at,$0x0,ne             sync: 0  dead: 1  pref=0xffff

 ---- 900000000010260c 0000000000011000 9000000000102640
 add_i64 statcounters_icount_kernel,statcounters_icount_kernel,$0x1  sync: 0  dead: 0 1 2  pref=0xffff
 neg_i64 a3,a0                            sync: 0  dead: 0 1  pref=0xffff
 brcond_i64 bcond,$0x0,ne,$L1             dead: 0 1
 goto_tb $0x1                           
 mov_i64 PC,$0x9000000000102610           sync: 0  dead: 0 1  pref=0xffff
 exit_tb $0x7f07d4003101                
 set_label $L1                          
 goto_tb $0x0                           
 mov_i64 PC,$0x9000000000102640           sync: 0  dead: 0 1  pref=0xffff
 exit_tb $0x7f07d4003100                
 set_label $L0                          
 exit_tb $0x7f07d4003103                

pc=0x9000000000102600 HI=0x0000000000000000 LO=0x0000000000000000 ds 4000098 90000000001020c0 0
GPR00: r0 0000000000000000 at 0000000000000000 v0 ffffffff80000180 v1 0000000000000000
GPR04: a0 9000000000107000 a1 0000000000000000 a2 0000000000000000 a3 0000000010000000
GPR08: t0 0000000000000000 t1 0000000000000000 t2 0000000000000000 t3 0000000000000000
GPR12: t4 0000000000000080 t5 ffffffffffbfffff t6 0000000000000000 t7 0000000000000000
GPR16: s0 0000000000000000 s1 0000000000000000 s2 0000000000000000 s3 0000000000000000
GPR20: s4 0000000000000000 s5 0000000000000000 s6 0000000000000000 s7 0000000000000000
GPR24: t8 0000000000000000 t9 9000000000102000 k0 000000000b0b0a0a k1 ffffffffbbe00cfc
GPR28: gp 0000000000000000 sp 9000000000006fe0 s8 9000000000007000 ra 90000000001020fc
CP0 Status  0x00000080 Cause   0x00000000 EPC    0x0000000000000000
    Config0 0x8000c083 Config1 0xbe6130db LLAddr 0x0000000000000000
    Config2 0x80000000 Config3 0x0c002084
    Config4 0x00000000 Config5 0x00000000
OP:
 ld_i32 loc0,env,$0xffffffffffffffe0
 brcond_i32 loc0,$0x0,lt,$L0

 ---- 9000000000102640 0000000000000000 0000000000000000
 add_i64 statcounters_icount_kernel,statcounters_icount_kernel,$0x1
 mov_i64 loc3,a1
 setcond_i64 bcond,loc3,$0x0,le

 ---- 9000000000102644 0000000000011000 9000000000102654
 add_i64 statcounters_icount_kernel,statcounters_icount_kernel,$0x1
 add_i64 a3,a1,a0
 brcond_i64 bcond,$0x0,ne,$L1
 goto_tb $0x1
 mov_i64 PC,$0x9000000000102648
 exit_tb $0x7f07d40032c1
 set_label $L1
 goto_tb $0x0
 mov_i64 PC,$0x9000000000102654
 exit_tb $0x7f07d40032c0
 set_label $L0
 exit_tb $0x7f07d40032c3

OP after optimization and liveness analysis:
 ld_i32 tmp0,env,$0xffffffffffffffe0      dead: 1  pref=0xffff
 brcond_i32 tmp0,$0x0,lt,$L0              dead: 0 1

 ---- 9000000000102640 0000000000000000 0000000000000000
 add_i64 statcounters_icount_kernel,statcounters_icount_kernel,$0x1  dead: 1  pref=0xffff
 setcond_i64 bcond,a1,$0x0,le             sync: 0  pref=0xffff

 ---- 9000000000102644 0000000000011000 9000000000102654
 add_i64 statcounters_icount_kernel,statcounters_icount_kernel,$0x1  sync: 0  dead: 0 1 2  pref=0xffff
 add_i64 a3,a1,a0                         sync: 0  dead: 0 1 2  pref=0xffff
 brcond_i64 bcond,$0x0,ne,$L1             dead: 0 1
 goto_tb $0x1                           
 mov_i64 PC,$0x9000000000102648           sync: 0  dead: 0 1  pref=0xffff
 exit_tb $0x7f07d40032c1                
 set_label $L1                          
 goto_tb $0x0                           
 mov_i64 PC,$0x9000000000102654           sync: 0  dead: 0 1  pref=0xffff
 exit_tb $0x7f07d40032c0                
 set_label $L0                          
 exit_tb $0x7f07d40032c3                

pc=0x9000000000102640 HI=0x0000000000000000 LO=0x0000000000000000 ds 4000098 90000000001020c0 1
GPR00: r0 0000000000000000 at 0000000000000001 v0 ffffffff80000180 v1 0000000000000000
GPR04: a0 9000000000107000 a1 0000000000000000 a2 0000000000000000 a3 6fffffffffef9000
GPR08: t0 0000000000000000 t1 0000000000000000 t2 0000000000000000 t3 0000000000000000
GPR12: t4 0000000000000080 t5 ffffffffffbfffff t6 0000000000000000 t7 0000000000000000
GPR16: s0 0000000000000000 s1 0000000000000000 s2 0000000000000000 s3 0000000000000000
GPR20: s4 0000000000000000 s5 0000000000000000 s6 0000000000000000 s7 0000000000000000
GPR24: t8 0000000000000000 t9 9000000000102000 k0 000000000b0b0a0a k1 ffffffffbbe00cfc
GPR28: gp 0000000000000000 sp 9000000000006fe0 s8 9000000000007000 ra 90000000001020fc
CP0 Status  0x00000080 Cause   0x00000000 EPC    0x0000000000000000
    Config0 0x8000c083 Config1 0xbe6130db LLAddr 0x0000000000000000
    Config2 0x80000000 Config3 0x0c002084
    Config4 0x00000000 Config5 0x00000000
OP:
 ld_i32 loc0,env,$0xffffffffffffffe0
 brcond_i32 loc0,$0x0,lt,$L0

 ---- 9000000000102654 0000000000000000 0000000000000000
 add_i64 statcounters_icount_kernel,statcounters_icount_kernel,$0x1
 mov_i64 btarget,ra

 ---- 9000000000102658 0000000000012000 ffffffffffffffff
 add_i64 statcounters_icount_kernel,statcounters_icount_kernel,$0x1
 mov_i64 PC,btarget
 call lookup_tb_ptr,$0x6,$1,tmp5,env
 goto_ptr tmp5
 set_label $L0
 exit_tb $0x7f07d4003443

OP after optimization and liveness analysis:
 ld_i32 tmp0,env,$0xffffffffffffffe0      pref=0xffff
 brcond_i32 tmp0,$0x0,lt,$L0              dead: 0 1

 ---- 9000000000102654 0000000000000000 0000000000000000
 add_i64 statcounters_icount_kernel,statcounters_icount_kernel,$0x1  dead: 1  pref=0xffff
 mov_i64 btarget,ra                       sync: 0  dead: 1  pref=0xffff

 ---- 9000000000102658 0000000000012000 ffffffffffffffff
 add_i64 statcounters_icount_kernel,statcounters_icount_kernel,$0x1  sync: 0  dead: 0 1 2  pref=0xffff
 mov_i64 PC,btarget                       sync: 0  dead: 0 1  pref=0xffff
 call lookup_tb_ptr,$0x6,$1,tmp5,env      dead: 1  pref=none
 goto_ptr tmp5                            dead: 0
 set_label $L0                          
 exit_tb $0x7f07d4003443                

pc=0x9000000000102654 HI=0x0000000000000000 LO=0x0000000000000000 ds 4000098 90000000001020c0 1
GPR00: r0 0000000000000000 at 0000000000000001 v0 ffffffff80000180 v1 0000000000000000
GPR04: a0 9000000000107000 a1 0000000000000000 a2 0000000000000000 a3 9000000000107000
GPR08: t0 0000000000000000 t1 0000000000000000 t2 0000000000000000 t3 0000000000000000
GPR12: t4 0000000000000080 t5 ffffffffffbfffff t6 0000000000000000 t7 0000000000000000
GPR16: s0 0000000000000000 s1 0000000000000000 s2 0000000000000000 s3 0000000000000000
GPR20: s4 0000000000000000 s5 0000000000000000 s6 0000000000000000 s7 0000000000000000
GPR24: t8 0000000000000000 t9 9000000000102000 k0 000000000b0b0a0a k1 ffffffffbbe00cfc
GPR28: gp 0000000000000000 sp 9000000000006fe0 s8 9000000000007000 ra 90000000001020fc
CP0 Status  0x00000080 Cause   0x00000000 EPC    0x0000000000000000
    Config0 0x8000c083 Config1 0xbe6130db LLAddr 0x0000000000000000
    Config2 0x80000000 Config3 0x0c002084
    Config4 0x00000000 Config5 0x00000000
OP:
 ld_i32 loc0,env,$0xffffffffffffffe0
 brcond_i32 loc0,$0x0,lt,$L0

 ---- 90000000001020fc 0000000000000000 0000000000000000
 add_i64 statcounters_icount_kernel,statcounters_icount_kernel,$0x1
 ld_i32 loc3,env,$0x10bc
 ext_i32_i64 at,loc3

 ---- 9000000000102100 0000000000000000 0000000000000000
 add_i64 statcounters_icount_kernel,statcounters_icount_kernel,$0x1
 or_i64 at,at,$0xe0

 ---- 9000000000102104 0000000000000000 0000000000000000
 add_i64 statcounters_icount_kernel,statcounters_icount_kernel,$0x1
 or_i64 at,at,$0x8000

 ---- 9000000000102108 0000000000000000 0000000000000000
 add_i64 statcounters_icount_kernel,statcounters_icount_kernel,$0x1
 or_i64 at,at,$0x1

 ---- 900000000010210c 0000000000000000 0000000000000000
 add_i64 statcounters_icount_kernel,statcounters_icount_kernel,$0x1
 mov_i64 t5,$0x60000000

 ---- 9000000000102110 0000000000000000 0000000000000000
 add_i64 statcounters_icount_kernel,statcounters_icount_kernel,$0x1
 or_i64 at,at,t5

 ---- 9000000000102114 0000000000000000 0000000000000000
 add_i64 statcounters_icount_kernel,statcounters_icount_kernel,$0x1
 mov_i64 t5,$0x4

 ---- 9000000000102118 0000000000000000 0000000000000000
 add_i64 statcounters_icount_kernel,statcounters_icount_kernel,$0x1
 or_i64 t5,t5,t5
 not_i64 t5,t5

 ---- 900000000010211c 0000000000000000 0000000000000000
 add_i64 statcounters_icount_kernel,statcounters_icount_kernel,$0x1
 and_i64 at,at,t5

 ---- 9000000000102120 0000000000000000 0000000000000000
 add_i64 statcounters_icount_kernel,statcounters_icount_kernel,$0x1
 mov_i64 loc8,$0x0
 call mtc0_compare,$0x0,$0,env,loc8

 ---- 9000000000102124 0000000000000000 0000000000000000
 add_i64 statcounters_icount_kernel,statcounters_icount_kernel,$0x1
 mov_i64 loc10,at
 mov_i64 PC,$0x9000000000102124
 call mtc0_status,$0x0,$0,env,loc10
 mov_i64 PC,$0x9000000000102128
 exit_tb $0x0
 set_label $L0
 exit_tb $0x7f07d4003583

OP after optimization and liveness analysis:
 ld_i32 tmp0,env,$0xffffffffffffffe0      pref=0xffff
 brcond_i32 tmp0,$0x0,lt,$L0              dead: 0 1

 ---- 90000000001020fc 0000000000000000 0000000000000000
 add_i64 statcounters_icount_kernel,statcounters_icount_kernel,$0x1  dead: 1  pref=0xffff
 ld_i32 tmp3,env,$0x10bc                  pref=0xffff
 ext_i32_i64 at,tmp3                      dead: 1  pref=0xffff

 ---- 9000000000102100 0000000000000000 0000000000000000
 add_i64 statcounters_icount_kernel,statcounters_icount_kernel,$0x1  dead: 1  pref=0xffff
 or_i64 at,at,$0xe0                       dead: 1 2  pref=0xffff

 ---- 9000000000102104 0000000000000000 0000000000000000
 add_i64 statcounters_icount_kernel,statcounters_icount_kernel,$0x1  dead: 1  pref=0xffff
 or_i64 at,at,$0x8000                     dead: 1 2  pref=0xffff

 ---- 9000000000102108 0000000000000000 0000000000000000
 add_i64 statcounters_icount_kernel,statcounters_icount_kernel,$0x1  dead: 1  pref=0xffff
 or_i64 at,at,$0x1                        dead: 1  pref=0xffff

 ---- 900000000010210c 0000000000000000 0000000000000000
 add_i64 statcounters_icount_kernel,statcounters_icount_kernel,$0x1  dead: 1  pref=0xffff

 ---- 9000000000102110 0000000000000000 0000000000000000
 add_i64 statcounters_icount_kernel,statcounters_icount_kernel,$0x1  dead: 1  pref=0xffff
 or_i64 at,at,$0x60000000                 dead: 1 2  pref=0xffff

 ---- 9000000000102114 0000000000000000 0000000000000000
 add_i64 statcounters_icount_kernel,statcounters_icount_kernel,$0x1  dead: 1  pref=0xffff

 ---- 9000000000102118 0000000000000000 0000000000000000
 add_i64 statcounters_icount_kernel,statcounters_icount_kernel,$0x1  dead: 1  pref=0xffff
 mov_i64 t5,$0xfffffffffffffffb           sync: 0  dead: 0  pref=0xffff

 ---- 900000000010211c 0000000000000000 0000000000000000
 add_i64 statcounters_icount_kernel,statcounters_icount_kernel,$0x1  dead: 1  pref=0xffff
 and_i64 at,at,$0xfffffffffffffffb        sync: 0  dead: 0 1 2  pref=0xffff

 ---- 9000000000102120 0000000000000000 0000000000000000
 add_i64 statcounters_icount_kernel,statcounters_icount_kernel,$0x1  sync: 0  dead: 0 1  pref=0xffff
 call mtc0_compare,$0x0,$0,env,$0x0       dead: 0 1

 ---- 9000000000102124 0000000000000000 0000000000000000
 add_i64 statcounters_icount_kernel,statcounters_icount_kernel,$0x1  sync: 0  dead: 0 1 2  pref=0xffff
 mov_i64 PC,$0x9000000000102124           sync: 0  dead: 0 1  pref=0xffff
 call mtc0_status,$0x0,$0,env,at          dead: 0 1
 mov_i64 PC,$0x9000000000102128           sync: 0  dead: 0 1  pref=0xffff
 exit_tb $0x0                           
 set_label $L0                          
 exit_tb $0x7f07d4003583                

pc=0x90000000001020fc HI=0x0000000000000000 LO=0x0000000000000000 ds 4000098 90000000001020fc 1
GPR00: r0 0000000000000000 at 0000000000000001 v0 ffffffff80000180 v1 0000000000000000
GPR04: a0 9000000000107000 a1 0000000000000000 a2 0000000000000000 a3 9000000000107000
GPR08: t0 0000000000000000 t1 0000000000000000 t2 0000000000000000 t3 0000000000000000
GPR12: t4 0000000000000080 t5 ffffffffffbfffff t6 0000000000000000 t7 0000000000000000
GPR16: s0 0000000000000000 s1 0000000000000000 s2 0000000000000000 s3 0000000000000000
GPR20: s4 0000000000000000 s5 0000000000000000 s6 0000000000000000 s7 0000000000000000
GPR24: t8 0000000000000000 t9 9000000000102000 k0 000000000b0b0a0a k1 ffffffffbbe00cfc
GPR28: gp 0000000000000000 sp 9000000000006fe0 s8 9000000000007000 ra 90000000001020fc
CP0 Status  0x00000080 Cause   0x00000000 EPC    0x0000000000000000
    Config0 0x8000c083 Config1 0xbe6130db LLAddr 0x0000000000000000
    Config2 0x80000000 Config3 0x0c002084
    Config4 0x00000000 Config5 0x00000000
OP:
 ld_i32 loc0,env,$0xffffffffffffffe0
 brcond_i32 loc0,$0x0,lt,$L0

 ---- 9000000000102128 0000000000000000 0000000000000000
 add_i64 statcounters_icount_kernel,statcounters_icount_kernel,$0x1
 ld_i32 loc3,env,$0x10f4
 ext_i32_i64 t4,loc3

 ---- 900000000010212c 0000000000000000 0000000000000000
 add_i64 statcounters_icount_kernel,statcounters_icount_kernel,$0x1
 and_i64 t5,t4,$0x1

 ---- 9000000000102130 0000000000000000 0000000000000000
 add_i64 statcounters_icount_kernel,statcounters_icount_kernel,$0x1
 mov_i64 loc4,t5
 mov_i64 loc5,$0x0
 setcond_i64 bcond,loc4,loc5,eq

 ---- 9000000000102134 0000000000011000 9000000000102148
 add_i64 statcounters_icount_kernel,statcounters_icount_kernel,$0x1
 brcond_i64 bcond,$0x0,ne,$L1
 goto_tb $0x1
 mov_i64 PC,$0x9000000000102138
 exit_tb $0x7f07d4003781
 set_label $L1
 goto_tb $0x0
 mov_i64 PC,$0x9000000000102148
 exit_tb $0x7f07d4003780
 set_label $L0
 exit_tb $0x7f07d4003783

OP after optimization and liveness analysis:
 ld_i32 tmp0,env,$0xffffffffffffffe0      pref=0xffff
 brcond_i32 tmp0,$0x0,lt,$L0              dead: 0 1

 ---- 9000000000102128 0000000000000000 0000000000000000
 add_i64 statcounters_icount_kernel,statcounters_icount_kernel,$0x1  dead: 1  pref=0xffff
 ld_i32 tmp3,env,$0x10f4                  dead: 1  pref=0xffff
 ext_i32_i64 t4,tmp3                      sync: 0  dead: 1  pref=0xffff

 ---- 900000000010212c 0000000000000000 0000000000000000
 add_i64 statcounters_icount_kernel,statcounters_icount_kernel,$0x1  dead: 1  pref=0xffff
 and_i64 t5,t4,$0x1                       sync: 0  dead: 1  pref=0xffff

 ---- 9000000000102130 0000000000000000 0000000000000000
 add_i64 statcounters_icount_kernel,statcounters_icount_kernel,$0x1  dead: 1  pref=0xffff
 setcond_i64 bcond,t5,$0x0,eq             sync: 0  dead: 1  pref=0xffff

 ---- 9000000000102134 0000000000011000 9000000000102148
 add_i64 statcounters_icount_kernel,statcounters_icount_kernel,$0x1  sync: 0  dead: 0 1 2  pref=0xffff
 brcond_i64 bcond,$0x0,ne,$L1             dead: 0 1
 goto_tb $0x1                           
 mov_i64 PC,$0x9000000000102138           sync: 0  dead: 0 1  pref=0xffff
 exit_tb $0x7f07d4003781                
 set_label $L1                          
 goto_tb $0x0                           
 mov_i64 PC,$0x9000000000102148           sync: 0  dead: 0 1  pref=0xffff
 exit_tb $0x7f07d4003780                
 set_label $L0                          
 exit_tb $0x7f07d4003783                

pc=0x9000000000102128 HI=0x0000000000000000 LO=0x0000000000000000 ds 440000b8 90000000001020fc 1
GPR00: r0 0000000000000000 at 00000000600080e1 v0 ffffffff80000180 v1 0000000000000000
GPR04: a0 9000000000107000 a1 0000000000000000 a2 0000000000000000 a3 9000000000107000
GPR08: t0 0000000000000000 t1 0000000000000000 t2 0000000000000000 t3 0000000000000000
GPR12: t4 0000000000000080 t5 fffffffffffffffb t6 0000000000000000 t7 0000000000000000
GPR16: s0 0000000000000000 s1 0000000000000000 s2 0000000000000000 s3 0000000000000000
GPR20: s4 0000000000000000 s5 0000000000000000 s6 0000000000000000 s7 0000000000000000
GPR24: t8 0000000000000000 t9 9000000000102000 k0 000000000b0b0a0a k1 ffffffffbbe00cfc
GPR28: gp 0000000000000000 sp 9000000000006fe0 s8 9000000000007000 ra 90000000001020fc
CP0 Status  0x600080e1 Cause   0x00000000 EPC    0x0000000000000000
    Config0 0x8000c083 Config1 0xbe6130db LLAddr 0x0000000000000000
    Config2 0x80000000 Config3 0x0c002084
    Config4 0x00000000 Config5 0x00000000
OP:
 ld_i32 loc0,env,$0xffffffffffffffe0
 brcond_i32 loc0,$0x0,lt,$L0

 ---- 9000000000102138 0000000000000000 0000000000000000
 add_i64 statcounters_icount_kernel,statcounters_icount_kernel,$0x1
 ld_i32 loc3,env,$0x10bc
 ext_i32_i64 t4,loc3

 ---- 900000000010213c 0000000000000000 0000000000000000
 add_i64 statcounters_icount_kernel,statcounters_icount_kernel,$0x1
 mov_i64 t5,$0x4000000

 ---- 9000000000102140 0000000000000000 0000000000000000
 add_i64 statcounters_icount_kernel,statcounters_icount_kernel,$0x1
 or_i64 t4,t4,t5

 ---- 9000000000102144 0000000000000000 0000000000000000
 add_i64 statcounters_icount_kernel,statcounters_icount_kernel,$0x1
 mov_i64 loc5,t4
 mov_i64 PC,$0x9000000000102144
 call mtc0_status,$0x0,$0,env,loc5
 mov_i64 PC,$0x9000000000102148
 exit_tb $0x0
 set_label $L0
 exit_tb $0x7f07d4003943

OP after optimization and liveness analysis:
 ld_i32 tmp0,env,$0xffffffffffffffe0      pref=0xffff
 brcond_i32 tmp0,$0x0,lt,$L0              dead: 0 1

 ---- 9000000000102138 0000000000000000 0000000000000000
 add_i64 statcounters_icount_kernel,statcounters_icount_kernel,$0x1  dead: 1  pref=0xffff
 ld_i32 tmp3,env,$0x10bc                  pref=0xffff
 ext_i32_i64 t4,tmp3                      dead: 1  pref=0x40

 ---- 900000000010213c 0000000000000000 0000000000000000
 add_i64 statcounters_icount_kernel,statcounters_icount_kernel,$0x1  dead: 1  pref=0xffff
 mov_i64 t5,$0x4000000                    sync: 0  dead: 0  pref=0xffff

 ---- 9000000000102140 0000000000000000 0000000000000000
 add_i64 statcounters_icount_kernel,statcounters_icount_kernel,$0x1  dead: 1  pref=0xffff
 or_i64 t4,t4,$0x4000000                  sync: 0  dead: 1 2  pref=0x40

 ---- 9000000000102144 0000000000000000 0000000000000000
 add_i64 statcounters_icount_kernel,statcounters_icount_kernel,$0x1  sync: 0  dead: 0 1 2  pref=0xffff
 mov_i64 PC,$0x9000000000102144           sync: 0  dead: 0 1  pref=0xffff
 call mtc0_status,$0x0,$0,env,t4          dead: 0 1
 mov_i64 PC,$0x9000000000102148           sync: 0  dead: 0 1  pref=0xffff
 exit_tb $0x0                           
 set_label $L0                          
 exit_tb $0x7f07d4003943                

pc=0x9000000000102138 HI=0x0000000000000000 LO=0x0000000000000000 ds 440000b8 90000000001020fc 0
GPR00: r0 0000000000000000 at 00000000600080e1 v0 ffffffff80000180 v1 0000000000000000
GPR04: a0 9000000000107000 a1 0000000000000000 a2 0000000000000000 a3 9000000000107000
GPR08: t0 0000000000000000 t1 0000000000000000 t2 0000000000000000 t3 0000000000000000
GPR12: t4 ffffffffbe6130db t5 0000000000000001 t6 0000000000000000 t7 0000000000000000
GPR16: s0 0000000000000000 s1 0000000000000000 s2 0000000000000000 s3 0000000000000000
GPR20: s4 0000000000000000 s5 0000000000000000 s6 0000000000000000 s7 0000000000000000
GPR24: t8 0000000000000000 t9 9000000000102000 k0 000000000b0b0a0a k1 ffffffffbbe00cfc
GPR28: gp 0000000000000000 sp 9000000000006fe0 s8 9000000000007000 ra 90000000001020fc
CP0 Status  0x600080e1 Cause   0x00000000 EPC    0x0000000000000000
    Config0 0x8000c083 Config1 0xbe6130db LLAddr 0x0000000000000000
    Config2 0x80000000 Config3 0x0c002084
    Config4 0x00000000 Config5 0x00000000
OP:
 ld_i32 loc0,env,$0xffffffffffffffe0
 brcond_i32 loc0,$0x0,lt,$L0

 ---- 9000000000102148 0000000000000000 0000000000000000
 add_i64 statcounters_icount_kernel,statcounters_icount_kernel,$0x1
 mov_i64 at,$0x1010000

 ---- 900000000010214c 0000000000000000 0000000000000000
 add_i64 statcounters_icount_kernel,statcounters_icount_kernel,$0x1
 or_i64 at,at,$0x101

 ---- 9000000000102150 0000000000000000 0000000000000000
 add_i64 statcounters_icount_kernel,statcounters_icount_kernel,$0x1
 mov_i64 loc5,at
 shl_i64 at,loc5,$0x10

 ---- 9000000000102154 0000000000000000 0000000000000000
 add_i64 statcounters_icount_kernel,statcounters_icount_kernel,$0x1
 or_i64 at,at,$0x101

 ---- 9000000000102158 0000000000000000 0000000000000000
 add_i64 statcounters_icount_kernel,statcounters_icount_kernel,$0x1
 mov_i64 loc7,at
 shl_i64 at,loc7,$0x10

 ---- 900000000010215c 0000000000000000 0000000000000000
 add_i64 statcounters_icount_kernel,statcounters_icount_kernel,$0x1
 or_i64 at,at,$0x101

 ---- 9000000000102160 0000000000000000 0000000000000000
 add_i64 statcounters_icount_kernel,statcounters_icount_kernel,$0x1
 mov_i64 v0,$0x2020000

 ---- 9000000000102164 0000000000000000 0000000000000000
 add_i64 statcounters_icount_kernel,statcounters_icount_kernel,$0x1
 or_i64 v0,v0,$0x202

 ---- 9000000000102168 0000000000000000 0000000000000000
 add_i64 statcounters_icount_kernel,statcounters_icount_kernel,$0x1
 mov_i64 loc10,v0
 shl_i64 v0,loc10,$0x10

 ---- 900000000010216c 0000000000000000 0000000000000000
 add_i64 statcounters_icount_kernel,statcounters_icount_kernel,$0x1
 or_i64 v0,v0,$0x202

 ---- 9000000000102170 0000000000000000 0000000000000000
 add_i64 statcounters_icount_kernel,statcounters_icount_kernel,$0x1
 mov_i64 loc11,v0
 shl_i64 v0,loc11,$0x10

 ---- 9000000000102174 0000000000000000 0000000000000000
 add_i64 statcounters_icount_kernel,statcounters_icount_kernel,$0x1
 or_i64 v0,v0,$0x202

 ---- 9000000000102178 0000000000000000 0000000000000000
 add_i64 statcounters_icount_kernel,statcounters_icount_kernel,$0x1
 mov_i64 v1,$0x3030000

 ---- 900000000010217c 0000000000000000 0000000000000000
 add_i64 statcounters_icount_kernel,statcounters_icount_kernel,$0x1
 or_i64 v1,v1,$0x303

 ---- 9000000000102180 0000000000000000 0000000000000000
 add_i64 statcounters_icount_kernel,statcounters_icount_kernel,$0x1
 mov_i64 loc14,v1
 shl_i64 v1,loc14,$0x10

 ---- 9000000000102184 0000000000000000 0000000000000000
 add_i64 statcounters_icount_kernel,statcounters_icount_kernel,$0x1
 or_i64 v1,v1,$0x303

 ---- 9000000000102188 0000000000000000 0000000000000000
 add_i64 statcounters_icount_kernel,statcounters_icount_kernel,$0x1
 mov_i64 loc15,v1
 shl_i64 v1,loc15,$0x10

 ---- 900000000010218c 0000000000000000 0000000000000000
 add_i64 statcounters_icount_kernel,statcounters_icount_kernel,$0x1
 or_i64 v1,v1,$0x303

 ---- 9000000000102190 0000000000000000 0000000000000000
 add_i64 statcounters_icount_kernel,statcounters_icount_kernel,$0x1
 mov_i64 a0,$0x4040000

 ---- 9000000000102194 0000000000000000 0000000000000000
 add_i64 statcounters_icount_kernel,statcounters_icount_kernel,$0x1
 or_i64 a0,a0,$0x404

 ---- 9000000000102198 0000000000000000 0000000000000000
 add_i64 statcounters_icount_kernel,statcounters_icount_kernel,$0x1
 mov_i64 loc18,a0
 shl_i64 a0,loc18,$0x10

 ---- 900000000010219c 0000000000000000 0000000000000000
 add_i64 statcounters_icount_kernel,statcounters_icount_kernel,$0x1
 or_i64 a0,a0,$0x404

 ---- 90000000001021a0 0000000000000000 0000000000000000
 add_i64 statcounters_icount_kernel,statcounters_icount_kernel,$0x1
 mov_i64 loc19,a0
 shl_i64 a0,loc19,$0x10

 ---- 90000000001021a4 0000000000000000 0000000000000000
 add_i64 statcounters_icount_kernel,statcounters_icount_kernel,$0x1
 or_i64 a0,a0,$0x404

 ---- 90000000001021a8 0000000000000000 0000000000000000
 add_i64 statcounters_icount_kernel,statcounters_icount_kernel,$0x1
 mov_i64 a1,$0x5050000

 ---- 90000000001021ac 0000000000000000 0000000000000000
 add_i64 statcounters_icount_kernel,statcounters_icount_kernel,$0x1
 or_i64 a1,a1,$0x505

 ---- 90000000001021b0 0000000000000000 0000000000000000
 add_i64 statcounters_icount_kernel,statcounters_icount_kernel,$0x1
 mov_i64 loc22,a1
 shl_i64 a1,loc22,$0x10

 ---- 90000000001021b4 0000000000000000 0000000000000000
 add_i64 statcounters_icount_kernel,statcounters_icount_kernel,$0x1
 or_i64 a1,a1,$0x505

 ---- 90000000001021b8 0000000000000000 0000000000000000
 add_i64 statcounters_icount_kernel,statcounters_icount_kernel,$0x1
 mov_i64 loc23,a1
 shl_i64 a1,loc23,$0x10

 ---- 90000000001021bc 0000000000000000 0000000000000000
 add_i64 statcounters_icount_kernel,statcounters_icount_kernel,$0x1
 or_i64 a1,a1,$0x505

 ---- 90000000001021c0 0000000000000000 0000000000000000
 add_i64 statcounters_icount_kernel,statcounters_icount_kernel,$0x1
 mov_i64 a2,$0x6060000

 ---- 90000000001021c4 0000000000000000 0000000000000000
 add_i64 statcounters_icount_kernel,statcounters_icount_kernel,$0x1
 or_i64 a2,a2,$0x606

 ---- 90000000001021c8 0000000000000000 0000000000000000
 add_i64 statcounters_icount_kernel,statcounters_icount_kernel,$0x1
 mov_i64 loc26,a2
 shl_i64 a2,loc26,$0x10

 ---- 90000000001021cc 0000000000000000 0000000000000000
 add_i64 statcounters_icount_kernel,statcounters_icount_kernel,$0x1
 or_i64 a2,a2,$0x606

 ---- 90000000001021d0 0000000000000000 0000000000000000
 add_i64 statcounters_icount_kernel,statcounters_icount_kernel,$0x1
 mov_i64 loc27,a2
 shl_i64 a2,loc27,$0x10

 ---- 90000000001021d4 0000000000000000 0000000000000000
 add_i64 statcounters_icount_kernel,statcounters_icount_kernel,$0x1
 or_i64 a2,a2,$0x606

 ---- 90000000001021d8 0000000000000000 0000000000000000
 add_i64 statcounters_icount_kernel,statcounters_icount_kernel,$0x1
 mov_i64 a3,$0x7070000

 ---- 90000000001021dc 0000000000000000 0000000000000000
 add_i64 statcounters_icount_kernel,statcounters_icount_kernel,$0x1
 or_i64 a3,a3,$0x707

 ---- 90000000001021e0 0000000000000000 0000000000000000
 add_i64 statcounters_icount_kernel,statcounters_icount_kernel,$0x1
 mov_i64 loc30,a3
 shl_i64 a3,loc30,$0x10

 ---- 90000000001021e4 0000000000000000 0000000000000000
 add_i64 statcounters_icount_kernel,statcounters_icount_kernel,$0x1
 or_i64 a3,a3,$0x707

 ---- 90000000001021e8 0000000000000000 0000000000000000
 add_i64 statcounters_icount_kernel,statcounters_icount_kernel,$0x1
 mov_i64 loc31,a3
 shl_i64 a3,loc31,$0x10

 ---- 90000000001021ec 0000000000000000 0000000000000000
 add_i64 statcounters_icount_kernel,statcounters_icount_kernel,$0x1
 or_i64 a3,a3,$0x707

 ---- 90000000001021f0 0000000000000000 0000000000000000
 add_i64 statcounters_icount_kernel,statcounters_icount_kernel,$0x1
 mov_i64 t0,$0x8080000

 ---- 90000000001021f4 0000000000000000 0000000000000000
 add_i64 statcounters_icount_kernel,statcounters_icount_kernel,$0x1
 or_i64 t0,t0,$0x808

 ---- 90000000001021f8 0000000000000000 0000000000000000
 add_i64 statcounters_icount_kernel,statcounters_icount_kernel,$0x1
 mov_i64 loc34,t0
 shl_i64 t0,loc34,$0x10

 ---- 90000000001021fc 0000000000000000 0000000000000000
 add_i64 statcounters_icount_kernel,statcounters_icount_kernel,$0x1
 or_i64 t0,t0,$0x808

 ---- 9000000000102200 0000000000000000 0000000000000000
 add_i64 statcounters_icount_kernel,statcounters_icount_kernel,$0x1
 mov_i64 loc35,t0
 shl_i64 t0,loc35,$0x10

 ---- 9000000000102204 0000000000000000 0000000000000000
 add_i64 statcounters_icount_kernel,statcounters_icount_kernel,$0x1
 or_i64 t0,t0,$0x808

 ---- 9000000000102208 0000000000000000 0000000000000000
 add_i64 statcounters_icount_kernel,statcounters_icount_kernel,$0x1
 mov_i64 t1,$0x9090000

 ---- 900000000010220c 0000000000000000 0000000000000000
 add_i64 statcounters_icount_kernel,statcounters_icount_kernel,$0x1
 or_i64 t1,t1,$0x909

 ---- 9000000000102210 0000000000000000 0000000000000000
 add_i64 statcounters_icount_kernel,statcounters_icount_kernel,$0x1
 mov_i64 loc38,t1
 shl_i64 t1,loc38,$0x10

 ---- 9000000000102214 0000000000000000 0000000000000000
 add_i64 statcounters_icount_kernel,statcounters_icount_kernel,$0x1
 or_i64 t1,t1,$0x909

 ---- 9000000000102218 0000000000000000 0000000000000000
 add_i64 statcounters_icount_kernel,statcounters_icount_kernel,$0x1
 mov_i64 loc39,t1
 shl_i64 t1,loc39,$0x10

 ---- 900000000010221c 0000000000000000 0000000000000000
 add_i64 statcounters_icount_kernel,statcounters_icount_kernel,$0x1
 or_i64 t1,t1,$0x909

 ---- 9000000000102220 0000000000000000 0000000000000000
 add_i64 statcounters_icount_kernel,statcounters_icount_kernel,$0x1
 mov_i64 t2,$0xa0a0000

 ---- 9000000000102224 0000000000000000 0000000000000000
 add_i64 statcounters_icount_kernel,statcounters_icount_kernel,$0x1
 or_i64 t2,t2,$0xa0a

 ---- 9000000000102228 0000000000000000 0000000000000000
 add_i64 statcounters_icount_kernel,statcounters_icount_kernel,$0x1
 mov_i64 loc42,t2
 shl_i64 t2,loc42,$0x10

 ---- 900000000010222c 0000000000000000 0000000000000000
 add_i64 statcounters_icount_kernel,statcounters_icount_kernel,$0x1
 or_i64 t2,t2,$0xa0a

 ---- 9000000000102230 0000000000000000 0000000000000000
 add_i64 statcounters_icount_kernel,statcounters_icount_kernel,$0x1
 mov_i64 loc43,t2
 shl_i64 t2,loc43,$0x10

 ---- 9000000000102234 0000000000000000 0000000000000000
 add_i64 statcounters_icount_kernel,statcounters_icount_kernel,$0x1
 or_i64 t2,t2,$0xa0a

 ---- 9000000000102238 0000000000000000 0000000000000000
 add_i64 statcounters_icount_kernel,statcounters_icount_kernel,$0x1
 mov_i64 t3,$0xb0b0000

 ---- 900000000010223c 0000000000000000 0000000000000000
 add_i64 statcounters_icount_kernel,statcounters_icount_kernel,$0x1
 or_i64 t3,t3,$0xb0b

 ---- 9000000000102240 0000000000000000 0000000000000000
 add_i64 statcounters_icount_kernel,statcounters_icount_kernel,$0x1
 mov_i64 loc46,t3
 shl_i64 t3,loc46,$0x10

 ---- 9000000000102244 0000000000000000 0000000000000000
 add_i64 statcounters_icount_kernel,statcounters_icount_kernel,$0x1
 or_i64 t3,t3,$0xb0b

 ---- 9000000000102248 0000000000000000 0000000000000000
 add_i64 statcounters_icount_kernel,statcounters_icount_kernel,$0x1
 mov_i64 loc47,t3
 shl_i64 t3,loc47,$0x10

 ---- 900000000010224c 0000000000000000 0000000000000000
 add_i64 statcounters_icount_kernel,statcounters_icount_kernel,$0x1
 or_i64 t3,t3,$0xb0b

 ---- 9000000000102250 0000000000000000 0000000000000000
 add_i64 statcounters_icount_kernel,statcounters_icount_kernel,$0x1
 mov_i64 t4,$0xc0c0000

 ---- 9000000000102254 0000000000000000 0000000000000000
 add_i64 statcounters_icount_kernel,statcounters_icount_kernel,$0x1
 or_i64 t4,t4,$0xc0c

 ---- 9000000000102258 0000000000000000 0000000000000000
 add_i64 statcounters_icount_kernel,statcounters_icount_kernel,$0x1
 mov_i64 loc50,t4
 shl_i64 t4,loc50,$0x10

 ---- 900000000010225c 0000000000000000 0000000000000000
 add_i64 statcounters_icount_kernel,statcounters_icount_kernel,$0x1
 or_i64 t4,t4,$0xc0c

 ---- 9000000000102260 0000000000000000 0000000000000000
 add_i64 statcounters_icount_kernel,statcounters_icount_kernel,$0x1
 mov_i64 loc51,t4
 shl_i64 t4,loc51,$0x10

 ---- 9000000000102264 0000000000000000 0000000000000000
 add_i64 statcounters_icount_kernel,statcounters_icount_kernel,$0x1
 or_i64 t4,t4,$0xc0c

 ---- 9000000000102268 0000000000000000 0000000000000000
 add_i64 statcounters_icount_kernel,statcounters_icount_kernel,$0x1
 mov_i64 t5,$0xd0d0000

 ---- 900000000010226c 0000000000000000 0000000000000000
 add_i64 statcounters_icount_kernel,statcounters_icount_kernel,$0x1
 or_i64 t5,t5,$0xd0d

 ---- 9000000000102270 0000000000000000 0000000000000000
 add_i64 statcounters_icount_kernel,statcounters_icount_kernel,$0x1
 mov_i64 loc54,t5
 shl_i64 t5,loc54,$0x10

 ---- 9000000000102274 0000000000000000 0000000000000000
 add_i64 statcounters_icount_kernel,statcounters_icount_kernel,$0x1
 or_i64 t5,t5,$0xd0d

 ---- 9000000000102278 0000000000000000 0000000000000000
 add_i64 statcounters_icount_kernel,statcounters_icount_kernel,$0x1
 mov_i64 loc55,t5
 shl_i64 t5,loc55,$0x10

 ---- 900000000010227c 0000000000000000 0000000000000000
 add_i64 statcounters_icount_kernel,statcounters_icount_kernel,$0x1
 or_i64 t5,t5,$0xd0d

 ---- 9000000000102280 0000000000000000 0000000000000000
 add_i64 statcounters_icount_kernel,statcounters_icount_kernel,$0x1
 mov_i64 t6,$0xe0e0000

 ---- 9000000000102284 0000000000000000 0000000000000000
 add_i64 statcounters_icount_kernel,statcounters_icount_kernel,$0x1
 or_i64 t6,t6,$0xe0e

 ---- 9000000000102288 0000000000000000 0000000000000000
 add_i64 statcounters_icount_kernel,statcounters_icount_kernel,$0x1
 mov_i64 loc58,t6
 shl_i64 t6,loc58,$0x10

 ---- 900000000010228c 0000000000000000 0000000000000000
 add_i64 statcounters_icount_kernel,statcounters_icount_kernel,$0x1
 or_i64 t6,t6,$0xe0e

 ---- 9000000000102290 0000000000000000 0000000000000000
 add_i64 statcounters_icount_kernel,statcounters_icount_kernel,$0x1
 mov_i64 loc59,t6
 shl_i64 t6,loc59,$0x10

 ---- 9000000000102294 0000000000000000 0000000000000000
 add_i64 statcounters_icount_kernel,statcounters_icount_kernel,$0x1
 or_i64 t6,t6,$0xe0e

 ---- 9000000000102298 0000000000000000 0000000000000000
 add_i64 statcounters_icount_kernel,statcounters_icount_kernel,$0x1
 mov_i64 t7,$0xf0f0000

 ---- 900000000010229c 0000000000000000 0000000000000000
 add_i64 statcounters_icount_kernel,statcounters_icount_kernel,$0x1
 or_i64 t7,t7,$0xf0f

 ---- 90000000001022a0 0000000000000000 0000000000000000
 add_i64 statcounters_icount_kernel,statcounters_icount_kernel,$0x1
 mov_i64 loc62,t7
 shl_i64 t7,loc62,$0x10

 ---- 90000000001022a4 0000000000000000 0000000000000000
 add_i64 statcounters_icount_kernel,statcounters_icount_kernel,$0x1
 or_i64 t7,t7,$0xf0f

 ---- 90000000001022a8 0000000000000000 0000000000000000
 add_i64 statcounters_icount_kernel,statcounters_icount_kernel,$0x1
 mov_i64 loc63,t7
 shl_i64 t7,loc63,$0x10

 ---- 90000000001022ac 0000000000000000 0000000000000000
 add_i64 statcounters_icount_kernel,statcounters_icount_kernel,$0x1
 or_i64 t7,t7,$0xf0f

 ---- 90000000001022b0 0000000000000000 0000000000000000
 add_i64 statcounters_icount_kernel,statcounters_icount_kernel,$0x1
 mov_i64 s0,$0x10100000

 ---- 90000000001022b4 0000000000000000 0000000000000000
 add_i64 statcounters_icount_kernel,statcounters_icount_kernel,$0x1
 or_i64 s0,s0,$0x1010

 ---- 90000000001022b8 0000000000000000 0000000000000000
 add_i64 statcounters_icount_kernel,statcounters_icount_kernel,$0x1
 mov_i64 loc66,s0
 shl_i64 s0,loc66,$0x10

 ---- 90000000001022bc 0000000000000000 0000000000000000
 add_i64 statcounters_icount_kernel,statcounters_icount_kernel,$0x1
 or_i64 s0,s0,$0x1010

 ---- 90000000001022c0 0000000000000000 0000000000000000
 add_i64 statcounters_icount_kernel,statcounters_icount_kernel,$0x1
 mov_i64 loc67,s0
 shl_i64 s0,loc67,$0x10

 ---- 90000000001022c4 0000000000000000 0000000000000000
 add_i64 statcounters_icount_kernel,statcounters_icount_kernel,$0x1
 or_i64 s0,s0,$0x1010

 ---- 90000000001022c8 0000000000000000 0000000000000000
 add_i64 statcounters_icount_kernel,statcounters_icount_kernel,$0x1
 mov_i64 s1,$0x11110000

 ---- 90000000001022cc 0000000000000000 0000000000000000
 add_i64 statcounters_icount_kernel,statcounters_icount_kernel,$0x1
 or_i64 s1,s1,$0x1111

 ---- 90000000001022d0 0000000000000000 0000000000000000
 add_i64 statcounters_icount_kernel,statcounters_icount_kernel,$0x1
 mov_i64 loc70,s1
 shl_i64 s1,loc70,$0x10

 ---- 90000000001022d4 0000000000000000 0000000000000000
 add_i64 statcounters_icount_kernel,statcounters_icount_kernel,$0x1
 or_i64 s1,s1,$0x1111

 ---- 90000000001022d8 0000000000000000 0000000000000000
 add_i64 statcounters_icount_kernel,statcounters_icount_kernel,$0x1
 mov_i64 loc71,s1
 shl_i64 s1,loc71,$0x10

 ---- 90000000001022dc 0000000000000000 0000000000000000
 add_i64 statcounters_icount_kernel,statcounters_icount_kernel,$0x1
 or_i64 s1,s1,$0x1111

 ---- 90000000001022e0 0000000000000000 0000000000000000
 add_i64 statcounters_icount_kernel,statcounters_icount_kernel,$0x1
 mov_i64 s2,$0x12120000

 ---- 90000000001022e4 0000000000000000 0000000000000000
 add_i64 statcounters_icount_kernel,statcounters_icount_kernel,$0x1
 or_i64 s2,s2,$0x1212

 ---- 90000000001022e8 0000000000000000 0000000000000000
 add_i64 statcounters_icount_kernel,statcounters_icount_kernel,$0x1
 mov_i64 loc74,s2
 shl_i64 s2,loc74,$0x10

 ---- 90000000001022ec 0000000000000000 0000000000000000
 add_i64 statcounters_icount_kernel,statcounters_icount_kernel,$0x1
 or_i64 s2,s2,$0x1212

 ---- 90000000001022f0 0000000000000000 0000000000000000
 add_i64 statcounters_icount_kernel,statcounters_icount_kernel,$0x1
 mov_i64 loc75,s2
 shl_i64 s2,loc75,$0x10

 ---- 90000000001022f4 0000000000000000 0000000000000000
 add_i64 statcounters_icount_kernel,statcounters_icount_kernel,$0x1
 or_i64 s2,s2,$0x1212

 ---- 90000000001022f8 0000000000000000 0000000000000000
 add_i64 statcounters_icount_kernel,statcounters_icount_kernel,$0x1
 mov_i64 s3,$0x13130000

 ---- 90000000001022fc 0000000000000000 0000000000000000
 add_i64 statcounters_icount_kernel,statcounters_icount_kernel,$0x1
 or_i64 s3,s3,$0x1313

 ---- 9000000000102300 0000000000000000 0000000000000000
 add_i64 statcounters_icount_kernel,statcounters_icount_kernel,$0x1
 mov_i64 loc78,s3
 shl_i64 s3,loc78,$0x10

 ---- 9000000000102304 0000000000000000 0000000000000000
 add_i64 statcounters_icount_kernel,statcounters_icount_kernel,$0x1
 or_i64 s3,s3,$0x1313

 ---- 9000000000102308 0000000000000000 0000000000000000
 add_i64 statcounters_icount_kernel,statcounters_icount_kernel,$0x1
 mov_i64 loc79,s3
 shl_i64 s3,loc79,$0x10

 ---- 900000000010230c 0000000000000000 0000000000000000
 add_i64 statcounters_icount_kernel,statcounters_icount_kernel,$0x1
 or_i64 s3,s3,$0x1313

 ---- 9000000000102310 0000000000000000 0000000000000000
 add_i64 statcounters_icount_kernel,statcounters_icount_kernel,$0x1
 mov_i64 s4,$0x14140000

 ---- 9000000000102314 0000000000000000 0000000000000000
 add_i64 statcounters_icount_kernel,statcounters_icount_kernel,$0x1
 or_i64 s4,s4,$0x1414

 ---- 9000000000102318 0000000000000000 0000000000000000
 add_i64 statcounters_icount_kernel,statcounters_icount_kernel,$0x1
 mov_i64 loc82,s4
 shl_i64 s4,loc82,$0x10

 ---- 900000000010231c 0000000000000000 0000000000000000
 add_i64 statcounters_icount_kernel,statcounters_icount_kernel,$0x1
 or_i64 s4,s4,$0x1414

 ---- 9000000000102320 0000000000000000 0000000000000000
 add_i64 statcounters_icount_kernel,statcounters_icount_kernel,$0x1
 mov_i64 loc83,s4
 shl_i64 s4,loc83,$0x10

 ---- 9000000000102324 0000000000000000 0000000000000000
 add_i64 statcounters_icount_kernel,statcounters_icount_kernel,$0x1
 or_i64 s4,s4,$0x1414

 ---- 9000000000102328 0000000000000000 0000000000000000
 add_i64 statcounters_icount_kernel,statcounters_icount_kernel,$0x1
 mov_i64 s5,$0x15150000

 ---- 900000000010232c 0000000000000000 0000000000000000
 add_i64 statcounters_icount_kernel,statcounters_icount_kernel,$0x1
 or_i64 s5,s5,$0x1515

 ---- 9000000000102330 0000000000000000 0000000000000000
 add_i64 statcounters_icount_kernel,statcounters_icount_kernel,$0x1
 mov_i64 loc86,s5
 shl_i64 s5,loc86,$0x10

 ---- 9000000000102334 0000000000000000 0000000000000000
 add_i64 statcounters_icount_kernel,statcounters_icount_kernel,$0x1
 or_i64 s5,s5,$0x1515

 ---- 9000000000102338 0000000000000000 0000000000000000
 add_i64 statcounters_icount_kernel,statcounters_icount_kernel,$0x1
 mov_i64 loc87,s5
 shl_i64 s5,loc87,$0x10

 ---- 900000000010233c 0000000000000000 0000000000000000
 add_i64 statcounters_icount_kernel,statcounters_icount_kernel,$0x1
 or_i64 s5,s5,$0x1515

 ---- 9000000000102340 0000000000000000 0000000000000000
 add_i64 statcounters_icount_kernel,statcounters_icount_kernel,$0x1
 mov_i64 s6,$0x16160000

 ---- 9000000000102344 0000000000000000 0000000000000000
 add_i64 statcounters_icount_kernel,statcounters_icount_kernel,$0x1
 or_i64 s6,s6,$0x1616

 ---- 9000000000102348 0000000000000000 0000000000000000
 add_i64 statcounters_icount_kernel,statcounters_icount_kernel,$0x1
 mov_i64 loc90,s6
 shl_i64 s6,loc90,$0x10

 ---- 900000000010234c 0000000000000000 0000000000000000
 add_i64 statcounters_icount_kernel,statcounters_icount_kernel,$0x1
 or_i64 s6,s6,$0x1616

 ---- 9000000000102350 0000000000000000 0000000000000000
 add_i64 statcounters_icount_kernel,statcounters_icount_kernel,$0x1
 mov_i64 loc91,s6
 shl_i64 s6,loc91,$0x10

 ---- 9000000000102354 0000000000000000 0000000000000000
 add_i64 statcounters_icount_kernel,statcounters_icount_kernel,$0x1
 or_i64 s6,s6,$0x1616

 ---- 9000000000102358 0000000000000000 0000000000000000
 add_i64 statcounters_icount_kernel,statcounters_icount_kernel,$0x1
 mov_i64 s7,$0x17170000

 ---- 900000000010235c 0000000000000000 0000000000000000
 add_i64 statcounters_icount_kernel,statcounters_icount_kernel,$0x1
 or_i64 s7,s7,$0x1717

 ---- 9000000000102360 0000000000000000 0000000000000000
 add_i64 statcounters_icount_kernel,statcounters_icount_kernel,$0x1
 mov_i64 loc94,s7
 shl_i64 s7,loc94,$0x10

 ---- 9000000000102364 0000000000000000 0000000000000000
 add_i64 statcounters_icount_kernel,statcounters_icount_kernel,$0x1
 or_i64 s7,s7,$0x1717

 ---- 9000000000102368 0000000000000000 0000000000000000
 add_i64 statcounters_icount_kernel,statcounters_icount_kernel,$0x1
 mov_i64 loc95,s7
 shl_i64 s7,loc95,$0x10

 ---- 900000000010236c 0000000000000000 0000000000000000
 add_i64 statcounters_icount_kernel,statcounters_icount_kernel,$0x1
 or_i64 s7,s7,$0x1717

 ---- 9000000000102370 0000000000000000 0000000000000000
 add_i64 statcounters_icount_kernel,statcounters_icount_kernel,$0x1
 mov_i64 t8,$0x18180000

 ---- 9000000000102374 0000000000000000 0000000000000000
 add_i64 statcounters_icount_kernel,statcounters_icount_kernel,$0x1
 or_i64 t8,t8,$0x1818

 ---- 9000000000102378 0000000000000000 0000000000000000
 add_i64 statcounters_icount_kernel,statcounters_icount_kernel,$0x1
 mov_i64 loc98,t8
 shl_i64 t8,loc98,$0x10

 ---- 900000000010237c 0000000000000000 0000000000000000
 add_i64 statcounters_icount_kernel,statcounters_icount_kernel,$0x1
 or_i64 t8,t8,$0x1818

 ---- 9000000000102380 0000000000000000 0000000000000000
 add_i64 statcounters_icount_kernel,statcounters_icount_kernel,$0x1
 mov_i64 loc99,t8
 shl_i64 t8,loc99,$0x10

 ---- 9000000000102384 0000000000000000 0000000000000000
 add_i64 statcounters_icount_kernel,statcounters_icount_kernel,$0x1
 or_i64 t8,t8,$0x1818

 ---- 9000000000102388 0000000000000000 0000000000000000
 add_i64 statcounters_icount_kernel,statcounters_icount_kernel,$0x1
 mov_i64 t9,$0x19190000

 ---- 900000000010238c 0000000000000000 0000000000000000
 add_i64 statcounters_icount_kernel,statcounters_icount_kernel,$0x1
 or_i64 t9,t9,$0x1919

 ---- 9000000000102390 0000000000000000 0000000000000000
 add_i64 statcounters_icount_kernel,statcounters_icount_kernel,$0x1
 mov_i64 loc102,t9
 shl_i64 t9,loc102,$0x10

 ---- 9000000000102394 0000000000000000 0000000000000000
 add_i64 statcounters_icount_kernel,statcounters_icount_kernel,$0x1
 or_i64 t9,t9,$0x1919

 ---- 9000000000102398 0000000000000000 0000000000000000
 add_i64 statcounters_icount_kernel,statcounters_icount_kernel,$0x1
 mov_i64 loc103,t9
 shl_i64 t9,loc103,$0x10

 ---- 900000000010239c 0000000000000000 0000000000000000
 add_i64 statcounters_icount_kernel,statcounters_icount_kernel,$0x1
 or_i64 t9,t9,$0x1919

 ---- 90000000001023a0 0000000000000000 0000000000000000
 add_i64 statcounters_icount_kernel,statcounters_icount_kernel,$0x1
 mov_i64 k0,$0x1a1a0000

 ---- 90000000001023a4 0000000000000000 0000000000000000
 add_i64 statcounters_icount_kernel,statcounters_icount_kernel,$0x1
 or_i64 k0,k0,$0x1a1a

 ---- 90000000001023a8 0000000000000000 0000000000000000
 add_i64 statcounters_icount_kernel,statcounters_icount_kernel,$0x1
 mov_i64 loc106,k0
 shl_i64 k0,loc106,$0x10

 ---- 90000000001023ac 0000000000000000 0000000000000000
 add_i64 statcounters_icount_kernel,statcounters_icount_kernel,$0x1
 or_i64 k0,k0,$0x1a1a

 ---- 90000000001023b0 0000000000000000 0000000000000000
 add_i64 statcounters_icount_kernel,statcounters_icount_kernel,$0x1
 mov_i64 loc107,k0
 shl_i64 k0,loc107,$0x10

 ---- 90000000001023b4 0000000000000000 0000000000000000
 add_i64 statcounters_icount_kernel,statcounters_icount_kernel,$0x1
 or_i64 k0,k0,$0x1a1a

 ---- 90000000001023b8 0000000000000000 0000000000000000
 add_i64 statcounters_icount_kernel,statcounters_icount_kernel,$0x1
 mov_i64 k1,$0x1b1b0000

 ---- 90000000001023bc 0000000000000000 0000000000000000
 add_i64 statcounters_icount_kernel,statcounters_icount_kernel,$0x1
 or_i64 k1,k1,$0x1b1b

 ---- 90000000001023c0 0000000000000000 0000000000000000
 add_i64 statcounters_icount_kernel,statcounters_icount_kernel,$0x1
 mov_i64 loc110,k1
 shl_i64 k1,loc110,$0x10

 ---- 90000000001023c4 0000000000000000 0000000000000000
 add_i64 statcounters_icount_kernel,statcounters_icount_kernel,$0x1
 or_i64 k1,k1,$0x1b1b

 ---- 90000000001023c8 0000000000000000 0000000000000000
 add_i64 statcounters_icount_kernel,statcounters_icount_kernel,$0x1
 mov_i64 loc111,k1
 shl_i64 k1,loc111,$0x10

 ---- 90000000001023cc 0000000000000000 0000000000000000
 add_i64 statcounters_icount_kernel,statcounters_icount_kernel,$0x1
 or_i64 k1,k1,$0x1b1b

 ---- 90000000001023d0 0000000000000000 0000000000000000
 add_i64 statcounters_icount_kernel,statcounters_icount_kernel,$0x1
 mov_i64 gp,$0x1c1c0000

 ---- 90000000001023d4 0000000000000000 0000000000000000
 add_i64 statcounters_icount_kernel,statcounters_icount_kernel,$0x1
 or_i64 gp,gp,$0x1c1c

 ---- 90000000001023d8 0000000000000000 0000000000000000
 add_i64 statcounters_icount_kernel,statcounters_icount_kernel,$0x1
 mov_i64 loc114,gp
 shl_i64 gp,loc114,$0x10

 ---- 90000000001023dc 0000000000000000 0000000000000000
 add_i64 statcounters_icount_kernel,statcounters_icount_kernel,$0x1
 or_i64 gp,gp,$0x1c1c

 ---- 90000000001023e0 0000000000000000 0000000000000000
 add_i64 statcounters_icount_kernel,statcounters_icount_kernel,$0x1
 mov_i64 loc115,gp
 shl_i64 gp,loc115,$0x10

 ---- 90000000001023e4 0000000000000000 0000000000000000
 add_i64 statcounters_icount_kernel,statcounters_icount_kernel,$0x1
 or_i64 gp,gp,$0x1c1c

 ---- 90000000001023e8 0000000000000000 0000000000000000
 add_i64 statcounters_icount_kernel,statcounters_icount_kernel,$0x1
 mov_i64 HI0,at

 ---- 90000000001023ec 0000000000000000 0000000000000000
 add_i64 statcounters_icount_kernel,statcounters_icount_kernel,$0x1
 mov_i64 LO0,at

 ---- 90000000001023f0 0000000000000000 0000000000000000
 add_i64 statcounters_icount_kernel,statcounters_icount_kernel,$0x1
 mov_i64 t9,$0xffffffff90000000

 ---- 90000000001023f4 0000000000000000 0000000000000000
 add_i64 statcounters_icount_kernel,statcounters_icount_kernel,$0x1

 ---- 90000000001023f8 0000000000000000 0000000000000000
 add_i64 statcounters_icount_kernel,statcounters_icount_kernel,$0x1
 mov_i64 loc117,t9
 shl_i64 t9,loc117,$0x10

 ---- 90000000001023fc 0000000000000000 0000000000000000
 add_i64 statcounters_icount_kernel,statcounters_icount_kernel,$0x1
 add_i64 t9,t9,$0x10

 ---- 9000000000102400 0000000000000000 0000000000000000
 add_i64 statcounters_icount_kernel,statcounters_icount_kernel,$0x1
 mov_i64 loc118,t9
 shl_i64 t9,loc118,$0x10

 ---- 9000000000102404 0000000000000000 0000000000000000
 add_i64 statcounters_icount_kernel,statcounters_icount_kernel,$0x1
 add_i64 t9,t9,$0x2f14

 ---- 9000000000102408 0000000000000000 0000000000000000
 add_i64 statcounters_icount_kernel,statcounters_icount_kernel,$0x1
 ld_i32 loc120,env,$0x10f4
 ext_i32_i64 k0,loc120

 ---- 900000000010240c 0000000000000000 0000000000000000
 add_i64 statcounters_icount_kernel,statcounters_icount_kernel,$0x1
 and_i64 k0,k0,$0x40

 ---- 9000000000102410 0000000000000000 0000000000000000
 add_i64 statcounters_icount_kernel,statcounters_icount_kernel,$0x1
 mov_i64 PC,$0x9000000000102410
 call qemu_log_instr_start,$0x2,$0,env,$0x9000000000102410
 mov_i64 PC,$0x9000000000102414
 exit_tb $0x0
 set_label $L0
 exit_tb $0x7f07d4003ac3

OP after optimization and liveness analysis:
 ld_i32 tmp0,env,$0xffffffffffffffe0      pref=0xffff
 brcond_i32 tmp0,$0x0,lt,$L0              dead: 0 1

 ---- 9000000000102148 0000000000000000 0000000000000000
 add_i64 statcounters_icount_kernel,statcounters_icount_kernel,$0x1  dead: 1  pref=0xffff

 ---- 900000000010214c 0000000000000000 0000000000000000
 add_i64 statcounters_icount_kernel,statcounters_icount_kernel,$0x1  dead: 1  pref=0xffff

 ---- 9000000000102150 0000000000000000 0000000000000000
 add_i64 statcounters_icount_kernel,statcounters_icount_kernel,$0x1  dead: 1  pref=0xffff

 ---- 9000000000102154 0000000000000000 0000000000000000
 add_i64 statcounters_icount_kernel,statcounters_icount_kernel,$0x1  dead: 1  pref=0xffff

 ---- 9000000000102158 0000000000000000 0000000000000000
 add_i64 statcounters_icount_kernel,statcounters_icount_kernel,$0x1  dead: 1  pref=0xffff

 ---- 900000000010215c 0000000000000000 0000000000000000
 add_i64 statcounters_icount_kernel,statcounters_icount_kernel,$0x1  dead: 1  pref=0xffff
 mov_i64 at,$0x101010101010101            sync: 0  dead: 0  pref=0xffff

 ---- 9000000000102160 0000000000000000 0000000000000000
 add_i64 statcounters_icount_kernel,statcounters_icount_kernel,$0x1  dead: 1  pref=0xffff

 ---- 9000000000102164 0000000000000000 0000000000000000
 add_i64 statcounters_icount_kernel,statcounters_icount_kernel,$0x1  dead: 1  pref=0xffff

 ---- 9000000000102168 0000000000000000 0000000000000000
 add_i64 statcounters_icount_kernel,statcounters_icount_kernel,$0x1  dead: 1  pref=0xffff

 ---- 900000000010216c 0000000000000000 0000000000000000
 add_i64 statcounters_icount_kernel,statcounters_icount_kernel,$0x1  dead: 1  pref=0xffff

 ---- 9000000000102170 0000000000000000 0000000000000000
 add_i64 statcounters_icount_kernel,statcounters_icount_kernel,$0x1  dead: 1  pref=0xffff

 ---- 9000000000102174 0000000000000000 0000000000000000
 add_i64 statcounters_icount_kernel,statcounters_icount_kernel,$0x1  dead: 1  pref=0xffff
 mov_i64 v0,$0x202020202020202            sync: 0  dead: 0 1  pref=0xffff

 ---- 9000000000102178 0000000000000000 0000000000000000
 add_i64 statcounters_icount_kernel,statcounters_icount_kernel,$0x1  dead: 1  pref=0xffff

 ---- 900000000010217c 0000000000000000 0000000000000000
 add_i64 statcounters_icount_kernel,statcounters_icount_kernel,$0x1  dead: 1  pref=0xffff

 ---- 9000000000102180 0000000000000000 0000000000000000
 add_i64 statcounters_icount_kernel,statcounters_icount_kernel,$0x1  dead: 1  pref=0xffff

 ---- 9000000000102184 0000000000000000 0000000000000000
 add_i64 statcounters_icount_kernel,statcounters_icount_kernel,$0x1  dead: 1  pref=0xffff

 ---- 9000000000102188 0000000000000000 0000000000000000
 add_i64 statcounters_icount_kernel,statcounters_icount_kernel,$0x1  dead: 1  pref=0xffff

 ---- 900000000010218c 0000000000000000 0000000000000000
 add_i64 statcounters_icount_kernel,statcounters_icount_kernel,$0x1  dead: 1  pref=0xffff
 mov_i64 v1,$0x303030303030303            sync: 0  dead: 0 1  pref=0xffff

 ---- 9000000000102190 0000000000000000 0000000000000000
 add_i64 statcounters_icount_kernel,statcounters_icount_kernel,$0x1  dead: 1  pref=0xffff

 ---- 9000000000102194 0000000000000000 0000000000000000
 add_i64 statcounters_icount_kernel,statcounters_icount_kernel,$0x1  dead: 1  pref=0xffff

 ---- 9000000000102198 0000000000000000 0000000000000000
 add_i64 statcounters_icount_kernel,statcounters_icount_kernel,$0x1  dead: 1  pref=0xffff

 ---- 900000000010219c 0000000000000000 0000000000000000
 add_i64 statcounters_icount_kernel,statcounters_icount_kernel,$0x1  dead: 1  pref=0xffff

 ---- 90000000001021a0 0000000000000000 0000000000000000
 add_i64 statcounters_icount_kernel,statcounters_icount_kernel,$0x1  dead: 1  pref=0xffff

 ---- 90000000001021a4 0000000000000000 0000000000000000
 add_i64 statcounters_icount_kernel,statcounters_icount_kernel,$0x1  dead: 1  pref=0xffff
 mov_i64 a0,$0x404040404040404            sync: 0  dead: 0 1  pref=0xffff

 ---- 90000000001021a8 0000000000000000 0000000000000000
 add_i64 statcounters_icount_kernel,statcounters_icount_kernel,$0x1  dead: 1  pref=0xffff

 ---- 90000000001021ac 0000000000000000 0000000000000000
 add_i64 statcounters_icount_kernel,statcounters_icount_kernel,$0x1  dead: 1  pref=0xffff

 ---- 90000000001021b0 0000000000000000 0000000000000000
 add_i64 statcounters_icount_kernel,statcounters_icount_kernel,$0x1  dead: 1  pref=0xffff

 ---- 90000000001021b4 0000000000000000 0000000000000000
 add_i64 statcounters_icount_kernel,statcounters_icount_kernel,$0x1  dead: 1  pref=0xffff

 ---- 90000000001021b8 0000000000000000 0000000000000000
 add_i64 statcounters_icount_kernel,statcounters_icount_kernel,$0x1  dead: 1  pref=0xffff

 ---- 90000000001021bc 0000000000000000 0000000000000000
 add_i64 statcounters_icount_kernel,statcounters_icount_kernel,$0x1  dead: 1  pref=0xffff
 mov_i64 a1,$0x505050505050505            sync: 0  dead: 0 1  pref=0xffff

 ---- 90000000001021c0 0000000000000000 0000000000000000
 add_i64 statcounters_icount_kernel,statcounters_icount_kernel,$0x1  dead: 1  pref=0xffff

 ---- 90000000001021c4 0000000000000000 0000000000000000
 add_i64 statcounters_icount_kernel,statcounters_icount_kernel,$0x1  dead: 1  pref=0xffff

 ---- 90000000001021c8 0000000000000000 0000000000000000
 add_i64 statcounters_icount_kernel,statcounters_icount_kernel,$0x1  dead: 1  pref=0xffff

 ---- 90000000001021cc 0000000000000000 0000000000000000
 add_i64 statcounters_icount_kernel,statcounters_icount_kernel,$0x1  dead: 1  pref=0xffff

 ---- 90000000001021d0 0000000000000000 0000000000000000
 add_i64 statcounters_icount_kernel,statcounters_icount_kernel,$0x1  dead: 1  pref=0xffff

 ---- 90000000001021d4 0000000000000000 0000000000000000
 add_i64 statcounters_icount_kernel,statcounters_icount_kernel,$0x1  dead: 1  pref=0xffff
 mov_i64 a2,$0x606060606060606            sync: 0  dead: 0 1  pref=0xffff

 ---- 90000000001021d8 0000000000000000 0000000000000000
 add_i64 statcounters_icount_kernel,statcounters_icount_kernel,$0x1  dead: 1  pref=0xffff

 ---- 90000000001021dc 0000000000000000 0000000000000000
 add_i64 statcounters_icount_kernel,statcounters_icount_kernel,$0x1  dead: 1  pref=0xffff

 ---- 90000000001021e0 0000000000000000 0000000000000000
 add_i64 statcounters_icount_kernel,statcounters_icount_kernel,$0x1  dead: 1  pref=0xffff

 ---- 90000000001021e4 0000000000000000 0000000000000000
 add_i64 statcounters_icount_kernel,statcounters_icount_kernel,$0x1  dead: 1  pref=0xffff

 ---- 90000000001021e8 0000000000000000 0000000000000000
 add_i64 statcounters_icount_kernel,statcounters_icount_kernel,$0x1  dead: 1  pref=0xffff

 ---- 90000000001021ec 0000000000000000 0000000000000000
 add_i64 statcounters_icount_kernel,statcounters_icount_kernel,$0x1  dead: 1  pref=0xffff
 mov_i64 a3,$0x707070707070707            sync: 0  dead: 0 1  pref=0xffff

 ---- 90000000001021f0 0000000000000000 0000000000000000
 add_i64 statcounters_icount_kernel,statcounters_icount_kernel,$0x1  dead: 1  pref=0xffff

 ---- 90000000001021f4 0000000000000000 0000000000000000
 add_i64 statcounters_icount_kernel,statcounters_icount_kernel,$0x1  dead: 1  pref=0xffff

 ---- 90000000001021f8 0000000000000000 0000000000000000
 add_i64 statcounters_icount_kernel,statcounters_icount_kernel,$0x1  dead: 1  pref=0xffff

 ---- 90000000001021fc 0000000000000000 0000000000000000
 add_i64 statcounters_icount_kernel,statcounters_icount_kernel,$0x1  dead: 1  pref=0xffff

 ---- 9000000000102200 0000000000000000 0000000000000000
 add_i64 statcounters_icount_kernel,statcounters_icount_kernel,$0x1  dead: 1  pref=0xffff

 ---- 9000000000102204 0000000000000000 0000000000000000
 add_i64 statcounters_icount_kernel,statcounters_icount_kernel,$0x1  dead: 1  pref=0xffff
 mov_i64 t0,$0x808080808080808            sync: 0  dead: 0 1  pref=0xffff

 ---- 9000000000102208 0000000000000000 0000000000000000
 add_i64 statcounters_icount_kernel,statcounters_icount_kernel,$0x1  dead: 1  pref=0xffff

 ---- 900000000010220c 0000000000000000 0000000000000000
 add_i64 statcounters_icount_kernel,statcounters_icount_kernel,$0x1  dead: 1  pref=0xffff

 ---- 9000000000102210 0000000000000000 0000000000000000
 add_i64 statcounters_icount_kernel,statcounters_icount_kernel,$0x1  dead: 1  pref=0xffff

 ---- 9000000000102214 0000000000000000 0000000000000000
 add_i64 statcounters_icount_kernel,statcounters_icount_kernel,$0x1  dead: 1  pref=0xffff

 ---- 9000000000102218 0000000000000000 0000000000000000
 add_i64 statcounters_icount_kernel,statcounters_icount_kernel,$0x1  dead: 1  pref=0xffff

 ---- 900000000010221c 0000000000000000 0000000000000000
 add_i64 statcounters_icount_kernel,statcounters_icount_kernel,$0x1  dead: 1  pref=0xffff
 mov_i64 t1,$0x909090909090909            sync: 0  dead: 0 1  pref=0xffff

 ---- 9000000000102220 0000000000000000 0000000000000000
 add_i64 statcounters_icount_kernel,statcounters_icount_kernel,$0x1  dead: 1  pref=0xffff

 ---- 9000000000102224 0000000000000000 0000000000000000
 add_i64 statcounters_icount_kernel,statcounters_icount_kernel,$0x1  dead: 1  pref=0xffff

 ---- 9000000000102228 0000000000000000 0000000000000000
 add_i64 statcounters_icount_kernel,statcounters_icount_kernel,$0x1  dead: 1  pref=0xffff

 ---- 900000000010222c 0000000000000000 0000000000000000
 add_i64 statcounters_icount_kernel,statcounters_icount_kernel,$0x1  dead: 1  pref=0xffff

 ---- 9000000000102230 0000000000000000 0000000000000000
 add_i64 statcounters_icount_kernel,statcounters_icount_kernel,$0x1  dead: 1  pref=0xffff

 ---- 9000000000102234 0000000000000000 0000000000000000
 add_i64 statcounters_icount_kernel,statcounters_icount_kernel,$0x1  dead: 1  pref=0xffff
 mov_i64 t2,$0xa0a0a0a0a0a0a0a            sync: 0  dead: 0 1  pref=0xffff

 ---- 9000000000102238 0000000000000000 0000000000000000
 add_i64 statcounters_icount_kernel,statcounters_icount_kernel,$0x1  dead: 1  pref=0xffff

 ---- 900000000010223c 0000000000000000 0000000000000000
 add_i64 statcounters_icount_kernel,statcounters_icount_kernel,$0x1  dead: 1  pref=0xffff

 ---- 9000000000102240 0000000000000000 0000000000000000
 add_i64 statcounters_icount_kernel,statcounters_icount_kernel,$0x1  dead: 1  pref=0xffff

 ---- 9000000000102244 0000000000000000 0000000000000000
 add_i64 statcounters_icount_kernel,statcounters_icount_kernel,$0x1  dead: 1  pref=0xffff

 ---- 9000000000102248 0000000000000000 0000000000000000
 add_i64 statcounters_icount_kernel,statcounters_icount_kernel,$0x1  dead: 1  pref=0xffff

 ---- 900000000010224c 0000000000000000 0000000000000000
 add_i64 statcounters_icount_kernel,statcounters_icount_kernel,$0x1  dead: 1  pref=0xffff
 mov_i64 t3,$0xb0b0b0b0b0b0b0b            sync: 0  dead: 0 1  pref=0xffff

 ---- 9000000000102250 0000000000000000 0000000000000000
 add_i64 statcounters_icount_kernel,statcounters_icount_kernel,$0x1  dead: 1  pref=0xffff

 ---- 9000000000102254 0000000000000000 0000000000000000
 add_i64 statcounters_icount_kernel,statcounters_icount_kernel,$0x1  dead: 1  pref=0xffff

 ---- 9000000000102258 0000000000000000 0000000000000000
 add_i64 statcounters_icount_kernel,statcounters_icount_kernel,$0x1  dead: 1  pref=0xffff

 ---- 900000000010225c 0000000000000000 0000000000000000
 add_i64 statcounters_icount_kernel,statcounters_icount_kernel,$0x1  dead: 1  pref=0xffff

 ---- 9000000000102260 0000000000000000 0000000000000000
 add_i64 statcounters_icount_kernel,statcounters_icount_kernel,$0x1  dead: 1  pref=0xffff

 ---- 9000000000102264 0000000000000000 0000000000000000
 add_i64 statcounters_icount_kernel,statcounters_icount_kernel,$0x1  dead: 1  pref=0xffff
 mov_i64 t4,$0xc0c0c0c0c0c0c0c            sync: 0  dead: 0 1  pref=0xffff

 ---- 9000000000102268 0000000000000000 0000000000000000
 add_i64 statcounters_icount_kernel,statcounters_icount_kernel,$0x1  dead: 1  pref=0xffff

 ---- 900000000010226c 0000000000000000 0000000000000000
 add_i64 statcounters_icount_kernel,statcounters_icount_kernel,$0x1  dead: 1  pref=0xffff

 ---- 9000000000102270 0000000000000000 0000000000000000
 add_i64 statcounters_icount_kernel,statcounters_icount_kernel,$0x1  dead: 1  pref=0xffff

 ---- 9000000000102274 0000000000000000 0000000000000000
 add_i64 statcounters_icount_kernel,statcounters_icount_kernel,$0x1  dead: 1  pref=0xffff

 ---- 9000000000102278 0000000000000000 0000000000000000
 add_i64 statcounters_icount_kernel,statcounters_icount_kernel,$0x1  dead: 1  pref=0xffff

 ---- 900000000010227c 0000000000000000 0000000000000000
 add_i64 statcounters_icount_kernel,statcounters_icount_kernel,$0x1  dead: 1  pref=0xffff
 mov_i64 t5,$0xd0d0d0d0d0d0d0d            sync: 0  dead: 0 1  pref=0xffff

 ---- 9000000000102280 0000000000000000 0000000000000000
 add_i64 statcounters_icount_kernel,statcounters_icount_kernel,$0x1  dead: 1  pref=0xffff

 ---- 9000000000102284 0000000000000000 0000000000000000
 add_i64 statcounters_icount_kernel,statcounters_icount_kernel,$0x1  dead: 1  pref=0xffff

 ---- 9000000000102288 0000000000000000 0000000000000000
 add_i64 statcounters_icount_kernel,statcounters_icount_kernel,$0x1  dead: 1  pref=0xffff

 ---- 900000000010228c 0000000000000000 0000000000000000
 add_i64 statcounters_icount_kernel,statcounters_icount_kernel,$0x1  dead: 1  pref=0xffff

 ---- 9000000000102290 0000000000000000 0000000000000000
 add_i64 statcounters_icount_kernel,statcounters_icount_kernel,$0x1  dead: 1  pref=0xffff

 ---- 9000000000102294 0000000000000000 0000000000000000
 add_i64 statcounters_icount_kernel,statcounters_icount_kernel,$0x1  dead: 1  pref=0xffff
 mov_i64 t6,$0xe0e0e0e0e0e0e0e            sync: 0  dead: 0 1  pref=0xffff

 ---- 9000000000102298 0000000000000000 0000000000000000
 add_i64 statcounters_icount_kernel,statcounters_icount_kernel,$0x1  dead: 1  pref=0xffff

 ---- 900000000010229c 0000000000000000 0000000000000000
 add_i64 statcounters_icount_kernel,statcounters_icount_kernel,$0x1  dead: 1  pref=0xffff

 ---- 90000000001022a0 0000000000000000 0000000000000000
 add_i64 statcounters_icount_kernel,statcounters_icount_kernel,$0x1  dead: 1  pref=0xffff

 ---- 90000000001022a4 0000000000000000 0000000000000000
 add_i64 statcounters_icount_kernel,statcounters_icount_kernel,$0x1  dead: 1  pref=0xffff

 ---- 90000000001022a8 0000000000000000 0000000000000000
 add_i64 statcounters_icount_kernel,statcounters_icount_kernel,$0x1  dead: 1  pref=0xffff

 ---- 90000000001022ac 0000000000000000 0000000000000000
 add_i64 statcounters_icount_kernel,statcounters_icount_kernel,$0x1  dead: 1  pref=0xffff
 mov_i64 t7,$0xf0f0f0f0f0f0f0f            sync: 0  dead: 0 1  pref=0xffff

 ---- 90000000001022b0 0000000000000000 0000000000000000
 add_i64 statcounters_icount_kernel,statcounters_icount_kernel,$0x1  dead: 1  pref=0xffff

 ---- 90000000001022b4 0000000000000000 0000000000000000
 add_i64 statcounters_icount_kernel,statcounters_icount_kernel,$0x1  dead: 1  pref=0xffff

 ---- 90000000001022b8 0000000000000000 0000000000000000
 add_i64 statcounters_icount_kernel,statcounters_icount_kernel,$0x1  dead: 1  pref=0xffff

 ---- 90000000001022bc 0000000000000000 0000000000000000
 add_i64 statcounters_icount_kernel,statcounters_icount_kernel,$0x1  dead: 1  pref=0xffff

 ---- 90000000001022c0 0000000000000000 0000000000000000
 add_i64 statcounters_icount_kernel,statcounters_icount_kernel,$0x1  dead: 1  pref=0xffff

 ---- 90000000001022c4 0000000000000000 0000000000000000
 add_i64 statcounters_icount_kernel,statcounters_icount_kernel,$0x1  dead: 1  pref=0xffff
 mov_i64 s0,$0x1010101010101010           sync: 0  dead: 0 1  pref=0xffff

 ---- 90000000001022c8 0000000000000000 0000000000000000
 add_i64 statcounters_icount_kernel,statcounters_icount_kernel,$0x1  dead: 1  pref=0xffff

 ---- 90000000001022cc 0000000000000000 0000000000000000
 add_i64 statcounters_icount_kernel,statcounters_icount_kernel,$0x1  dead: 1  pref=0xffff

 ---- 90000000001022d0 0000000000000000 0000000000000000
 add_i64 statcounters_icount_kernel,statcounters_icount_kernel,$0x1  dead: 1  pref=0xffff

 ---- 90000000001022d4 0000000000000000 0000000000000000
 add_i64 statcounters_icount_kernel,statcounters_icount_kernel,$0x1  dead: 1  pref=0xffff

 ---- 90000000001022d8 0000000000000000 0000000000000000
 add_i64 statcounters_icount_kernel,statcounters_icount_kernel,$0x1  dead: 1  pref=0xffff

 ---- 90000000001022dc 0000000000000000 0000000000000000
 add_i64 statcounters_icount_kernel,statcounters_icount_kernel,$0x1  dead: 1  pref=0xffff
 mov_i64 s1,$0x1111111111111111           sync: 0  dead: 0 1  pref=0xffff

 ---- 90000000001022e0 0000000000000000 0000000000000000
 add_i64 statcounters_icount_kernel,statcounters_icount_kernel,$0x1  dead: 1  pref=0xffff

 ---- 90000000001022e4 0000000000000000 0000000000000000
 add_i64 statcounters_icount_kernel,statcounters_icount_kernel,$0x1  dead: 1  pref=0xffff

 ---- 90000000001022e8 0000000000000000 0000000000000000
 add_i64 statcounters_icount_kernel,statcounters_icount_kernel,$0x1  dead: 1  pref=0xffff

 ---- 90000000001022ec 0000000000000000 0000000000000000
 add_i64 statcounters_icount_kernel,statcounters_icount_kernel,$0x1  dead: 1  pref=0xffff

 ---- 90000000001022f0 0000000000000000 0000000000000000
 add_i64 statcounters_icount_kernel,statcounters_icount_kernel,$0x1  dead: 1  pref=0xffff

 ---- 90000000001022f4 0000000000000000 0000000000000000
 add_i64 statcounters_icount_kernel,statcounters_icount_kernel,$0x1  dead: 1  pref=0xffff
 mov_i64 s2,$0x1212121212121212           sync: 0  dead: 0 1  pref=0xffff

 ---- 90000000001022f8 0000000000000000 0000000000000000
 add_i64 statcounters_icount_kernel,statcounters_icount_kernel,$0x1  dead: 1  pref=0xffff

 ---- 90000000001022fc 0000000000000000 0000000000000000
 add_i64 statcounters_icount_kernel,statcounters_icount_kernel,$0x1  dead: 1  pref=0xffff

 ---- 9000000000102300 0000000000000000 0000000000000000
 add_i64 statcounters_icount_kernel,statcounters_icount_kernel,$0x1  dead: 1  pref=0xffff

 ---- 9000000000102304 0000000000000000 0000000000000000
 add_i64 statcounters_icount_kernel,statcounters_icount_kernel,$0x1  dead: 1  pref=0xffff

 ---- 9000000000102308 0000000000000000 0000000000000000
 add_i64 statcounters_icount_kernel,statcounters_icount_kernel,$0x1  dead: 1  pref=0xffff

 ---- 900000000010230c 0000000000000000 0000000000000000
 add_i64 statcounters_icount_kernel,statcounters_icount_kernel,$0x1  dead: 1  pref=0xffff
 mov_i64 s3,$0x1313131313131313           sync: 0  dead: 0 1  pref=0xffff

 ---- 9000000000102310 0000000000000000 0000000000000000
 add_i64 statcounters_icount_kernel,statcounters_icount_kernel,$0x1  dead: 1  pref=0xffff

 ---- 9000000000102314 0000000000000000 0000000000000000
 add_i64 statcounters_icount_kernel,statcounters_icount_kernel,$0x1  dead: 1  pref=0xffff

 ---- 9000000000102318 0000000000000000 0000000000000000
 add_i64 statcounters_icount_kernel,statcounters_icount_kernel,$0x1  dead: 1  pref=0xffff

 ---- 900000000010231c 0000000000000000 0000000000000000
 add_i64 statcounters_icount_kernel,statcounters_icount_kernel,$0x1  dead: 1  pref=0xffff

 ---- 9000000000102320 0000000000000000 0000000000000000
 add_i64 statcounters_icount_kernel,statcounters_icount_kernel,$0x1  dead: 1  pref=0xffff

 ---- 9000000000102324 0000000000000000 0000000000000000
 add_i64 statcounters_icount_kernel,statcounters_icount_kernel,$0x1  dead: 1  pref=0xffff
 mov_i64 s4,$0x1414141414141414           sync: 0  dead: 0 1  pref=0xffff

 ---- 9000000000102328 0000000000000000 0000000000000000
 add_i64 statcounters_icount_kernel,statcounters_icount_kernel,$0x1  dead: 1  pref=0xffff

 ---- 900000000010232c 0000000000000000 0000000000000000
 add_i64 statcounters_icount_kernel,statcounters_icount_kernel,$0x1  dead: 1  pref=0xffff

 ---- 9000000000102330 0000000000000000 0000000000000000
 add_i64 statcounters_icount_kernel,statcounters_icount_kernel,$0x1  dead: 1  pref=0xffff

 ---- 9000000000102334 0000000000000000 0000000000000000
 add_i64 statcounters_icount_kernel,statcounters_icount_kernel,$0x1  dead: 1  pref=0xffff

 ---- 9000000000102338 0000000000000000 0000000000000000
 add_i64 statcounters_icount_kernel,statcounters_icount_kernel,$0x1  dead: 1  pref=0xffff

 ---- 900000000010233c 0000000000000000 0000000000000000
 add_i64 statcounters_icount_kernel,statcounters_icount_kernel,$0x1  dead: 1  pref=0xffff
 mov_i64 s5,$0x1515151515151515           sync: 0  dead: 0 1  pref=0xffff

 ---- 9000000000102340 0000000000000000 0000000000000000
 add_i64 statcounters_icount_kernel,statcounters_icount_kernel,$0x1  dead: 1  pref=0xffff

 ---- 9000000000102344 0000000000000000 0000000000000000
 add_i64 statcounters_icount_kernel,statcounters_icount_kernel,$0x1  dead: 1  pref=0xffff

 ---- 9000000000102348 0000000000000000 0000000000000000
 add_i64 statcounters_icount_kernel,statcounters_icount_kernel,$0x1  dead: 1  pref=0xffff

 ---- 900000000010234c 0000000000000000 0000000000000000
 add_i64 statcounters_icount_kernel,statcounters_icount_kernel,$0x1  dead: 1  pref=0xffff

 ---- 9000000000102350 0000000000000000 0000000000000000
 add_i64 statcounters_icount_kernel,statcounters_icount_kernel,$0x1  dead: 1  pref=0xffff

 ---- 9000000000102354 0000000000000000 0000000000000000
 add_i64 statcounters_icount_kernel,statcounters_icount_kernel,$0x1  dead: 1  pref=0xffff
 mov_i64 s6,$0x1616161616161616           sync: 0  dead: 0 1  pref=0xffff

 ---- 9000000000102358 0000000000000000 0000000000000000
 add_i64 statcounters_icount_kernel,statcounters_icount_kernel,$0x1  dead: 1  pref=0xffff

 ---- 900000000010235c 0000000000000000 0000000000000000
 add_i64 statcounters_icount_kernel,statcounters_icount_kernel,$0x1  dead: 1  pref=0xffff

 ---- 9000000000102360 0000000000000000 0000000000000000
 add_i64 statcounters_icount_kernel,statcounters_icount_kernel,$0x1  dead: 1  pref=0xffff

 ---- 9000000000102364 0000000000000000 0000000000000000
 add_i64 statcounters_icount_kernel,statcounters_icount_kernel,$0x1  dead: 1  pref=0xffff

 ---- 9000000000102368 0000000000000000 0000000000000000
 add_i64 statcounters_icount_kernel,statcounters_icount_kernel,$0x1  dead: 1  pref=0xffff

 ---- 900000000010236c 0000000000000000 0000000000000000
 add_i64 statcounters_icount_kernel,statcounters_icount_kernel,$0x1  dead: 1  pref=0xffff
 mov_i64 s7,$0x1717171717171717           sync: 0  dead: 0 1  pref=0xffff

 ---- 9000000000102370 0000000000000000 0000000000000000
 add_i64 statcounters_icount_kernel,statcounters_icount_kernel,$0x1  dead: 1  pref=0xffff

 ---- 9000000000102374 0000000000000000 0000000000000000
 add_i64 statcounters_icount_kernel,statcounters_icount_kernel,$0x1  dead: 1  pref=0xffff

 ---- 9000000000102378 0000000000000000 0000000000000000
 add_i64 statcounters_icount_kernel,statcounters_icount_kernel,$0x1  dead: 1  pref=0xffff

 ---- 900000000010237c 0000000000000000 0000000000000000
 add_i64 statcounters_icount_kernel,statcounters_icount_kernel,$0x1  dead: 1  pref=0xffff

 ---- 9000000000102380 0000000000000000 0000000000000000
 add_i64 statcounters_icount_kernel,statcounters_icount_kernel,$0x1  dead: 1  pref=0xffff

 ---- 9000000000102384 0000000000000000 0000000000000000
 add_i64 statcounters_icount_kernel,statcounters_icount_kernel,$0x1  dead: 1  pref=0xffff
 mov_i64 t8,$0x1818181818181818           sync: 0  dead: 0 1  pref=0xffff

 ---- 9000000000102388 0000000000000000 0000000000000000
 add_i64 statcounters_icount_kernel,statcounters_icount_kernel,$0x1  dead: 1  pref=0xffff

 ---- 900000000010238c 0000000000000000 0000000000000000
 add_i64 statcounters_icount_kernel,statcounters_icount_kernel,$0x1  dead: 1  pref=0xffff

 ---- 9000000000102390 0000000000000000 0000000000000000
 add_i64 statcounters_icount_kernel,statcounters_icount_kernel,$0x1  dead: 1  pref=0xffff

 ---- 9000000000102394 0000000000000000 0000000000000000
 add_i64 statcounters_icount_kernel,statcounters_icount_kernel,$0x1  dead: 1  pref=0xffff

 ---- 9000000000102398 0000000000000000 0000000000000000
 add_i64 statcounters_icount_kernel,statcounters_icount_kernel,$0x1  dead: 1  pref=0xffff

 ---- 900000000010239c 0000000000000000 0000000000000000
 add_i64 statcounters_icount_kernel,statcounters_icount_kernel,$0x1  dead: 1  pref=0xffff

 ---- 90000000001023a0 0000000000000000 0000000000000000
 add_i64 statcounters_icount_kernel,statcounters_icount_kernel,$0x1  dead: 1  pref=0xffff

 ---- 90000000001023a4 0000000000000000 0000000000000000
 add_i64 statcounters_icount_kernel,statcounters_icount_kernel,$0x1  dead: 1  pref=0xffff

 ---- 90000000001023a8 0000000000000000 0000000000000000
 add_i64 statcounters_icount_kernel,statcounters_icount_kernel,$0x1  dead: 1  pref=0xffff

 ---- 90000000001023ac 0000000000000000 0000000000000000
 add_i64 statcounters_icount_kernel,statcounters_icount_kernel,$0x1  dead: 1  pref=0xffff

 ---- 90000000001023b0 0000000000000000 0000000000000000
 add_i64 statcounters_icount_kernel,statcounters_icount_kernel,$0x1  dead: 1  pref=0xffff

 ---- 90000000001023b4 0000000000000000 0000000000000000
 add_i64 statcounters_icount_kernel,statcounters_icount_kernel,$0x1  dead: 1  pref=0xffff

 ---- 90000000001023b8 0000000000000000 0000000000000000
 add_i64 statcounters_icount_kernel,statcounters_icount_kernel,$0x1  dead: 1  pref=0xffff

 ---- 90000000001023bc 0000000000000000 0000000000000000
 add_i64 statcounters_icount_kernel,statcounters_icount_kernel,$0x1  dead: 1  pref=0xffff

 ---- 90000000001023c0 0000000000000000 0000000000000000
 add_i64 statcounters_icount_kernel,statcounters_icount_kernel,$0x1  dead: 1  pref=0xffff

 ---- 90000000001023c4 0000000000000000 0000000000000000
 add_i64 statcounters_icount_kernel,statcounters_icount_kernel,$0x1  dead: 1  pref=0xffff

 ---- 90000000001023c8 0000000000000000 0000000000000000
 add_i64 statcounters_icount_kernel,statcounters_icount_kernel,$0x1  dead: 1  pref=0xffff

 ---- 90000000001023cc 0000000000000000 0000000000000000
 add_i64 statcounters_icount_kernel,statcounters_icount_kernel,$0x1  dead: 1  pref=0xffff
 mov_i64 k1,$0x1b1b1b1b1b1b1b1b           sync: 0  dead: 0 1  pref=0xffff

 ---- 90000000001023d0 0000000000000000 0000000000000000
 add_i64 statcounters_icount_kernel,statcounters_icount_kernel,$0x1  dead: 1  pref=0xffff

 ---- 90000000001023d4 0000000000000000 0000000000000000
 add_i64 statcounters_icount_kernel,statcounters_icount_kernel,$0x1  dead: 1  pref=0xffff

 ---- 90000000001023d8 0000000000000000 0000000000000000
 add_i64 statcounters_icount_kernel,statcounters_icount_kernel,$0x1  dead: 1  pref=0xffff

 ---- 90000000001023dc 0000000000000000 0000000000000000
 add_i64 statcounters_icount_kernel,statcounters_icount_kernel,$0x1  dead: 1  pref=0xffff

 ---- 90000000001023e0 0000000000000000 0000000000000000
 add_i64 statcounters_icount_kernel,statcounters_icount_kernel,$0x1  dead: 1  pref=0xffff

 ---- 90000000001023e4 0000000000000000 0000000000000000
 add_i64 statcounters_icount_kernel,statcounters_icount_kernel,$0x1  dead: 1  pref=0xffff
 mov_i64 gp,$0x1c1c1c1c1c1c1c1c           sync: 0  dead: 0 1  pref=0xffff

 ---- 90000000001023e8 0000000000000000 0000000000000000
 add_i64 statcounters_icount_kernel,statcounters_icount_kernel,$0x1  dead: 1  pref=0xffff
 mov_i64 HI0,$0x101010101010101           sync: 0  dead: 0  pref=0xffff

 ---- 90000000001023ec 0000000000000000 0000000000000000
 add_i64 statcounters_icount_kernel,statcounters_icount_kernel,$0x1  dead: 1  pref=0xffff
 mov_i64 LO0,$0x101010101010101           sync: 0  dead: 0 1  pref=0xffff

 ---- 90000000001023f0 0000000000000000 0000000000000000
 add_i64 statcounters_icount_kernel,statcounters_icount_kernel,$0x1  dead: 1  pref=0xffff

 ---- 90000000001023f4 0000000000000000 0000000000000000
 add_i64 statcounters_icount_kernel,statcounters_icount_kernel,$0x1  dead: 1  pref=0xffff

 ---- 90000000001023f8 0000000000000000 0000000000000000
 add_i64 statcounters_icount_kernel,statcounters_icount_kernel,$0x1  dead: 1  pref=0xffff

 ---- 90000000001023fc 0000000000000000 0000000000000000
 add_i64 statcounters_icount_kernel,statcounters_icount_kernel,$0x1  dead: 1  pref=0xffff

 ---- 9000000000102400 0000000000000000 0000000000000000
 add_i64 statcounters_icount_kernel,statcounters_icount_kernel,$0x1  dead: 1  pref=0xffff

 ---- 9000000000102404 0000000000000000 0000000000000000
 add_i64 statcounters_icount_kernel,statcounters_icount_kernel,$0x1  dead: 1  pref=0xffff
 mov_i64 t9,$0x9000000000102f14           sync: 0  dead: 0 1  pref=0xffff

 ---- 9000000000102408 0000000000000000 0000000000000000
 add_i64 statcounters_icount_kernel,statcounters_icount_kernel,$0x1  dead: 1  pref=0xffff
 ld_i32 tmp120,env,$0x10f4                pref=0xffff
 ext_i32_i64 k0,tmp120                    dead: 1  pref=0xffff

 ---- 900000000010240c 0000000000000000 0000000000000000
 add_i64 statcounters_icount_kernel,statcounters_icount_kernel,$0x1  dead: 1  pref=0xffff
 and_i64 k0,k0,$0x40                      sync: 0  dead: 0 1 2  pref=0xffff

 ---- 9000000000102410 0000000000000000 0000000000000000
 add_i64 statcounters_icount_kernel,statcounters_icount_kernel,$0x1  sync: 0  dead: 0 1 2  pref=0xffff
 mov_i64 PC,$0x9000000000102410           sync: 0  dead: 0  pref=0xffff
 call qemu_log_instr_start,$0x2,$0,env,$0x9000000000102410  dead: 0 1
 mov_i64 PC,$0x9000000000102414           sync: 0  dead: 0 1  pref=0xffff
 exit_tb $0x0                           
 set_label $L0                          
 exit_tb $0x7f07d4003ac3                

pc=0x9000000000102148 HI=0x0000000000000000 LO=0x0000000000000000 ds 440000f8 90000000001020fc 0
GPR00: r0 0000000000000000 at 00000000600080e1 v0 ffffffff80000180 v1 0000000000000000
GPR04: a0 9000000000107000 a1 0000000000000000 a2 0000000000000000 a3 9000000000107000
GPR08: t0 0000000000000000 t1 0000000000000000 t2 0000000000000000 t3 0000000000000000
GPR12: t4 00000000640080e1 t5 0000000004000000 t6 0000000000000000 t7 0000000000000000
GPR16: s0 0000000000000000 s1 0000000000000000 s2 0000000000000000 s3 0000000000000000
GPR20: s4 0000000000000000 s5 0000000000000000 s6 0000000000000000 s7 0000000000000000
GPR24: t8 0000000000000000 t9 9000000000102000 k0 000000000b0b0a0a k1 ffffffffbbe00cfc
GPR28: gp 0000000000000000 sp 9000000000006fe0 s8 9000000000007000 ra 90000000001020fc
CP0 Status  0x640080e1 Cause   0x00000000 EPC    0x0000000000000000
    Config0 0x8000c083 Config1 0xbe6130db LLAddr 0x0000000000000000
    Config2 0x80000000 Config3 0x0c002084
    Config4 0x00000000 Config5 0x00000000
OP:
 ld_i32 loc0,env,$0xffffffffffffffe0
 brcond_i32 loc0,$0x0,lt,$L0
 call qemu_log_printf_dump,$0x2,$0,env
 call qemu_log_instr_commit,$0x2,$0,env

 ---- 9000000000102414 0000000000000000 0000000000000000
 add_i64 statcounters_icount_kernel,statcounters_icount_kernel,$0x1
 mov_i64 loc3,$0x9000000000102414
 call mips_log_instr32,$0x2,$0,env,loc3,$0x13400006
 mov_i64 loc6,k0
 mov_i64 loc7,$0x0
 setcond_i64 bcond,loc6,loc7,eq
 call qemu_log_instr_commit,$0x2,$0,env

 ---- 9000000000102418 0000000000011000 9000000000102430
 add_i64 statcounters_icount_kernel,statcounters_icount_kernel,$0x1
 mov_i64 loc9,$0x9000000000102418
 call mips_log_instr32,$0x2,$0,env,loc9,$0x0
 brcond_i64 bcond,$0x0,ne,$L1
 goto_tb $0x1
 mov_i64 PC,$0x900000000010241c
 exit_tb $0x7f07d40042c1
 set_label $L1
 goto_tb $0x0
 mov_i64 PC,$0x9000000000102430
 exit_tb $0x7f07d40042c0
 set_label $L0
 exit_tb $0x7f07d40042c3

OP after optimization and liveness analysis:
 ld_i32 tmp0,env,$0xffffffffffffffe0      pref=0xffff
 brcond_i32 tmp0,$0x0,lt,$L0              dead: 0
 call qemu_log_printf_dump,$0x2,$0,env  
 call qemu_log_instr_commit,$0x2,$0,env 

 ---- 9000000000102414 0000000000000000 0000000000000000
 add_i64 statcounters_icount_kernel,statcounters_icount_kernel,$0x1  sync: 0  dead: 1  pref=0xf038
 call mips_log_instr32,$0x2,$0,env,$0x9000000000102414,$0x13400006  dead: 1 2
 setcond_i64 bcond,k0,$0x0,eq             sync: 0  dead: 1  pref=0xf038
 call qemu_log_instr_commit,$0x2,$0,env 

 ---- 9000000000102418 0000000000011000 9000000000102430
 add_i64 statcounters_icount_kernel,statcounters_icount_kernel,$0x1  sync: 0  dead: 0 1 2  pref=0xffff
 call mips_log_instr32,$0x2,$0,env,$0x9000000000102418,$0x0  dead: 0 1 2
 brcond_i64 bcond,$0x0,ne,$L1             dead: 0 1
 goto_tb $0x1                           
 mov_i64 PC,$0x900000000010241c           sync: 0  dead: 0 1  pref=0xffff
 exit_tb $0x7f07d40042c1                
 set_label $L1                          
 goto_tb $0x0                           
 mov_i64 PC,$0x9000000000102430           sync: 0  dead: 0 1  pref=0xffff
 exit_tb $0x7f07d40042c0                
 set_label $L0                          
 exit_tb $0x7f07d40042c3                

pc=0x9000000000102414 HI=0x0101010101010101 LO=0x0101010101010101 ds 440000f8 90000000001020fc 0
GPR00: r0 0000000000000000 at 0101010101010101 v0 0202020202020202 v1 0303030303030303
GPR04: a0 0404040404040404 a1 0505050505050505 a2 0606060606060606 a3 0707070707070707
GPR08: t0 0808080808080808 t1 0909090909090909 t2 0a0a0a0a0a0a0a0a t3 0b0b0b0b0b0b0b0b
GPR12: t4 0c0c0c0c0c0c0c0c t5 0d0d0d0d0d0d0d0d t6 0e0e0e0e0e0e0e0e t7 0f0f0f0f0f0f0f0f
GPR16: s0 1010101010101010 s1 1111111111111111 s2 1212121212121212 s3 1313131313131313
GPR20: s4 1414141414141414 s5 1515151515151515 s6 1616161616161616 s7 1717171717171717
GPR24: t8 1818181818181818 t9 9000000000102f14 k0 0000000000000040 k1 1b1b1b1b1b1b1b1b
GPR28: gp 1c1c1c1c1c1c1c1c sp 9000000000006fe0 s8 9000000000007000 ra 90000000001020fc
CP0 Status  0x640080e1 Cause   0x00000000 EPC    0x0000000000000000
    Config0 0x8000c083 Config1 0xbe6130db LLAddr 0x0000000000000000
    Config2 0x80000000 Config3 0x0c002084
    Config4 0x00000000 Config5 0x00000000
[0:0] Requested instruction logging @ 9000000000102414 
[0:0] 0x9000000000102414:  beqz	k0,0x9000000000102430
OP:
 ld_i32 loc0,env,$0xffffffffffffffe0
 brcond_i32 loc0,$0x0,lt,$L0
 call qemu_log_printf_dump,$0x2,$0,env
 call qemu_log_instr_commit,$0x2,$0,env

 ---- 900000000010241c 0000000000000000 0000000000000000
 add_i64 statcounters_icount_kernel,statcounters_icount_kernel,$0x1
 mov_i64 loc3,$0x900000000010241c
 call mips_log_instr32,$0x2,$0,env,loc3,$0x480cc9ff
 mov_i32 loc6,$0xc
 mov_i64 loc8,t9
 call cgetpccsetoffset,$0x0,$0,env,loc6,loc8
 call qemu_log_instr_commit,$0x2,$0,env

 ---- 9000000000102420 0000000000000000 0000000000000000
 add_i64 statcounters_icount_kernel,statcounters_icount_kernel,$0x1
 mov_i64 loc9,$0x9000000000102420
 call mips_log_instr32,$0x2,$0,env,loc9,$0x320f809
 mov_i64 btarget,t9
 mov_i64 ra,$0x9000000000102428
 mov_i32 loc15,$0x1f
 call mips_log_instr_gpr,$0x2,$0,env,loc15,ra
 call qemu_log_instr_commit,$0x2,$0,env

 ---- 9000000000102424 0000000000012000 ffffffffffffffff
 add_i64 statcounters_icount_kernel,statcounters_icount_kernel,$0x1
 mov_i64 loc17,$0x9000000000102424
 call mips_log_instr32,$0x2,$0,env,loc17,$0x4811f9ff
 mov_i32 hflags,$0x440120f8
 mov_i32 loc21,$0x11
 mov_i64 loc23,ra
 call cgetpccsetoffset,$0x0,$0,env,loc21,loc23
 mov_i32 hflags,$0x440000f8
 mov_i64 PC,btarget
 call lookup_tb_ptr,$0x6,$1,tmp25,env
 goto_ptr tmp25
 set_label $L0
 exit_tb $0x7f07d40044c3

OP after optimization and liveness analysis:
 ld_i32 tmp0,env,$0xffffffffffffffe0      pref=0xffff
 brcond_i32 tmp0,$0x0,lt,$L0              dead: 0 1
 call qemu_log_printf_dump,$0x2,$0,env  
 call qemu_log_instr_commit,$0x2,$0,env 

 ---- 900000000010241c 0000000000000000 0000000000000000
 add_i64 statcounters_icount_kernel,statcounters_icount_kernel,$0x1  sync: 0  dead: 0 1  pref=0xffff
 call mips_log_instr32,$0x2,$0,env,$0x900000000010241c,$0x480cc9ff  dead: 1 2
 call cgetpccsetoffset,$0x0,$0,env,$0xc,t9  dead: 0 1 2
 call qemu_log_instr_commit,$0x2,$0,env 

 ---- 9000000000102420 0000000000000000 0000000000000000
 add_i64 statcounters_icount_kernel,statcounters_icount_kernel,$0x1  sync: 0  dead: 1  pref=0xf038
 call mips_log_instr32,$0x2,$0,env,$0x9000000000102420,$0x320f809  dead: 1 2
 mov_i64 btarget,t9                       sync: 0  dead: 0 1  pref=0xffff
 mov_i64 ra,$0x9000000000102428           sync: 0  dead: 0  pref=0xffff
 call mips_log_instr_gpr,$0x2,$0,env,$0x1f,$0x9000000000102428  dead: 1
 call qemu_log_instr_commit,$0x2,$0,env 

 ---- 9000000000102424 0000000000012000 ffffffffffffffff
 add_i64 statcounters_icount_kernel,statcounters_icount_kernel,$0x1  sync: 0  dead: 0 1 2  pref=0xffff
 call mips_log_instr32,$0x2,$0,env,$0x9000000000102424,$0x4811f9ff  dead: 1 2
 mov_i32 hflags,$0x440120f8               sync: 0  dead: 0 1  pref=0xffff
 call cgetpccsetoffset,$0x0,$0,env,$0x11,$0x9000000000102428  dead: 0 1 2
 mov_i32 hflags,$0x440000f8               sync: 0  dead: 0 1  pref=0xffff
 mov_i64 PC,btarget                       sync: 0  dead: 0 1  pref=0xffff
 call lookup_tb_ptr,$0x6,$1,tmp25,env     dead: 1  pref=none
 goto_ptr tmp25                           dead: 0
 set_label $L0                          
 exit_tb $0x7f07d40044c3                

pc=0x900000000010241c HI=0x0101010101010101 LO=0x0101010101010101 ds 440000f8 90000000001020fc 0
GPR00: r0 0000000000000000 at 0101010101010101 v0 0202020202020202 v1 0303030303030303
GPR04: a0 0404040404040404 a1 0505050505050505 a2 0606060606060606 a3 0707070707070707
GPR08: t0 0808080808080808 t1 0909090909090909 t2 0a0a0a0a0a0a0a0a t3 0b0b0b0b0b0b0b0b
GPR12: t4 0c0c0c0c0c0c0c0c t5 0d0d0d0d0d0d0d0d t6 0e0e0e0e0e0e0e0e t7 0f0f0f0f0f0f0f0f
GPR16: s0 1010101010101010 s1 1111111111111111 s2 1212121212121212 s3 1313131313131313
GPR20: s4 1414141414141414 s5 1515151515151515 s6 1616161616161616 s7 1717171717171717
GPR24: t8 1818181818181818 t9 9000000000102f14 k0 0000000000000040 k1 1b1b1b1b1b1b1b1b
GPR28: gp 1c1c1c1c1c1c1c1c sp 9000000000006fe0 s8 9000000000007000 ra 90000000001020fc
CP0 Status  0x640080e1 Cause   0x00000000 EPC    0x0000000000000000
    Config0 0x8000c083 Config1 0xbe6130db LLAddr 0x0000000000000000
    Config2 0x80000000 Config3 0x0c002084
    Config4 0x00000000 Config5 0x00000000
[0:0] 0x9000000000102418:  nop
[0:0] 0x900000000010241c:  cgetpccsetoffset	c12,t9
    Write C12|v:1 INT p:78fff ct:-1 b:0000000000000000 a:9000000000102f14 t:ffffffffffffffff bv: 1
[0:0] 0x9000000000102420:  jalr	t9
    Write ra = 9000000000102428
OP:
 ld_i32 loc0,env,$0xffffffffffffffe0
 brcond_i32 loc0,$0x0,lt,$L0
 call qemu_log_printf_dump,$0x2,$0,env
 call qemu_log_instr_commit,$0x2,$0,env

 ---- 9000000000102f14 0000000000000000 0000000000000000
 add_i64 statcounters_icount_kernel,statcounters_icount_kernel,$0x1
 mov_i64 loc3,$0x9000000000102f14
 call mips_log_instr32,$0x2,$0,env,loc3,$0x67bdfff0
 add_i64 sp,sp,$0xfffffffffffffff0
 mov_i32 loc7,$0x1d
 call mips_log_instr_gpr,$0x2,$0,env,loc7,sp
 call qemu_log_instr_commit,$0x2,$0,env

 ---- 9000000000102f18 0000000000000000 0000000000000000
 add_i64 statcounters_icount_kernel,statcounters_icount_kernel,$0x1
 mov_i64 loc9,$0x9000000000102f18
 call mips_log_instr32,$0x2,$0,env,loc9,$0xffbf0008
 mov_i64 loc12,$0x8
 add_i64 loc12,sp,loc12
 mov_i64 loc13,ra
 qemu_st_i64 loc13,loc12,beq,0
 call qemu_log_instr_store64,$0x2,$0,env,loc12,loc13,$0x130
 call cheri_invalidate_tags,$0x0,$0,env,loc12,$0x130
 mov_i64 lladdr,$0x0
 call qemu_log_instr_commit,$0x2,$0,env

 ---- 9000000000102f1c 0000000000000000 0000000000000000
 add_i64 statcounters_icount_kernel,statcounters_icount_kernel,$0x1
 mov_i64 loc17,$0x9000000000102f1c
 call mips_log_instr32,$0x2,$0,env,loc17,$0xffbe0000
 mov_i64 loc20,sp
 mov_i64 loc21,s8
 qemu_st_i64 loc21,loc20,beq,0
 call qemu_log_instr_store64,$0x2,$0,env,loc20,loc21,$0x130
 call cheri_invalidate_tags,$0x0,$0,env,loc20,$0x130
 mov_i64 lladdr,$0x0
 call qemu_log_instr_commit,$0x2,$0,env

 ---- 9000000000102f20 0000000000000000 0000000000000000
 add_i64 statcounters_icount_kernel,statcounters_icount_kernel,$0x1
 mov_i64 loc22,$0x9000000000102f20
 call mips_log_instr32,$0x2,$0,env,loc22,$0x67be0010
 add_i64 s8,sp,$0x10
 mov_i32 loc26,$0x1e
 call mips_log_instr_gpr,$0x2,$0,env,loc26,s8
 call qemu_log_instr_commit,$0x2,$0,env

 ---- 9000000000102f24 0000000000000000 0000000000000000
 add_i64 statcounters_icount_kernel,statcounters_icount_kernel,$0x1
 mov_i64 loc28,$0x9000000000102f24
 call mips_log_instr32,$0x2,$0,env,loc28,$0x24020000
 mov_i64 v0,$0x0
 mov_i32 loc31,$0x2
 call mips_log_instr_gpr,$0x2,$0,env,loc31,v0
 call qemu_log_instr_commit,$0x2,$0,env

 ---- 9000000000102f28 0000000000000000 0000000000000000
 add_i64 statcounters_icount_kernel,statcounters_icount_kernel,$0x1
 mov_i64 loc33,$0x9000000000102f28
 call mips_log_instr32,$0x2,$0,env,loc33,$0x241b0000
 mov_i64 k1,$0x0
 mov_i32 loc36,$0x1b
 call mips_log_instr_gpr,$0x2,$0,env,loc36,k1
 call qemu_log_instr_commit,$0x2,$0,env

 ---- 9000000000102f2c 0000000000000000 0000000000000000
 add_i64 statcounters_icount_kernel,statcounters_icount_kernel,$0x1
 mov_i64 loc38,$0x9000000000102f2c
 call mips_log_instr32,$0x2,$0,env,loc38,$0x4802037f
 call creadhwr,$0x0,$0,env,$0x2,$0x0
 call qemu_log_instr_commit,$0x2,$0,env

 ---- 9000000000102f30 0000000000000000 0000000000000000
 add_i64 statcounters_icount_kernel,statcounters_icount_kernel,$0x1
 mov_i64 loc41,$0x9000000000102f30
 call mips_log_instr32,$0x2,$0,env,loc41,$0x3c0c9000
 mov_i64 t4,$0xffffffff90000000
 mov_i32 loc45,$0xc
 call mips_log_instr_gpr,$0x2,$0,env,loc45,t4
 call qemu_log_instr_commit,$0x2,$0,env

 ---- 9000000000102f34 0000000000000000 0000000000000000
 add_i64 statcounters_icount_kernel,statcounters_icount_kernel,$0x1
 mov_i64 loc47,$0x9000000000102f34
 call mips_log_instr32,$0x2,$0,env,loc47,$0x658c0000
 mov_i32 loc50,$0xc
 call mips_log_instr_gpr,$0x2,$0,env,loc50,t4
 call qemu_log_instr_commit,$0x2,$0,env

 ---- 9000000000102f38 0000000000000000 0000000000000000
 add_i64 statcounters_icount_kernel,statcounters_icount_kernel,$0x1
 mov_i64 loc51,$0x9000000000102f38
 call mips_log_instr32,$0x2,$0,env,loc51,$0xc6438
 mov_i64 loc54,t4
 shl_i64 t4,loc54,$0x10
 mov_i32 loc55,$0xc
 call mips_log_instr_gpr,$0x2,$0,env,loc55,t4
 call qemu_log_instr_commit,$0x2,$0,env

 ---- 9000000000102f3c 0000000000000000 0000000000000000
 add_i64 statcounters_icount_kernel,statcounters_icount_kernel,$0x1
 mov_i64 loc56,$0x9000000000102f3c
 call mips_log_instr32,$0x2,$0,env,loc56,$0x658c0010
 add_i64 t4,t4,$0x10
 mov_i32 loc59,$0xc
 call mips_log_instr_gpr,$0x2,$0,env,loc59,t4
 call qemu_log_instr_commit,$0x2,$0,env

 ---- 9000000000102f40 0000000000000000 0000000000000000
 add_i64 statcounters_icount_kernel,statcounters_icount_kernel,$0x1
 mov_i64 loc60,$0x9000000000102f40
 call mips_log_instr32,$0x2,$0,env,loc60,$0xc6438
 mov_i64 loc62,t4
 shl_i64 t4,loc62,$0x10
 mov_i32 loc63,$0xc
 call mips_log_instr_gpr,$0x2,$0,env,loc63,t4
 call qemu_log_instr_commit,$0x2,$0,env

 ---- 9000000000102f44 0000000000000000 0000000000000000
 add_i64 statcounters_icount_kernel,statcounters_icount_kernel,$0x1
 mov_i64 loc64,$0x9000000000102f44
 call mips_log_instr32,$0x2,$0,env,loc64,$0x658c5000
 add_i64 t4,t4,$0x5000
 mov_i32 loc68,$0xc
 call mips_log_instr_gpr,$0x2,$0,env,loc68,t4
 call qemu_log_instr_commit,$0x2,$0,env

 ---- 9000000000102f48 0000000000000000 0000000000000000
 add_i64 statcounters_icount_kernel,statcounters_icount_kernel,$0x1
 mov_i64 loc69,$0x9000000000102f48
 call mips_log_instr32,$0x2,$0,env,loc69,$0x4802130f
 mov_i32 loc72,$0x2
 mov_i32 loc73,$0x2
 mov_i64 loc74,t4
 call csetoffset,$0x0,$0,env,loc73,loc72,loc74
 call qemu_log_instr_commit,$0x2,$0,env

 ---- 9000000000102f4c 0000000000000000 0000000000000000
 add_i64 statcounters_icount_kernel,statcounters_icount_kernel,$0x1
 mov_i64 loc75,$0x9000000000102f4c
 call mips_log_instr32,$0x2,$0,env,loc75,$0x480417bf
 mb $0x33
 call cap_load_check,$0x0,$1,tmp78,env,$0x2,$0x0,$0x8
 call cloadtags,$0x0,$1,loc79,env,$0x2
 call qemu_log_instr_load64,$0x2,$0,env,tmp78,loc79,$0x13
 mov_i64 a0,loc79
 mov_i32 loc82,$0x4
 call mips_log_instr_gpr,$0x2,$0,env,loc82,a0
 call qemu_log_instr_commit,$0x2,$0,env

 ---- 9000000000102f50 0000000000000000 0000000000000000
 add_i64 statcounters_icount_kernel,statcounters_icount_kernel,$0x1
 mov_i64 loc84,$0x9000000000102f50
 call mips_log_instr32,$0x2,$0,env,loc84,$0x4801037f
 call creadhwr,$0x0,$0,env,$0x1,$0x0
 call qemu_log_instr_commit,$0x2,$0,env

 ---- 9000000000102f54 0000000000000000 0000000000000000
 add_i64 statcounters_icount_kernel,statcounters_icount_kernel,$0x1
 mov_i64 loc88,$0x9000000000102f54
 call mips_log_instr32,$0x2,$0,env,loc88,$0x3c0c9000
 mov_i64 t4,$0xffffffff90000000
 mov_i32 loc90,$0xc
 call mips_log_instr_gpr,$0x2,$0,env,loc90,t4
 call qemu_log_instr_commit,$0x2,$0,env

 ---- 9000000000102f58 0000000000000000 0000000000000000
 add_i64 statcounters_icount_kernel,statcounters_icount_kernel,$0x1
 mov_i64 loc91,$0x9000000000102f58
 call mips_log_instr32,$0x2,$0,env,loc91,$0x658c0000
 mov_i32 loc93,$0xc
 call mips_log_instr_gpr,$0x2,$0,env,loc93,t4
 call qemu_log_instr_commit,$0x2,$0,env

 ---- 9000000000102f5c 0000000000000000 0000000000000000
 add_i64 statcounters_icount_kernel,statcounters_icount_kernel,$0x1
 mov_i64 loc94,$0x9000000000102f5c
 call mips_log_instr32,$0x2,$0,env,loc94,$0xc6438
 mov_i64 loc96,t4
 shl_i64 t4,loc96,$0x10
 mov_i32 loc97,$0xc
 call mips_log_instr_gpr,$0x2,$0,env,loc97,t4
 call qemu_log_instr_commit,$0x2,$0,env

 ---- 9000000000102f60 0000000000000000 0000000000000000
 add_i64 statcounters_icount_kernel,statcounters_icount_kernel,$0x1
 mov_i64 loc98,$0x9000000000102f60
 call mips_log_instr32,$0x2,$0,env,loc98,$0x658c0010
 add_i64 t4,t4,$0x10
 mov_i32 loc100,$0xc
 call mips_log_instr_gpr,$0x2,$0,env,loc100,t4
 call qemu_log_instr_commit,$0x2,$0,env

 ---- 9000000000102f64 0000000000000000 0000000000000000
 add_i64 statcounters_icount_kernel,statcounters_icount_kernel,$0x1
 mov_i64 loc101,$0x9000000000102f64
 call mips_log_instr32,$0x2,$0,env,loc101,$0xc6438
 mov_i64 loc103,t4
 shl_i64 t4,loc103,$0x10
 mov_i32 loc104,$0xc
 call mips_log_instr_gpr,$0x2,$0,env,loc104,t4
 call qemu_log_instr_commit,$0x2,$0,env

 ---- 9000000000102f68 0000000000000000 0000000000000000
 add_i64 statcounters_icount_kernel,statcounters_icount_kernel,$0x1
 mov_i64 loc105,$0x9000000000102f68
 call mips_log_instr32,$0x2,$0,env,loc105,$0x658c5000
 add_i64 t4,t4,$0x5000
 mov_i32 loc107,$0xc
 call mips_log_instr_gpr,$0x2,$0,env,loc107,t4
 call qemu_log_instr_commit,$0x2,$0,env

 ---- 9000000000102f6c 0000000000000000 0000000000000000
 add_i64 statcounters_icount_kernel,statcounters_icount_kernel,$0x1
 mov_i64 loc108,$0x9000000000102f6c
 call mips_log_instr32,$0x2,$0,env,loc108,$0x240d0040
 mov_i64 t5,$0x40
 mov_i32 loc112,$0xd
 call mips_log_instr_gpr,$0x2,$0,env,loc112,t5
 call qemu_log_instr_commit,$0x2,$0,env

 ---- 9000000000102f70 0000000000000000 0000000000000000
 add_i64 statcounters_icount_kernel,statcounters_icount_kernel,$0x1
 mov_i64 loc114,$0x9000000000102f70
 call mips_log_instr32,$0x2,$0,env,loc114,$0xf8216000
 mov_i32 loc117,$0x1
 mov_i64 loc118,t4
 mov_i32 loc119,$0x1
 ld_i64 loc120,env,$0x320
 add_i64 loc120,loc120,loc118
 call store_cap_via_cap,$0x0,$0,env,loc117,loc120,loc119
 mov_i64 lladdr,$0x1
 call qemu_log_instr_commit,$0x2,$0,env

 ---- 9000000000102f74 0000000000000000 0000000000000000
 add_i64 statcounters_icount_kernel,statcounters_icount_kernel,$0x1
 mov_i64 loc121,$0x9000000000102f74
 call mips_log_instr32,$0x2,$0,env,loc121,$0x658c0010
 add_i64 t4,t4,$0x10
 mov_i32 loc123,$0xc
 call mips_log_instr_gpr,$0x2,$0,env,loc123,t4
 call qemu_log_instr_commit,$0x2,$0,env

 ---- 9000000000102f78 0000000000000000 0000000000000000
 add_i64 statcounters_icount_kernel,statcounters_icount_kernel,$0x1
 mov_i64 loc124,$0x9000000000102f78
 call mips_log_instr32,$0x2,$0,env,loc124,$0x15a0fffd
 mov_i64 loc127,t5
 mov_i64 loc128,$0x0
 setcond_i64 bcond,loc127,loc128,ne
 call qemu_log_instr_commit,$0x2,$0,env

 ---- 9000000000102f7c 0000000000011000 9000000000102f70
 add_i64 statcounters_icount_kernel,statcounters_icount_kernel,$0x1
 mov_i64 loc129,$0x9000000000102f7c
 call mips_log_instr32,$0x2,$0,env,loc129,$0x61adffff
 mov_i64 loc133,t5
 add_i64 loc132,loc133,$0xffffffffffffffff
 not_i64 loc134,loc132
 and_i64 loc133,loc133,loc134
 brcond_i64 loc133,$0x0,ge,$L1
 call raise_exception,$0x8,$0,env,$0x15
 set_label $L1
 mov_i64 t5,loc132
 mov_i32 loc137,$0xd
 call mips_log_instr_gpr,$0x2,$0,env,loc137,t5
 brcond_i64 bcond,$0x0,ne,$L2
 goto_tb $0x1
 mov_i64 PC,$0x9000000000102f80
 exit_tb $0x7f07d4004741
 set_label $L2
 goto_tb $0x0
 mov_i64 PC,$0x9000000000102f70
 exit_tb $0x7f07d4004740
 set_label $L0
 exit_tb $0x7f07d4004743

OP after optimization and liveness analysis:
 ld_i32 tmp0,env,$0xffffffffffffffe0      pref=0xffff
 brcond_i32 tmp0,$0x0,lt,$L0              dead: 0
 call qemu_log_printf_dump,$0x2,$0,env  
 call qemu_log_instr_commit,$0x2,$0,env 

 ---- 9000000000102f14 0000000000000000 0000000000000000
 add_i64 statcounters_icount_kernel,statcounters_icount_kernel,$0x1  sync: 0  dead: 1  pref=0xf038
 call mips_log_instr32,$0x2,$0,env,$0x9000000000102f14,$0x67bdfff0  dead: 1 2
 add_i64 sp,sp,$0xfffffffffffffff0        sync: 0  dead: 1 2  pref=0xf03c
 call mips_log_instr_gpr,$0x2,$0,env,$0x1d,sp  dead: 1
 call qemu_log_instr_commit,$0x2,$0,env 

 ---- 9000000000102f18 0000000000000000 0000000000000000
 add_i64 statcounters_icount_kernel,statcounters_icount_kernel,$0x1  sync: 0  dead: 0 1  pref=0xffff
 call mips_log_instr32,$0x2,$0,env,$0x9000000000102f18,$0xffbf0008  dead: 1 2
 add_i64 tmp12,sp,$0x8                    dead: 1 2  pref=0xf038
 qemu_st_i64 ra,tmp12,beq,0             
 call qemu_log_instr_store64,$0x2,$0,env,tmp12,ra,$0x130  dead: 2
 call cheri_invalidate_tags,$0x0,$0,env,tmp12,$0x130  dead: 0 1
 mov_i64 lladdr,$0x0                      sync: 0  dead: 0  pref=0xffff
 call qemu_log_instr_commit,$0x2,$0,env 

 ---- 9000000000102f1c 0000000000000000 0000000000000000
 add_i64 statcounters_icount_kernel,statcounters_icount_kernel,$0x1  sync: 0  dead: 0 1  pref=0xffff
 call mips_log_instr32,$0x2,$0,env,$0x9000000000102f1c,$0xffbe0000  dead: 1 2
 qemu_st_i64 s8,sp,beq,0                
 call qemu_log_instr_store64,$0x2,$0,env,sp,s8,$0x130  dead: 2
 call cheri_invalidate_tags,$0x0,$0,env,sp,$0x130  dead: 0 1 2
 mov_i64 lladdr,$0x0                      sync: 0  dead: 0  pref=0xffff
 call qemu_log_instr_commit,$0x2,$0,env 

 ---- 9000000000102f20 0000000000000000 0000000000000000
 add_i64 statcounters_icount_kernel,statcounters_icount_kernel,$0x1  sync: 0  dead: 1  pref=0xf038
 call mips_log_instr32,$0x2,$0,env,$0x9000000000102f20,$0x67be0010  dead: 1 2
 add_i64 s8,sp,$0x10                      sync: 0  dead: 1  pref=0x4
 call mips_log_instr_gpr,$0x2,$0,env,$0x1e,s8  dead: 1 2
 call qemu_log_instr_commit,$0x2,$0,env 

 ---- 9000000000102f24 0000000000000000 0000000000000000
 add_i64 statcounters_icount_kernel,statcounters_icount_kernel,$0x1  sync: 0  dead: 1  pref=0xf038
 call mips_log_instr32,$0x2,$0,env,$0x9000000000102f24,$0x24020000  dead: 1 2
 mov_i64 v0,$0x0                          sync: 0  dead: 0  pref=0xffff
 call mips_log_instr_gpr,$0x2,$0,env,$0x2,$0x0
 call qemu_log_instr_commit,$0x2,$0,env 

 ---- 9000000000102f28 0000000000000000 0000000000000000
 add_i64 statcounters_icount_kernel,statcounters_icount_kernel,$0x1  sync: 0  dead: 1  pref=0xf038
 call mips_log_instr32,$0x2,$0,env,$0x9000000000102f28,$0x241b0000  dead: 1 2
 mov_i64 k1,$0x0                          sync: 0  dead: 0  pref=0xffff
 call mips_log_instr_gpr,$0x2,$0,env,$0x1b,$0x0  dead: 1
 call qemu_log_instr_commit,$0x2,$0,env 

 ---- 9000000000102f2c 0000000000000000 0000000000000000
 add_i64 statcounters_icount_kernel,statcounters_icount_kernel,$0x1  sync: 0  dead: 0 1  pref=0xffff
 call mips_log_instr32,$0x2,$0,env,$0x9000000000102f2c,$0x4802037f  dead: 1 2
 call creadhwr,$0x0,$0,env,$0x2,$0x0      dead: 0
 call qemu_log_instr_commit,$0x2,$0,env 

 ---- 9000000000102f30 0000000000000000 0000000000000000
 add_i64 statcounters_icount_kernel,statcounters_icount_kernel,$0x1  sync: 0  dead: 1  pref=0xf038
 call mips_log_instr32,$0x2,$0,env,$0x9000000000102f30,$0x3c0c9000  dead: 1
 mov_i64 t4,$0xffffffff90000000           sync: 0  dead: 0  pref=0xffff
 call mips_log_instr_gpr,$0x2,$0,env,$0xc,$0xffffffff90000000
 call qemu_log_instr_commit,$0x2,$0,env 

 ---- 9000000000102f34 0000000000000000 0000000000000000
 add_i64 statcounters_icount_kernel,statcounters_icount_kernel,$0x1  sync: 0  dead: 1  pref=0xf038
 call mips_log_instr32,$0x2,$0,env,$0x9000000000102f34,$0x658c0000  dead: 1
 call mips_log_instr_gpr,$0x2,$0,env,$0xc,$0xffffffff90000000
 call qemu_log_instr_commit,$0x2,$0,env 

 ---- 9000000000102f38 0000000000000000 0000000000000000
 add_i64 statcounters_icount_kernel,statcounters_icount_kernel,$0x1  sync: 0  dead: 1  pref=0xf038
 call mips_log_instr32,$0x2,$0,env,$0x9000000000102f38,$0xc6438  dead: 1
 mov_i64 t4,$0xffff900000000000           sync: 0  dead: 0  pref=0xffff
 call mips_log_instr_gpr,$0x2,$0,env,$0xc,$0xffff900000000000
 call qemu_log_instr_commit,$0x2,$0,env 

 ---- 9000000000102f3c 0000000000000000 0000000000000000
 add_i64 statcounters_icount_kernel,statcounters_icount_kernel,$0x1  sync: 0  dead: 1  pref=0xf038
 call mips_log_instr32,$0x2,$0,env,$0x9000000000102f3c,$0x658c0010  dead: 1
 mov_i64 t4,$0xffff900000000010           sync: 0  dead: 0  pref=0xffff
 call mips_log_instr_gpr,$0x2,$0,env,$0xc,$0xffff900000000010
 call qemu_log_instr_commit,$0x2,$0,env 

 ---- 9000000000102f40 0000000000000000 0000000000000000
 add_i64 statcounters_icount_kernel,statcounters_icount_kernel,$0x1  sync: 0  dead: 1  pref=0xf038
 call mips_log_instr32,$0x2,$0,env,$0x9000000000102f40,$0xc6438  dead: 1
 mov_i64 t4,$0x9000000000100000           sync: 0  dead: 0  pref=0xffff
 call mips_log_instr_gpr,$0x2,$0,env,$0xc,$0x9000000000100000
 call qemu_log_instr_commit,$0x2,$0,env 

 ---- 9000000000102f44 0000000000000000 0000000000000000
 add_i64 statcounters_icount_kernel,statcounters_icount_kernel,$0x1  sync: 0  dead: 1  pref=0xf038
 call mips_log_instr32,$0x2,$0,env,$0x9000000000102f44,$0x658c5000  dead: 1
 mov_i64 t4,$0x9000000000105000           sync: 0  dead: 0  pref=0xffff
 call mips_log_instr_gpr,$0x2,$0,env,$0xc,$0x9000000000105000
 call qemu_log_instr_commit,$0x2,$0,env 

 ---- 9000000000102f48 0000000000000000 0000000000000000
 add_i64 statcounters_icount_kernel,statcounters_icount_kernel,$0x1  sync: 0  dead: 0 1  pref=0xffff
 call mips_log_instr32,$0x2,$0,env,$0x9000000000102f48,$0x4802130f  dead: 1 2
 call csetoffset,$0x0,$0,env,$0x2,$0x2,$0x9000000000105000  dead: 0
 call qemu_log_instr_commit,$0x2,$0,env 

 ---- 9000000000102f4c 0000000000000000 0000000000000000
 add_i64 statcounters_icount_kernel,statcounters_icount_kernel,$0x1  sync: 0  dead: 0 1  pref=0xffff
 call mips_log_instr32,$0x2,$0,env,$0x9000000000102f4c,$0x480417bf  dead: 1 2
 mb $0x33                               
 call cap_load_check,$0x0,$1,tmp78,env,$0x2,$0x0,$0x8  dead: 1 4  pref=none
 call cloadtags,$0x0,$1,tmp79,env,$0x2    dead: 1 2  pref=none
 call qemu_log_instr_load64,$0x2,$0,env,tmp78,tmp79,$0x13  dead: 1 3
 mov_i64 a0,tmp79                         sync: 0  dead: 1  pref=0x4
 call mips_log_instr_gpr,$0x2,$0,env,$0x4,a0  dead: 1 2
 call qemu_log_instr_commit,$0x2,$0,env 

 ---- 9000000000102f50 0000000000000000 0000000000000000
 add_i64 statcounters_icount_kernel,statcounters_icount_kernel,$0x1  sync: 0  dead: 0 1  pref=0xffff
 call mips_log_instr32,$0x2,$0,env,$0x9000000000102f50,$0x4801037f  dead: 1 2
 call creadhwr,$0x0,$0,env,$0x1,$0x0      dead: 0 2
 call qemu_log_instr_commit,$0x2,$0,env 

 ---- 9000000000102f54 0000000000000000 0000000000000000
 add_i64 statcounters_icount_kernel,statcounters_icount_kernel,$0x1  sync: 0  dead: 1  pref=0xf038
 call mips_log_instr32,$0x2,$0,env,$0x9000000000102f54,$0x3c0c9000  dead: 1 2
 mov_i64 t4,$0xffffffff90000000           sync: 0  dead: 0  pref=0xffff
 call mips_log_instr_gpr,$0x2,$0,env,$0xc,$0xffffffff90000000
 call qemu_log_instr_commit,$0x2,$0,env 

 ---- 9000000000102f58 0000000000000000 0000000000000000
 add_i64 statcounters_icount_kernel,statcounters_icount_kernel,$0x1  sync: 0  dead: 1  pref=0xf038
 call mips_log_instr32,$0x2,$0,env,$0x9000000000102f58,$0x658c0000  dead: 1 2
 call mips_log_instr_gpr,$0x2,$0,env,$0xc,$0xffffffff90000000  dead: 2
 call qemu_log_instr_commit,$0x2,$0,env 

 ---- 9000000000102f5c 0000000000000000 0000000000000000
 add_i64 statcounters_icount_kernel,statcounters_icount_kernel,$0x1  sync: 0  dead: 1  pref=0xf038
 call mips_log_instr32,$0x2,$0,env,$0x9000000000102f5c,$0xc6438  dead: 1
 mov_i64 t4,$0xffff900000000000           sync: 0  dead: 0  pref=0xffff
 call mips_log_instr_gpr,$0x2,$0,env,$0xc,$0xffff900000000000  dead: 2
 call qemu_log_instr_commit,$0x2,$0,env 

 ---- 9000000000102f60 0000000000000000 0000000000000000
 add_i64 statcounters_icount_kernel,statcounters_icount_kernel,$0x1  sync: 0  dead: 1  pref=0xf038
 call mips_log_instr32,$0x2,$0,env,$0x9000000000102f60,$0x658c0010  dead: 1
 mov_i64 t4,$0xffff900000000010           sync: 0  dead: 0  pref=0xffff
 call mips_log_instr_gpr,$0x2,$0,env,$0xc,$0xffff900000000010  dead: 2
 call qemu_log_instr_commit,$0x2,$0,env 

 ---- 9000000000102f64 0000000000000000 0000000000000000
 add_i64 statcounters_icount_kernel,statcounters_icount_kernel,$0x1  sync: 0  dead: 1  pref=0xf038
 call mips_log_instr32,$0x2,$0,env,$0x9000000000102f64,$0xc6438  dead: 1 2
 mov_i64 t4,$0x9000000000100000           sync: 0  dead: 0  pref=0xffff
 call mips_log_instr_gpr,$0x2,$0,env,$0xc,$0x9000000000100000  dead: 2
 call qemu_log_instr_commit,$0x2,$0,env 

 ---- 9000000000102f68 0000000000000000 0000000000000000
 add_i64 statcounters_icount_kernel,statcounters_icount_kernel,$0x1  sync: 0  dead: 1  pref=0xf038
 call mips_log_instr32,$0x2,$0,env,$0x9000000000102f68,$0x658c5000  dead: 1 2
 mov_i64 t4,$0x9000000000105000           sync: 0  dead: 0  pref=0xffff
 call mips_log_instr_gpr,$0x2,$0,env,$0xc,$0x9000000000105000
 call qemu_log_instr_commit,$0x2,$0,env 

 ---- 9000000000102f6c 0000000000000000 0000000000000000
 add_i64 statcounters_icount_kernel,statcounters_icount_kernel,$0x1  sync: 0  dead: 1  pref=0xf038
 call mips_log_instr32,$0x2,$0,env,$0x9000000000102f6c,$0x240d0040  dead: 1 2
 mov_i64 t5,$0x40                         sync: 0  dead: 0  pref=0xffff
 call mips_log_instr_gpr,$0x2,$0,env,$0xd,$0x40  dead: 1 2
 call qemu_log_instr_commit,$0x2,$0,env 

 ---- 9000000000102f70 0000000000000000 0000000000000000
 add_i64 statcounters_icount_kernel,statcounters_icount_kernel,$0x1  sync: 0  dead: 0 1  pref=0xffff
 call mips_log_instr32,$0x2,$0,env,$0x9000000000102f70,$0xf8216000  dead: 1 2
 ld_i64 tmp120,env,$0x320                 pref=0xffff
 add_i64 tmp120,tmp120,$0x9000000000105000  dead: 1 2  pref=0x4
 call store_cap_via_cap,$0x0,$0,env,$0x1,tmp120,$0x1  dead: 0 1 2 3
 mov_i64 lladdr,$0x1                      sync: 0  dead: 0  pref=0xffff
 call qemu_log_instr_commit,$0x2,$0,env 

 ---- 9000000000102f74 0000000000000000 0000000000000000
 add_i64 statcounters_icount_kernel,statcounters_icount_kernel,$0x1  sync: 0  dead: 1  pref=0xf038
 call mips_log_instr32,$0x2,$0,env,$0x9000000000102f74,$0x658c0010  dead: 1 2
 add_i64 t4,t4,$0x10                      sync: 0  dead: 1 2  pref=0x4
 call mips_log_instr_gpr,$0x2,$0,env,$0xc,t4  dead: 1 2
 call qemu_log_instr_commit,$0x2,$0,env 

 ---- 9000000000102f78 0000000000000000 0000000000000000
 add_i64 statcounters_icount_kernel,statcounters_icount_kernel,$0x1  sync: 0  dead: 1  pref=0xf038
 call mips_log_instr32,$0x2,$0,env,$0x9000000000102f78,$0x15a0fffd  dead: 1 2
 setcond_i64 bcond,t5,$0x0,ne             sync: 0  dead: 0  pref=0xffff
 call qemu_log_instr_commit,$0x2,$0,env 

 ---- 9000000000102f7c 0000000000011000 9000000000102f70
 add_i64 statcounters_icount_kernel,statcounters_icount_kernel,$0x1  sync: 0  dead: 0 1 2  pref=0xffff
 call mips_log_instr32,$0x2,$0,env,$0x9000000000102f7c,$0x61adffff  dead: 1 2
 add_i64 loc132,t5,$0xffffffffffffffff    sync: 0  dead: 2  pref=0xffff
 not_i64 tmp134,loc132                    dead: 1  pref=0xffff
 and_i64 tmp133,t5,tmp134                 dead: 1 2  pref=0xffff
 brcond_i64 tmp133,$0x0,ge,$L1            dead: 0 1
 call raise_exception,$0x8,$0,env,$0x15   dead: 0 1
 set_label $L1                          
 mov_i64 t5,loc132                        sync: 0  dead: 1  pref=0x4
 call mips_log_instr_gpr,$0x2,$0,env,$0xd,t5  dead: 0 1 2
 brcond_i64 bcond,$0x0,ne,$L2             dead: 0 1
 goto_tb $0x1                           
 mov_i64 PC,$0x9000000000102f80           sync: 0  dead: 0 1  pref=0xffff
 exit_tb $0x7f07d4004741                
 set_label $L2                          
 goto_tb $0x0                           
 mov_i64 PC,$0x9000000000102f70           sync: 0  dead: 0 1  pref=0xffff
 exit_tb $0x7f07d4004740                
 set_label $L0                          
 exit_tb $0x7f07d4004743                

pc=0x9000000000102f14 HI=0x0101010101010101 LO=0x0101010101010101 ds 440000f8 9000000000102f14 0
GPR00: r0 0000000000000000 at 0101010101010101 v0 0202020202020202 v1 0303030303030303
GPR04: a0 0404040404040404 a1 0505050505050505 a2 0606060606060606 a3 0707070707070707
GPR08: t0 0808080808080808 t1 0909090909090909 t2 0a0a0a0a0a0a0a0a t3 0b0b0b0b0b0b0b0b
GPR12: t4 0c0c0c0c0c0c0c0c t5 0d0d0d0d0d0d0d0d t6 0e0e0e0e0e0e0e0e t7 0f0f0f0f0f0f0f0f
GPR16: s0 1010101010101010 s1 1111111111111111 s2 1212121212121212 s3 1313131313131313
GPR20: s4 1414141414141414 s5 1515151515151515 s6 1616161616161616 s7 1717171717171717
GPR24: t8 1818181818181818 t9 9000000000102f14 k0 0000000000000040 k1 1b1b1b1b1b1b1b1b
GPR28: gp 1c1c1c1c1c1c1c1c sp 9000000000006fe0 s8 9000000000007000 ra 9000000000102428
CP0 Status  0x640080e1 Cause   0x00000000 EPC    0x0000000000000000
    Config0 0x8000c083 Config1 0xbe6130db LLAddr 0x0000000000000000
    Config2 0x80000000 Config3 0x0c002084
    Config4 0x00000000 Config5 0x00000000
[0:0] 0x9000000000102424:  cgetpccsetoffset	c17,ra
    Write C17|v:1 INT p:78fff ct:-1 b:0000000000000000 a:9000000000102428 t:ffffffffffffffff bv: 1
[0:0] 0x9000000000102f14:  daddiu	sp,sp,-16
    Write sp = 9000000000006fd0
[0:0] 0x9000000000102f18:  sd	ra,8(sp)
    Memory Write [9000000000006fd8] = 9000000000102428
[0:0] 0x9000000000102f1c:  sd	s8,0(sp)
    Memory Write [9000000000006fd0] = 9000000000007000
[0:0] 0x9000000000102f20:  daddiu	s8,sp,16
    Write s8 = 9000000000006fe0
[0:0] 0x9000000000102f24:  li	v0,0
    Write v0 = 0000000000000000
[0:0] 0x9000000000102f28:  li	k1,0
    Write k1 = 0000000000000000
[0:0] 0x9000000000102f2c:  creadhwr	c2,$0
    Write C02|v:1 INT p:78fff ct:-1 b:0000000000000000 a:0000000000000000 t:ffffffffffffffff bv: 1
[0:0] 0x9000000000102f30:  lui	t0,0x9000
    Write t4 = ffffffff90000000
[0:0] 0x9000000000102f34:  daddiu	t0,t0,0
    Write t4 = ffffffff90000000
[0:0] 0x9000000000102f38:  dsll	t0,t0,0x10
    Write t4 = ffff900000000000
[0:0] 0x9000000000102f3c:  daddiu	t0,t0,16
    Write t4 = ffff900000000010
[0:0] 0x9000000000102f40:  dsll	t0,t0,0x10
    Write t4 = 9000000000100000
[0:0] 0x9000000000102f44:  daddiu	t0,t0,20480
    Write t4 = 9000000000105000
[0:0] 0x9000000000102f48:  csetoffset	c2,c2,t0
    Write C02|v:1 INT p:78fff ct:-1 b:0000000000000000 a:9000000000105000 t:ffffffffffffffff bv: 1
[0:0] 0x9000000000102f4c:  cloadtags	a0,c2
    Memory Read [9000000000105000] = 0000
    Write a0 = 0000000000000000
[0:0] 0x9000000000102f50:  creadhwr	c1,$0
    Write C01|v:1 INT p:78fff ct:-1 b:0000000000000000 a:0000000000000000 t:ffffffffffffffff bv: 1
[0:0] 0x9000000000102f54:  lui	t0,0x9000
    Write t4 = ffffffff90000000
[0:0] 0x9000000000102f58:  daddiu	t0,t0,0
    Write t4 = ffffffff90000000
[0:0] 0x9000000000102f5c:  dsll	t0,t0,0x10
    Write t4 = ffff900000000000
[0:0] 0x9000000000102f60:  daddiu	t0,t0,16
    Write t4 = ffff900000000010
[0:0] 0x9000000000102f64:  dsll	t0,t0,0x10
    Write t4 = 9000000000100000
[0:0] 0x9000000000102f68:  daddiu	t0,t0,20480
    Write t4 = 9000000000105000
[0:0] 0x9000000000102f6c:  li	t1,64
    Write t5 = 0000000000000040
[0:0] 0x9000000000102f70:  csc	c1,t0,0(c1)
    Cap Memory Write [9000000000105000] = v:1 PESBT:ffff000000000000 Cursor:0000000000000000
    Cap Tag Write [9000000000105000/105000] 0 -> 1
[0:0] 0x9000000000102f74:  daddiu	t0,t0,16
    Write t4 = 9000000000105010
[0:0] 0x9000000000102f78:  bnez	t1,0x9000000000102f70
OP:
 ld_i32 loc0,env,$0xffffffffffffffe0
 brcond_i32 loc0,$0x0,lt,$L0
 call qemu_log_printf_dump,$0x2,$0,env
 call qemu_log_instr_commit,$0x2,$0,env

 ---- 9000000000102f70 0000000000000000 0000000000000000
 add_i64 statcounters_icount_kernel,statcounters_icount_kernel,$0x1
 mov_i64 loc3,$0x9000000000102f70
 call mips_log_instr32,$0x2,$0,env,loc3,$0xf8216000
 mov_i32 loc6,$0x1
 mov_i64 loc8,t4
 mov_i32 loc9,$0x1
 ld_i64 loc10,env,$0x320
 add_i64 loc10,loc10,loc8
 call store_cap_via_cap,$0x0,$0,env,loc6,loc10,loc9
 mov_i64 lladdr,$0x1
 call qemu_log_instr_commit,$0x2,$0,env

 ---- 9000000000102f74 0000000000000000 0000000000000000
 add_i64 statcounters_icount_kernel,statcounters_icount_kernel,$0x1
 mov_i64 loc11,$0x9000000000102f74
 call mips_log_instr32,$0x2,$0,env,loc11,$0x658c0010
 add_i64 t4,t4,$0x10
 mov_i32 loc15,$0xc
 call mips_log_instr_gpr,$0x2,$0,env,loc15,t4
 call qemu_log_instr_commit,$0x2,$0,env

 ---- 9000000000102f78 0000000000000000 0000000000000000
 add_i64 statcounters_icount_kernel,statcounters_icount_kernel,$0x1
 mov_i64 loc17,$0x9000000000102f78
 call mips_log_instr32,$0x2,$0,env,loc17,$0x15a0fffd
 mov_i64 loc20,t5
 mov_i64 loc21,$0x0
 setcond_i64 bcond,loc20,loc21,ne
 call qemu_log_instr_commit,$0x2,$0,env

 ---- 9000000000102f7c 0000000000011000 9000000000102f70
 add_i64 statcounters_icount_kernel,statcounters_icount_kernel,$0x1
 mov_i64 loc23,$0x9000000000102f7c
 call mips_log_instr32,$0x2,$0,env,loc23,$0x61adffff
 mov_i64 loc27,t5
 add_i64 loc26,loc27,$0xffffffffffffffff
 not_i64 loc28,loc26
 and_i64 loc27,loc27,loc28
 brcond_i64 loc27,$0x0,ge,$L1
 call raise_exception,$0x8,$0,env,$0x15
 set_label $L1
 mov_i64 t5,loc26
 mov_i32 loc31,$0xd
 call mips_log_instr_gpr,$0x2,$0,env,loc31,t5
 brcond_i64 bcond,$0x0,ne,$L2
 goto_tb $0x1
 mov_i64 PC,$0x9000000000102f80
 exit_tb $0x7f07d40052c1
 set_label $L2
 goto_tb $0x0
 mov_i64 PC,$0x9000000000102f70
 exit_tb $0x7f07d40052c0
 set_label $L0
 exit_tb $0x7f07d40052c3

OP after optimization and liveness analysis:
 ld_i32 tmp0,env,$0xffffffffffffffe0      pref=0xffff
 brcond_i32 tmp0,$0x0,lt,$L0              dead: 0 1
 call qemu_log_printf_dump,$0x2,$0,env  
 call qemu_log_instr_commit,$0x2,$0,env 

 ---- 9000000000102f70 0000000000000000 0000000000000000
 add_i64 statcounters_icount_kernel,statcounters_icount_kernel,$0x1  sync: 0  dead: 0 1  pref=0xffff
 call mips_log_instr32,$0x2,$0,env,$0x9000000000102f70,$0xf8216000  dead: 1 2
 ld_i64 tmp10,env,$0x320                  pref=0xffff
 add_i64 tmp10,tmp10,t4                   dead: 1 2  pref=0x4
 call store_cap_via_cap,$0x0,$0,env,$0x1,tmp10,$0x1  dead: 0 1 2 3
 mov_i64 lladdr,$0x1                      sync: 0  dead: 0  pref=0xffff
 call qemu_log_instr_commit,$0x2,$0,env 

 ---- 9000000000102f74 0000000000000000 0000000000000000
 add_i64 statcounters_icount_kernel,statcounters_icount_kernel,$0x1  sync: 0  dead: 1  pref=0xf038
 call mips_log_instr32,$0x2,$0,env,$0x9000000000102f74,$0x658c0010  dead: 1 2
 add_i64 t4,t4,$0x10                      sync: 0  dead: 1 2  pref=0x4
 call mips_log_instr_gpr,$0x2,$0,env,$0xc,t4  dead: 1 2
 call qemu_log_instr_commit,$0x2,$0,env 

 ---- 9000000000102f78 0000000000000000 0000000000000000
 add_i64 statcounters_icount_kernel,statcounters_icount_kernel,$0x1  sync: 0  dead: 1  pref=0xf038
 call mips_log_instr32,$0x2,$0,env,$0x9000000000102f78,$0x15a0fffd  dead: 1 2
 setcond_i64 bcond,t5,$0x0,ne             sync: 0  dead: 0  pref=0xffff
 call qemu_log_instr_commit,$0x2,$0,env 

 ---- 9000000000102f7c 0000000000011000 9000000000102f70
 add_i64 statcounters_icount_kernel,statcounters_icount_kernel,$0x1  sync: 0  dead: 0 1 2  pref=0xffff
 call mips_log_instr32,$0x2,$0,env,$0x9000000000102f7c,$0x61adffff  dead: 1 2
 add_i64 loc26,t5,$0xffffffffffffffff     sync: 0  dead: 2  pref=0xffff
 not_i64 tmp28,loc26                      dead: 1  pref=0xffff
 and_i64 tmp27,t5,tmp28                   dead: 1 2  pref=0xffff
 brcond_i64 tmp27,$0x0,ge,$L1             dead: 0 1
 call raise_exception,$0x8,$0,env,$0x15   dead: 0 1
 set_label $L1                          
 mov_i64 t5,loc26                         sync: 0  dead: 1  pref=0x4
 call mips_log_instr_gpr,$0x2,$0,env,$0xd,t5  dead: 0 1 2
 brcond_i64 bcond,$0x0,ne,$L2             dead: 0 1
 goto_tb $0x1                           
 mov_i64 PC,$0x9000000000102f80           sync: 0  dead: 0 1  pref=0xffff
 exit_tb $0x7f07d40052c1                
 set_label $L2                          
 goto_tb $0x0                           
 mov_i64 PC,$0x9000000000102f70           sync: 0  dead: 0 1  pref=0xffff
 exit_tb $0x7f07d40052c0                
 set_label $L0                          
 exit_tb $0x7f07d40052c3                

pc=0x9000000000102f70 HI=0x0101010101010101 LO=0x0101010101010101 ds 440000f8 9000000000102f14 1
GPR00: r0 0000000000000000 at 0101010101010101 v0 0000000000000000 v1 0303030303030303
GPR04: a0 0000000000000000 a1 0505050505050505 a2 0606060606060606 a3 0707070707070707
GPR08: t0 0808080808080808 t1 0909090909090909 t2 0a0a0a0a0a0a0a0a t3 0b0b0b0b0b0b0b0b
GPR12: t4 9000000000105010 t5 000000000000003f t6 0e0e0e0e0e0e0e0e t7 0f0f0f0f0f0f0f0f
GPR16: s0 1010101010101010 s1 1111111111111111 s2 1212121212121212 s3 1313131313131313
GPR20: s4 1414141414141414 s5 1515151515151515 s6 1616161616161616 s7 1717171717171717
GPR24: t8 1818181818181818 t9 9000000000102f14 k0 0000000000000040 k1 0000000000000000
GPR28: gp 1c1c1c1c1c1c1c1c sp 9000000000006fd0 s8 9000000000006fe0 ra 9000000000102428
CP0 Status  0x640080e1 Cause   0x00000000 EPC    0x0000000000000000
    Config0 0x8000c083 Config1 0xbe6130db LLAddr 0x0000000000000000
    Config2 0x80000000 Config3 0x0c002084
    Config4 0x00000000 Config5 0x00000000
[0:0] 0x9000000000102f7c:  daddi	t1,t1,-1
    Write t5 = 000000000000003f
[0:0] 0x9000000000102f70:  csc	c1,t0,0(c1)
    Cap Memory Write [9000000000105010] = v:1 PESBT:ffff000000000000 Cursor:0000000000000000
    Cap Tag Write [9000000000105010/105010] 0 -> 1
[0:0] 0x9000000000102f74:  daddiu	t0,t0,16
    Write t4 = 9000000000105020
[0:0] 0x9000000000102f78:  bnez	t1,0x9000000000102f70
pc=0x9000000000102f70 HI=0x0101010101010101 LO=0x0101010101010101 ds 440000f8 9000000000102f14 1
GPR00: r0 0000000000000000 at 0101010101010101 v0 0000000000000000 v1 0303030303030303
GPR04: a0 0000000000000000 a1 0505050505050505 a2 0606060606060606 a3 0707070707070707
GPR08: t0 0808080808080808 t1 0909090909090909 t2 0a0a0a0a0a0a0a0a t3 0b0b0b0b0b0b0b0b
GPR12: t4 9000000000105020 t5 000000000000003e t6 0e0e0e0e0e0e0e0e t7 0f0f0f0f0f0f0f0f
GPR16: s0 1010101010101010 s1 1111111111111111 s2 1212121212121212 s3 1313131313131313
GPR20: s4 1414141414141414 s5 1515151515151515 s6 1616161616161616 s7 1717171717171717
GPR24: t8 1818181818181818 t9 9000000000102f14 k0 0000000000000040 k1 0000000000000000
GPR28: gp 1c1c1c1c1c1c1c1c sp 9000000000006fd0 s8 9000000000006fe0 ra 9000000000102428
CP0 Status  0x640080e1 Cause   0x00000000 EPC    0x0000000000000000
    Config0 0x8000c083 Config1 0xbe6130db LLAddr 0x0000000000000000
    Config2 0x80000000 Config3 0x0c002084
    Config4 0x00000000 Config5 0x00000000
[0:0] 0x9000000000102f7c:  daddi	t1,t1,-1
    Write t5 = 000000000000003e
[0:0] 0x9000000000102f70:  csc	c1,t0,0(c1)
    Cap Memory Write [9000000000105020] = v:1 PESBT:ffff000000000000 Cursor:0000000000000000
    Cap Tag Write [9000000000105020/105020] 0 -> 1
[0:0] 0x9000000000102f74:  daddiu	t0,t0,16
    Write t4 = 9000000000105030
[0:0] 0x9000000000102f78:  bnez	t1,0x9000000000102f70
[0:0] 0x9000000000102f7c:  daddi	t1,t1,-1
    Write t5 = 000000000000003d
[0:0] 0x9000000000102f70:  csc	c1,t0,0(c1)
    Cap Memory Write [9000000000105030] = v:1 PESBT:ffff000000000000 Cursor:0000000000000000
    Cap Tag Write [9000000000105030/105030] 0 -> 1
[0:0] 0x9000000000102f74:  daddiu	t0,t0,16
    Write t4 = 9000000000105040
[0:0] 0x9000000000102f78:  bnez	t1,0x9000000000102f70
[0:0] 0x9000000000102f7c:  daddi	t1,t1,-1
    Write t5 = 000000000000003c
[0:0] 0x9000000000102f70:  csc	c1,t0,0(c1)
    Cap Memory Write [9000000000105040] = v:1 PESBT:ffff000000000000 Cursor:0000000000000000
    Cap Tag Write [9000000000105040/105040] 0 -> 1
[0:0] 0x9000000000102f74:  daddiu	t0,t0,16
    Write t4 = 9000000000105050
[0:0] 0x9000000000102f78:  bnez	t1,0x9000000000102f70
[0:0] 0x9000000000102f7c:  daddi	t1,t1,-1
    Write t5 = 000000000000003b
[0:0] 0x9000000000102f70:  csc	c1,t0,0(c1)
    Cap Memory Write [9000000000105050] = v:1 PESBT:ffff000000000000 Cursor:0000000000000000
    Cap Tag Write [9000000000105050/105050] 0 -> 1
[0:0] 0x9000000000102f74:  daddiu	t0,t0,16
    Write t4 = 9000000000105060
[0:0] 0x9000000000102f78:  bnez	t1,0x9000000000102f70
[0:0] 0x9000000000102f7c:  daddi	t1,t1,-1
    Write t5 = 000000000000003a
[0:0] 0x9000000000102f70:  csc	c1,t0,0(c1)
    Cap Memory Write [9000000000105060] = v:1 PESBT:ffff000000000000 Cursor:0000000000000000
    Cap Tag Write [9000000000105060/105060] 0 -> 1
[0:0] 0x9000000000102f74:  daddiu	t0,t0,16
    Write t4 = 9000000000105070
[0:0] 0x9000000000102f78:  bnez	t1,0x9000000000102f70
[0:0] 0x9000000000102f7c:  daddi	t1,t1,-1
    Write t5 = 0000000000000039
[0:0] 0x9000000000102f70:  csc	c1,t0,0(c1)
    Cap Memory Write [9000000000105070] = v:1 PESBT:ffff000000000000 Cursor:0000000000000000
    Cap Tag Write [9000000000105070/105070] 0 -> 1
[0:0] 0x9000000000102f74:  daddiu	t0,t0,16
    Write t4 = 9000000000105080
[0:0] 0x9000000000102f78:  bnez	t1,0x9000000000102f70
[0:0] 0x9000000000102f7c:  daddi	t1,t1,-1
    Write t5 = 0000000000000038
[0:0] 0x9000000000102f70:  csc	c1,t0,0(c1)
    Cap Memory Write [9000000000105080] = v:1 PESBT:ffff000000000000 Cursor:0000000000000000
    Cap Tag Write [9000000000105080/105080] 0 -> 1
[0:0] 0x9000000000102f74:  daddiu	t0,t0,16
    Write t4 = 9000000000105090
[0:0] 0x9000000000102f78:  bnez	t1,0x9000000000102f70
[0:0] 0x9000000000102f7c:  daddi	t1,t1,-1
    Write t5 = 0000000000000037
[0:0] 0x9000000000102f70:  csc	c1,t0,0(c1)
    Cap Memory Write [9000000000105090] = v:1 PESBT:ffff000000000000 Cursor:0000000000000000
    Cap Tag Write [9000000000105090/105090] 0 -> 1
[0:0] 0x9000000000102f74:  daddiu	t0,t0,16
    Write t4 = 90000000001050a0
[0:0] 0x9000000000102f78:  bnez	t1,0x9000000000102f70
[0:0] 0x9000000000102f7c:  daddi	t1,t1,-1
    Write t5 = 0000000000000036
[0:0] 0x9000000000102f70:  csc	c1,t0,0(c1)
    Cap Memory Write [90000000001050a0] = v:1 PESBT:ffff000000000000 Cursor:0000000000000000
    Cap Tag Write [90000000001050a0/1050a0] 0 -> 1
[0:0] 0x9000000000102f74:  daddiu	t0,t0,16
    Write t4 = 90000000001050b0
[0:0] 0x9000000000102f78:  bnez	t1,0x9000000000102f70
[0:0] 0x9000000000102f7c:  daddi	t1,t1,-1
    Write t5 = 0000000000000035
[0:0] 0x9000000000102f70:  csc	c1,t0,0(c1)
    Cap Memory Write [90000000001050b0] = v:1 PESBT:ffff000000000000 Cursor:0000000000000000
    Cap Tag Write [90000000001050b0/1050b0] 0 -> 1
[0:0] 0x9000000000102f74:  daddiu	t0,t0,16
    Write t4 = 90000000001050c0
[0:0] 0x9000000000102f78:  bnez	t1,0x9000000000102f70
[0:0] 0x9000000000102f7c:  daddi	t1,t1,-1
    Write t5 = 0000000000000034
[0:0] 0x9000000000102f70:  csc	c1,t0,0(c1)
    Cap Memory Write [90000000001050c0] = v:1 PESBT:ffff000000000000 Cursor:0000000000000000
    Cap Tag Write [90000000001050c0/1050c0] 0 -> 1
[0:0] 0x9000000000102f74:  daddiu	t0,t0,16
    Write t4 = 90000000001050d0
[0:0] 0x9000000000102f78:  bnez	t1,0x9000000000102f70
[0:0] 0x9000000000102f7c:  daddi	t1,t1,-1
    Write t5 = 0000000000000033
[0:0] 0x9000000000102f70:  csc	c1,t0,0(c1)
    Cap Memory Write [90000000001050d0] = v:1 PESBT:ffff000000000000 Cursor:0000000000000000
    Cap Tag Write [90000000001050d0/1050d0] 0 -> 1
[0:0] 0x9000000000102f74:  daddiu	t0,t0,16
    Write t4 = 90000000001050e0
[0:0] 0x9000000000102f78:  bnez	t1,0x9000000000102f70
[0:0] 0x9000000000102f7c:  daddi	t1,t1,-1
    Write t5 = 0000000000000032
[0:0] 0x9000000000102f70:  csc	c1,t0,0(c1)
    Cap Memory Write [90000000001050e0] = v:1 PESBT:ffff000000000000 Cursor:0000000000000000
    Cap Tag Write [90000000001050e0/1050e0] 0 -> 1
[0:0] 0x9000000000102f74:  daddiu	t0,t0,16
    Write t4 = 90000000001050f0
[0:0] 0x9000000000102f78:  bnez	t1,0x9000000000102f70
[0:0] 0x9000000000102f7c:  daddi	t1,t1,-1
    Write t5 = 0000000000000031
[0:0] 0x9000000000102f70:  csc	c1,t0,0(c1)
    Cap Memory Write [90000000001050f0] = v:1 PESBT:ffff000000000000 Cursor:0000000000000000
    Cap Tag Write [90000000001050f0/1050f0] 0 -> 1
[0:0] 0x9000000000102f74:  daddiu	t0,t0,16
    Write t4 = 9000000000105100
[0:0] 0x9000000000102f78:  bnez	t1,0x9000000000102f70
[0:0] 0x9000000000102f7c:  daddi	t1,t1,-1
    Write t5 = 0000000000000030
[0:0] 0x9000000000102f70:  csc	c1,t0,0(c1)
    Cap Memory Write [9000000000105100] = v:1 PESBT:ffff000000000000 Cursor:0000000000000000
    Cap Tag Write [9000000000105100/105100] 0 -> 1
[0:0] 0x9000000000102f74:  daddiu	t0,t0,16
    Write t4 = 9000000000105110
[0:0] 0x9000000000102f78:  bnez	t1,0x9000000000102f70
[0:0] 0x9000000000102f7c:  daddi	t1,t1,-1
    Write t5 = 000000000000002f
[0:0] 0x9000000000102f70:  csc	c1,t0,0(c1)
    Cap Memory Write [9000000000105110] = v:1 PESBT:ffff000000000000 Cursor:0000000000000000
    Cap Tag Write [9000000000105110/105110] 0 -> 1
[0:0] 0x9000000000102f74:  daddiu	t0,t0,16
    Write t4 = 9000000000105120
[0:0] 0x9000000000102f78:  bnez	t1,0x9000000000102f70
[0:0] 0x9000000000102f7c:  daddi	t1,t1,-1
    Write t5 = 000000000000002e
[0:0] 0x9000000000102f70:  csc	c1,t0,0(c1)
    Cap Memory Write [9000000000105120] = v:1 PESBT:ffff000000000000 Cursor:0000000000000000
    Cap Tag Write [9000000000105120/105120] 0 -> 1
[0:0] 0x9000000000102f74:  daddiu	t0,t0,16
    Write t4 = 9000000000105130
[0:0] 0x9000000000102f78:  bnez	t1,0x9000000000102f70
[0:0] 0x9000000000102f7c:  daddi	t1,t1,-1
    Write t5 = 000000000000002d
[0:0] 0x9000000000102f70:  csc	c1,t0,0(c1)
    Cap Memory Write [9000000000105130] = v:1 PESBT:ffff000000000000 Cursor:0000000000000000
    Cap Tag Write [9000000000105130/105130] 0 -> 1
[0:0] 0x9000000000102f74:  daddiu	t0,t0,16
    Write t4 = 9000000000105140
[0:0] 0x9000000000102f78:  bnez	t1,0x9000000000102f70
[0:0] 0x9000000000102f7c:  daddi	t1,t1,-1
    Write t5 = 000000000000002c
[0:0] 0x9000000000102f70:  csc	c1,t0,0(c1)
    Cap Memory Write [9000000000105140] = v:1 PESBT:ffff000000000000 Cursor:0000000000000000
    Cap Tag Write [9000000000105140/105140] 0 -> 1
[0:0] 0x9000000000102f74:  daddiu	t0,t0,16
    Write t4 = 9000000000105150
[0:0] 0x9000000000102f78:  bnez	t1,0x9000000000102f70
[0:0] 0x9000000000102f7c:  daddi	t1,t1,-1
    Write t5 = 000000000000002b
[0:0] 0x9000000000102f70:  csc	c1,t0,0(c1)
    Cap Memory Write [9000000000105150] = v:1 PESBT:ffff000000000000 Cursor:0000000000000000
    Cap Tag Write [9000000000105150/105150] 0 -> 1
[0:0] 0x9000000000102f74:  daddiu	t0,t0,16
    Write t4 = 9000000000105160
[0:0] 0x9000000000102f78:  bnez	t1,0x9000000000102f70
[0:0] 0x9000000000102f7c:  daddi	t1,t1,-1
    Write t5 = 000000000000002a
[0:0] 0x9000000000102f70:  csc	c1,t0,0(c1)
    Cap Memory Write [9000000000105160] = v:1 PESBT:ffff000000000000 Cursor:0000000000000000
    Cap Tag Write [9000000000105160/105160] 0 -> 1
[0:0] 0x9000000000102f74:  daddiu	t0,t0,16
    Write t4 = 9000000000105170
[0:0] 0x9000000000102f78:  bnez	t1,0x9000000000102f70
[0:0] 0x9000000000102f7c:  daddi	t1,t1,-1
    Write t5 = 0000000000000029
[0:0] 0x9000000000102f70:  csc	c1,t0,0(c1)
    Cap Memory Write [9000000000105170] = v:1 PESBT:ffff000000000000 Cursor:0000000000000000
    Cap Tag Write [9000000000105170/105170] 0 -> 1
[0:0] 0x9000000000102f74:  daddiu	t0,t0,16
    Write t4 = 9000000000105180
[0:0] 0x9000000000102f78:  bnez	t1,0x9000000000102f70
[0:0] 0x9000000000102f7c:  daddi	t1,t1,-1
    Write t5 = 0000000000000028
[0:0] 0x9000000000102f70:  csc	c1,t0,0(c1)
    Cap Memory Write [9000000000105180] = v:1 PESBT:ffff000000000000 Cursor:0000000000000000
    Cap Tag Write [9000000000105180/105180] 0 -> 1
[0:0] 0x9000000000102f74:  daddiu	t0,t0,16
    Write t4 = 9000000000105190
[0:0] 0x9000000000102f78:  bnez	t1,0x9000000000102f70
[0:0] 0x9000000000102f7c:  daddi	t1,t1,-1
    Write t5 = 0000000000000027
[0:0] 0x9000000000102f70:  csc	c1,t0,0(c1)
    Cap Memory Write [9000000000105190] = v:1 PESBT:ffff000000000000 Cursor:0000000000000000
    Cap Tag Write [9000000000105190/105190] 0 -> 1
[0:0] 0x9000000000102f74:  daddiu	t0,t0,16
    Write t4 = 90000000001051a0
[0:0] 0x9000000000102f78:  bnez	t1,0x9000000000102f70
[0:0] 0x9000000000102f7c:  daddi	t1,t1,-1
    Write t5 = 0000000000000026
[0:0] 0x9000000000102f70:  csc	c1,t0,0(c1)
    Cap Memory Write [90000000001051a0] = v:1 PESBT:ffff000000000000 Cursor:0000000000000000
    Cap Tag Write [90000000001051a0/1051a0] 0 -> 1
[0:0] 0x9000000000102f74:  daddiu	t0,t0,16
    Write t4 = 90000000001051b0
[0:0] 0x9000000000102f78:  bnez	t1,0x9000000000102f70
[0:0] 0x9000000000102f7c:  daddi	t1,t1,-1
    Write t5 = 0000000000000025
[0:0] 0x9000000000102f70:  csc	c1,t0,0(c1)
    Cap Memory Write [90000000001051b0] = v:1 PESBT:ffff000000000000 Cursor:0000000000000000
    Cap Tag Write [90000000001051b0/1051b0] 0 -> 1
[0:0] 0x9000000000102f74:  daddiu	t0,t0,16
    Write t4 = 90000000001051c0
[0:0] 0x9000000000102f78:  bnez	t1,0x9000000000102f70
[0:0] 0x9000000000102f7c:  daddi	t1,t1,-1
    Write t5 = 0000000000000024
[0:0] 0x9000000000102f70:  csc	c1,t0,0(c1)
    Cap Memory Write [90000000001051c0] = v:1 PESBT:ffff000000000000 Cursor:0000000000000000
    Cap Tag Write [90000000001051c0/1051c0] 0 -> 1
[0:0] 0x9000000000102f74:  daddiu	t0,t0,16
    Write t4 = 90000000001051d0
[0:0] 0x9000000000102f78:  bnez	t1,0x9000000000102f70
[0:0] 0x9000000000102f7c:  daddi	t1,t1,-1
    Write t5 = 0000000000000023
[0:0] 0x9000000000102f70:  csc	c1,t0,0(c1)
    Cap Memory Write [90000000001051d0] = v:1 PESBT:ffff000000000000 Cursor:0000000000000000
    Cap Tag Write [90000000001051d0/1051d0] 0 -> 1
[0:0] 0x9000000000102f74:  daddiu	t0,t0,16
    Write t4 = 90000000001051e0
[0:0] 0x9000000000102f78:  bnez	t1,0x9000000000102f70
[0:0] 0x9000000000102f7c:  daddi	t1,t1,-1
    Write t5 = 0000000000000022
[0:0] 0x9000000000102f70:  csc	c1,t0,0(c1)
    Cap Memory Write [90000000001051e0] = v:1 PESBT:ffff000000000000 Cursor:0000000000000000
    Cap Tag Write [90000000001051e0/1051e0] 0 -> 1
[0:0] 0x9000000000102f74:  daddiu	t0,t0,16
    Write t4 = 90000000001051f0
[0:0] 0x9000000000102f78:  bnez	t1,0x9000000000102f70
[0:0] 0x9000000000102f7c:  daddi	t1,t1,-1
    Write t5 = 0000000000000021
[0:0] 0x9000000000102f70:  csc	c1,t0,0(c1)
    Cap Memory Write [90000000001051f0] = v:1 PESBT:ffff000000000000 Cursor:0000000000000000
    Cap Tag Write [90000000001051f0/1051f0] 0 -> 1
[0:0] 0x9000000000102f74:  daddiu	t0,t0,16
    Write t4 = 9000000000105200
[0:0] 0x9000000000102f78:  bnez	t1,0x9000000000102f70
[0:0] 0x9000000000102f7c:  daddi	t1,t1,-1
    Write t5 = 0000000000000020
[0:0] 0x9000000000102f70:  csc	c1,t0,0(c1)
    Cap Memory Write [9000000000105200] = v:1 PESBT:ffff000000000000 Cursor:0000000000000000
    Cap Tag Write [9000000000105200/105200] 0 -> 1
[0:0] 0x9000000000102f74:  daddiu	t0,t0,16
    Write t4 = 9000000000105210
[0:0] 0x9000000000102f78:  bnez	t1,0x9000000000102f70
[0:0] 0x9000000000102f7c:  daddi	t1,t1,-1
    Write t5 = 000000000000001f
[0:0] 0x9000000000102f70:  csc	c1,t0,0(c1)
    Cap Memory Write [9000000000105210] = v:1 PESBT:ffff000000000000 Cursor:0000000000000000
    Cap Tag Write [9000000000105210/105210] 0 -> 1
[0:0] 0x9000000000102f74:  daddiu	t0,t0,16
    Write t4 = 9000000000105220
[0:0] 0x9000000000102f78:  bnez	t1,0x9000000000102f70
[0:0] 0x9000000000102f7c:  daddi	t1,t1,-1
    Write t5 = 000000000000001e
[0:0] 0x9000000000102f70:  csc	c1,t0,0(c1)
    Cap Memory Write [9000000000105220] = v:1 PESBT:ffff000000000000 Cursor:0000000000000000
    Cap Tag Write [9000000000105220/105220] 0 -> 1
[0:0] 0x9000000000102f74:  daddiu	t0,t0,16
    Write t4 = 9000000000105230
[0:0] 0x9000000000102f78:  bnez	t1,0x9000000000102f70
[0:0] 0x9000000000102f7c:  daddi	t1,t1,-1
    Write t5 = 000000000000001d
[0:0] 0x9000000000102f70:  csc	c1,t0,0(c1)
    Cap Memory Write [9000000000105230] = v:1 PESBT:ffff000000000000 Cursor:0000000000000000
    Cap Tag Write [9000000000105230/105230] 0 -> 1
[0:0] 0x9000000000102f74:  daddiu	t0,t0,16
    Write t4 = 9000000000105240
[0:0] 0x9000000000102f78:  bnez	t1,0x9000000000102f70
[0:0] 0x9000000000102f7c:  daddi	t1,t1,-1
    Write t5 = 000000000000001c
[0:0] 0x9000000000102f70:  csc	c1,t0,0(c1)
    Cap Memory Write [9000000000105240] = v:1 PESBT:ffff000000000000 Cursor:0000000000000000
    Cap Tag Write [9000000000105240/105240] 0 -> 1
[0:0] 0x9000000000102f74:  daddiu	t0,t0,16
    Write t4 = 9000000000105250
[0:0] 0x9000000000102f78:  bnez	t1,0x9000000000102f70
[0:0] 0x9000000000102f7c:  daddi	t1,t1,-1
    Write t5 = 000000000000001b
[0:0] 0x9000000000102f70:  csc	c1,t0,0(c1)
    Cap Memory Write [9000000000105250] = v:1 PESBT:ffff000000000000 Cursor:0000000000000000
    Cap Tag Write [9000000000105250/105250] 0 -> 1
[0:0] 0x9000000000102f74:  daddiu	t0,t0,16
    Write t4 = 9000000000105260
[0:0] 0x9000000000102f78:  bnez	t1,0x9000000000102f70
[0:0] 0x9000000000102f7c:  daddi	t1,t1,-1
    Write t5 = 000000000000001a
[0:0] 0x9000000000102f70:  csc	c1,t0,0(c1)
    Cap Memory Write [9000000000105260] = v:1 PESBT:ffff000000000000 Cursor:0000000000000000
    Cap Tag Write [9000000000105260/105260] 0 -> 1
[0:0] 0x9000000000102f74:  daddiu	t0,t0,16
    Write t4 = 9000000000105270
[0:0] 0x9000000000102f78:  bnez	t1,0x9000000000102f70
[0:0] 0x9000000000102f7c:  daddi	t1,t1,-1
    Write t5 = 0000000000000019
[0:0] 0x9000000000102f70:  csc	c1,t0,0(c1)
    Cap Memory Write [9000000000105270] = v:1 PESBT:ffff000000000000 Cursor:0000000000000000
    Cap Tag Write [9000000000105270/105270] 0 -> 1
[0:0] 0x9000000000102f74:  daddiu	t0,t0,16
    Write t4 = 9000000000105280
[0:0] 0x9000000000102f78:  bnez	t1,0x9000000000102f70
[0:0] 0x9000000000102f7c:  daddi	t1,t1,-1
    Write t5 = 0000000000000018
[0:0] 0x9000000000102f70:  csc	c1,t0,0(c1)
    Cap Memory Write [9000000000105280] = v:1 PESBT:ffff000000000000 Cursor:0000000000000000
    Cap Tag Write [9000000000105280/105280] 0 -> 1
[0:0] 0x9000000000102f74:  daddiu	t0,t0,16
    Write t4 = 9000000000105290
[0:0] 0x9000000000102f78:  bnez	t1,0x9000000000102f70
[0:0] 0x9000000000102f7c:  daddi	t1,t1,-1
    Write t5 = 0000000000000017
[0:0] 0x9000000000102f70:  csc	c1,t0,0(c1)
    Cap Memory Write [9000000000105290] = v:1 PESBT:ffff000000000000 Cursor:0000000000000000
    Cap Tag Write [9000000000105290/105290] 0 -> 1
[0:0] 0x9000000000102f74:  daddiu	t0,t0,16
    Write t4 = 90000000001052a0
[0:0] 0x9000000000102f78:  bnez	t1,0x9000000000102f70
[0:0] 0x9000000000102f7c:  daddi	t1,t1,-1
    Write t5 = 0000000000000016
[0:0] 0x9000000000102f70:  csc	c1,t0,0(c1)
    Cap Memory Write [90000000001052a0] = v:1 PESBT:ffff000000000000 Cursor:0000000000000000
    Cap Tag Write [90000000001052a0/1052a0] 0 -> 1
[0:0] 0x9000000000102f74:  daddiu	t0,t0,16
    Write t4 = 90000000001052b0
[0:0] 0x9000000000102f78:  bnez	t1,0x9000000000102f70
[0:0] 0x9000000000102f7c:  daddi	t1,t1,-1
    Write t5 = 0000000000000015
[0:0] 0x9000000000102f70:  csc	c1,t0,0(c1)
    Cap Memory Write [90000000001052b0] = v:1 PESBT:ffff000000000000 Cursor:0000000000000000
    Cap Tag Write [90000000001052b0/1052b0] 0 -> 1
[0:0] 0x9000000000102f74:  daddiu	t0,t0,16
    Write t4 = 90000000001052c0
[0:0] 0x9000000000102f78:  bnez	t1,0x9000000000102f70
[0:0] 0x9000000000102f7c:  daddi	t1,t1,-1
    Write t5 = 0000000000000014
[0:0] 0x9000000000102f70:  csc	c1,t0,0(c1)
    Cap Memory Write [90000000001052c0] = v:1 PESBT:ffff000000000000 Cursor:0000000000000000
    Cap Tag Write [90000000001052c0/1052c0] 0 -> 1
[0:0] 0x9000000000102f74:  daddiu	t0,t0,16
    Write t4 = 90000000001052d0
[0:0] 0x9000000000102f78:  bnez	t1,0x9000000000102f70
[0:0] 0x9000000000102f7c:  daddi	t1,t1,-1
    Write t5 = 0000000000000013
[0:0] 0x9000000000102f70:  csc	c1,t0,0(c1)
    Cap Memory Write [90000000001052d0] = v:1 PESBT:ffff000000000000 Cursor:0000000000000000
    Cap Tag Write [90000000001052d0/1052d0] 0 -> 1
[0:0] 0x9000000000102f74:  daddiu	t0,t0,16
    Write t4 = 90000000001052e0
[0:0] 0x9000000000102f78:  bnez	t1,0x9000000000102f70
[0:0] 0x9000000000102f7c:  daddi	t1,t1,-1
    Write t5 = 0000000000000012
[0:0] 0x9000000000102f70:  csc	c1,t0,0(c1)
    Cap Memory Write [90000000001052e0] = v:1 PESBT:ffff000000000000 Cursor:0000000000000000
    Cap Tag Write [90000000001052e0/1052e0] 0 -> 1
[0:0] 0x9000000000102f74:  daddiu	t0,t0,16
    Write t4 = 90000000001052f0
[0:0] 0x9000000000102f78:  bnez	t1,0x9000000000102f70
[0:0] 0x9000000000102f7c:  daddi	t1,t1,-1
    Write t5 = 0000000000000011
[0:0] 0x9000000000102f70:  csc	c1,t0,0(c1)
    Cap Memory Write [90000000001052f0] = v:1 PESBT:ffff000000000000 Cursor:0000000000000000
    Cap Tag Write [90000000001052f0/1052f0] 0 -> 1
[0:0] 0x9000000000102f74:  daddiu	t0,t0,16
    Write t4 = 9000000000105300
[0:0] 0x9000000000102f78:  bnez	t1,0x9000000000102f70
[0:0] 0x9000000000102f7c:  daddi	t1,t1,-1
    Write t5 = 0000000000000010
[0:0] 0x9000000000102f70:  csc	c1,t0,0(c1)
    Cap Memory Write [9000000000105300] = v:1 PESBT:ffff000000000000 Cursor:0000000000000000
    Cap Tag Write [9000000000105300/105300] 0 -> 1
[0:0] 0x9000000000102f74:  daddiu	t0,t0,16
    Write t4 = 9000000000105310
[0:0] 0x9000000000102f78:  bnez	t1,0x9000000000102f70
[0:0] 0x9000000000102f7c:  daddi	t1,t1,-1
    Write t5 = 000000000000000f
[0:0] 0x9000000000102f70:  csc	c1,t0,0(c1)
    Cap Memory Write [9000000000105310] = v:1 PESBT:ffff000000000000 Cursor:0000000000000000
    Cap Tag Write [9000000000105310/105310] 0 -> 1
[0:0] 0x9000000000102f74:  daddiu	t0,t0,16
    Write t4 = 9000000000105320
[0:0] 0x9000000000102f78:  bnez	t1,0x9000000000102f70
[0:0] 0x9000000000102f7c:  daddi	t1,t1,-1
    Write t5 = 000000000000000e
[0:0] 0x9000000000102f70:  csc	c1,t0,0(c1)
    Cap Memory Write [9000000000105320] = v:1 PESBT:ffff000000000000 Cursor:0000000000000000
    Cap Tag Write [9000000000105320/105320] 0 -> 1
[0:0] 0x9000000000102f74:  daddiu	t0,t0,16
    Write t4 = 9000000000105330
[0:0] 0x9000000000102f78:  bnez	t1,0x9000000000102f70
[0:0] 0x9000000000102f7c:  daddi	t1,t1,-1
    Write t5 = 000000000000000d
[0:0] 0x9000000000102f70:  csc	c1,t0,0(c1)
    Cap Memory Write [9000000000105330] = v:1 PESBT:ffff000000000000 Cursor:0000000000000000
    Cap Tag Write [9000000000105330/105330] 0 -> 1
[0:0] 0x9000000000102f74:  daddiu	t0,t0,16
    Write t4 = 9000000000105340
[0:0] 0x9000000000102f78:  bnez	t1,0x9000000000102f70
[0:0] 0x9000000000102f7c:  daddi	t1,t1,-1
    Write t5 = 000000000000000c
[0:0] 0x9000000000102f70:  csc	c1,t0,0(c1)
    Cap Memory Write [9000000000105340] = v:1 PESBT:ffff000000000000 Cursor:0000000000000000
    Cap Tag Write [9000000000105340/105340] 0 -> 1
[0:0] 0x9000000000102f74:  daddiu	t0,t0,16
    Write t4 = 9000000000105350
[0:0] 0x9000000000102f78:  bnez	t1,0x9000000000102f70
[0:0] 0x9000000000102f7c:  daddi	t1,t1,-1
    Write t5 = 000000000000000b
[0:0] 0x9000000000102f70:  csc	c1,t0,0(c1)
    Cap Memory Write [9000000000105350] = v:1 PESBT:ffff000000000000 Cursor:0000000000000000
    Cap Tag Write [9000000000105350/105350] 0 -> 1
[0:0] 0x9000000000102f74:  daddiu	t0,t0,16
    Write t4 = 9000000000105360
[0:0] 0x9000000000102f78:  bnez	t1,0x9000000000102f70
[0:0] 0x9000000000102f7c:  daddi	t1,t1,-1
    Write t5 = 000000000000000a
[0:0] 0x9000000000102f70:  csc	c1,t0,0(c1)
    Cap Memory Write [9000000000105360] = v:1 PESBT:ffff000000000000 Cursor:0000000000000000
    Cap Tag Write [9000000000105360/105360] 0 -> 1
[0:0] 0x9000000000102f74:  daddiu	t0,t0,16
    Write t4 = 9000000000105370
[0:0] 0x9000000000102f78:  bnez	t1,0x9000000000102f70
[0:0] 0x9000000000102f7c:  daddi	t1,t1,-1
    Write t5 = 0000000000000009
[0:0] 0x9000000000102f70:  csc	c1,t0,0(c1)
    Cap Memory Write [9000000000105370] = v:1 PESBT:ffff000000000000 Cursor:0000000000000000
    Cap Tag Write [9000000000105370/105370] 0 -> 1
[0:0] 0x9000000000102f74:  daddiu	t0,t0,16
    Write t4 = 9000000000105380
[0:0] 0x9000000000102f78:  bnez	t1,0x9000000000102f70
[0:0] 0x9000000000102f7c:  daddi	t1,t1,-1
    Write t5 = 0000000000000008
[0:0] 0x9000000000102f70:  csc	c1,t0,0(c1)
    Cap Memory Write [9000000000105380] = v:1 PESBT:ffff000000000000 Cursor:0000000000000000
    Cap Tag Write [9000000000105380/105380] 0 -> 1
[0:0] 0x9000000000102f74:  daddiu	t0,t0,16
    Write t4 = 9000000000105390
[0:0] 0x9000000000102f78:  bnez	t1,0x9000000000102f70
[0:0] 0x9000000000102f7c:  daddi	t1,t1,-1
    Write t5 = 0000000000000007
[0:0] 0x9000000000102f70:  csc	c1,t0,0(c1)
    Cap Memory Write [9000000000105390] = v:1 PESBT:ffff000000000000 Cursor:0000000000000000
    Cap Tag Write [9000000000105390/105390] 0 -> 1
[0:0] 0x9000000000102f74:  daddiu	t0,t0,16
    Write t4 = 90000000001053a0
[0:0] 0x9000000000102f78:  bnez	t1,0x9000000000102f70
[0:0] 0x9000000000102f7c:  daddi	t1,t1,-1
    Write t5 = 0000000000000006
[0:0] 0x9000000000102f70:  csc	c1,t0,0(c1)
    Cap Memory Write [90000000001053a0] = v:1 PESBT:ffff000000000000 Cursor:0000000000000000
    Cap Tag Write [90000000001053a0/1053a0] 0 -> 1
[0:0] 0x9000000000102f74:  daddiu	t0,t0,16
    Write t4 = 90000000001053b0
[0:0] 0x9000000000102f78:  bnez	t1,0x9000000000102f70
[0:0] 0x9000000000102f7c:  daddi	t1,t1,-1
    Write t5 = 0000000000000005
[0:0] 0x9000000000102f70:  csc	c1,t0,0(c1)
    Cap Memory Write [90000000001053b0] = v:1 PESBT:ffff000000000000 Cursor:0000000000000000
    Cap Tag Write [90000000001053b0/1053b0] 0 -> 1
[0:0] 0x9000000000102f74:  daddiu	t0,t0,16
    Write t4 = 90000000001053c0
[0:0] 0x9000000000102f78:  bnez	t1,0x9000000000102f70
[0:0] 0x9000000000102f7c:  daddi	t1,t1,-1
    Write t5 = 0000000000000004
[0:0] 0x9000000000102f70:  csc	c1,t0,0(c1)
    Cap Memory Write [90000000001053c0] = v:1 PESBT:ffff000000000000 Cursor:0000000000000000
    Cap Tag Write [90000000001053c0/1053c0] 0 -> 1
[0:0] 0x9000000000102f74:  daddiu	t0,t0,16
    Write t4 = 90000000001053d0
[0:0] 0x9000000000102f78:  bnez	t1,0x9000000000102f70
[0:0] 0x9000000000102f7c:  daddi	t1,t1,-1
    Write t5 = 0000000000000003
[0:0] 0x9000000000102f70:  csc	c1,t0,0(c1)
    Cap Memory Write [90000000001053d0] = v:1 PESBT:ffff000000000000 Cursor:0000000000000000
    Cap Tag Write [90000000001053d0/1053d0] 0 -> 1
[0:0] 0x9000000000102f74:  daddiu	t0,t0,16
    Write t4 = 90000000001053e0
[0:0] 0x9000000000102f78:  bnez	t1,0x9000000000102f70
[0:0] 0x9000000000102f7c:  daddi	t1,t1,-1
    Write t5 = 0000000000000002
[0:0] 0x9000000000102f70:  csc	c1,t0,0(c1)
    Cap Memory Write [90000000001053e0] = v:1 PESBT:ffff000000000000 Cursor:0000000000000000
    Cap Tag Write [90000000001053e0/1053e0] 0 -> 1
[0:0] 0x9000000000102f74:  daddiu	t0,t0,16
    Write t4 = 90000000001053f0
[0:0] 0x9000000000102f78:  bnez	t1,0x9000000000102f70
[0:0] 0x9000000000102f7c:  daddi	t1,t1,-1
    Write t5 = 0000000000000001
[0:0] 0x9000000000102f70:  csc	c1,t0,0(c1)
    Cap Memory Write [90000000001053f0] = v:1 PESBT:ffff000000000000 Cursor:0000000000000000
    Cap Tag Write [90000000001053f0/1053f0] 0 -> 1
[0:0] 0x9000000000102f74:  daddiu	t0,t0,16
    Write t4 = 9000000000105400
[0:0] 0x9000000000102f78:  bnez	t1,0x9000000000102f70
[0:0] 0x9000000000102f7c:  daddi	t1,t1,-1
    Write t5 = 0000000000000000
[0:0] 0x9000000000102f70:  csc	c1,t0,0(c1)
    Cap Memory Write [9000000000105400] = v:1 PESBT:ffff000000000000 Cursor:0000000000000000
    Cap Tag Write [9000000000105400/105400] 0 -> 1
[0:0] 0x9000000000102f74:  daddiu	t0,t0,16
    Write t4 = 9000000000105410
[0:0] 0x9000000000102f78:  bnez	t1,0x9000000000102f70
OP:
 ld_i32 loc0,env,$0xffffffffffffffe0
 brcond_i32 loc0,$0x0,lt,$L0
 call qemu_log_printf_dump,$0x2,$0,env
 call qemu_log_instr_commit,$0x2,$0,env

 ---- 9000000000102f80 0000000000000000 0000000000000000
 add_i64 statcounters_icount_kernel,statcounters_icount_kernel,$0x1
 mov_i64 loc3,$0x9000000000102f80
 call mips_log_instr32,$0x2,$0,env,loc3,$0x480517bf
 mb $0x33
 call cap_load_check,$0x0,$1,tmp7,env,$0x2,$0x0,$0x8
 call cloadtags,$0x0,$1,loc8,env,$0x2
 call qemu_log_instr_load64,$0x2,$0,env,tmp7,loc8,$0x13
 mov_i64 a1,loc8
 mov_i32 loc12,$0x5
 call mips_log_instr_gpr,$0x2,$0,env,loc12,a1
 call qemu_log_instr_commit,$0x2,$0,env

 ---- 9000000000102f84 0000000000000000 0000000000000000
 add_i64 statcounters_icount_kernel,statcounters_icount_kernel,$0x1
 mov_i64 loc14,$0x9000000000102f84
 call mips_log_instr32,$0x2,$0,env,loc14,$0x3c0c9000
 mov_i64 t4,$0xffffffff90000000
 mov_i32 loc18,$0xc
 call mips_log_instr_gpr,$0x2,$0,env,loc18,t4
 call qemu_log_instr_commit,$0x2,$0,env

 ---- 9000000000102f88 0000000000000000 0000000000000000
 add_i64 statcounters_icount_kernel,statcounters_icount_kernel,$0x1
 mov_i64 loc20,$0x9000000000102f88
 call mips_log_instr32,$0x2,$0,env,loc20,$0x658c0000
 mov_i32 loc23,$0xc
 call mips_log_instr_gpr,$0x2,$0,env,loc23,t4
 call qemu_log_instr_commit,$0x2,$0,env

 ---- 9000000000102f8c 0000000000000000 0000000000000000
 add_i64 statcounters_icount_kernel,statcounters_icount_kernel,$0x1
 mov_i64 loc24,$0x9000000000102f8c
 call mips_log_instr32,$0x2,$0,env,loc24,$0xc6438
 mov_i64 loc27,t4
 shl_i64 t4,loc27,$0x10
 mov_i32 loc29,$0xc
 call mips_log_instr_gpr,$0x2,$0,env,loc29,t4
 call qemu_log_instr_commit,$0x2,$0,env

 ---- 9000000000102f90 0000000000000000 0000000000000000
 add_i64 statcounters_icount_kernel,statcounters_icount_kernel,$0x1
 mov_i64 loc30,$0x9000000000102f90
 call mips_log_instr32,$0x2,$0,env,loc30,$0x658c0010
 add_i64 t4,t4,$0x10
 mov_i32 loc33,$0xc
 call mips_log_instr_gpr,$0x2,$0,env,loc33,t4
 call qemu_log_instr_commit,$0x2,$0,env

 ---- 9000000000102f94 0000000000000000 0000000000000000
 add_i64 statcounters_icount_kernel,statcounters_icount_kernel,$0x1
 mov_i64 loc34,$0x9000000000102f94
 call mips_log_instr32,$0x2,$0,env,loc34,$0xc6438
 mov_i64 loc36,t4
 shl_i64 t4,loc36,$0x10
 mov_i32 loc37,$0xc
 call mips_log_instr_gpr,$0x2,$0,env,loc37,t4
 call qemu_log_instr_commit,$0x2,$0,env

 ---- 9000000000102f98 0000000000000000 0000000000000000
 add_i64 statcounters_icount_kernel,statcounters_icount_kernel,$0x1
 mov_i64 loc38,$0x9000000000102f98
 call mips_log_instr32,$0x2,$0,env,loc38,$0x658c5000
 add_i64 t4,t4,$0x5000
 mov_i32 loc42,$0xc
 call mips_log_instr_gpr,$0x2,$0,env,loc42,t4
 call qemu_log_instr_commit,$0x2,$0,env

 ---- 9000000000102f9c 0000000000000000 0000000000000000
 add_i64 statcounters_icount_kernel,statcounters_icount_kernel,$0x1
 mov_i64 loc43,$0x9000000000102f9c
 call mips_log_instr32,$0x2,$0,env,loc43,$0xf8216000
 mov_i32 loc46,$0x1
 mov_i64 loc48,t4
 mov_i32 loc49,$0x1
 ld_i64 loc50,env,$0x320
 add_i64 loc50,loc50,loc48
 call store_cap_via_cap,$0x0,$0,env,loc46,loc50,loc49
 mov_i64 lladdr,$0x1
 call qemu_log_instr_commit,$0x2,$0,env

 ---- 9000000000102fa0 0000000000000000 0000000000000000
 add_i64 statcounters_icount_kernel,statcounters_icount_kernel,$0x1
 mov_i64 loc51,$0x9000000000102fa0
 call mips_log_instr32,$0x2,$0,env,loc51,$0x658c0010
 add_i64 t4,t4,$0x10
 mov_i32 loc53,$0xc
 call mips_log_instr_gpr,$0x2,$0,env,loc53,t4
 call qemu_log_instr_commit,$0x2,$0,env

 ---- 9000000000102fa4 0000000000000000 0000000000000000
 add_i64 statcounters_icount_kernel,statcounters_icount_kernel,$0x1
 mov_i64 loc54,$0x9000000000102fa4
 call mips_log_instr32,$0x2,$0,env,loc54,$0xe9816002
 mov_i64 loc58,t4
 call cap_store_check,$0x0,$1,loc57,env,$0x1,loc58,$0x4
 mov_i64 loc58,t4
 qemu_st_i64 loc58,loc57,beul,0
 call qemu_log_instr_store64,$0x2,$0,env,loc57,loc58,$0x120
 call cheri_invalidate_tags,$0x0,$0,env,loc57,$0x120
 mov_i64 lladdr,$0x0
 call qemu_log_instr_commit,$0x2,$0,env

 ---- 9000000000102fa8 0000000000000000 0000000000000000
 add_i64 statcounters_icount_kernel,statcounters_icount_kernel,$0x1
 mov_i64 loc61,$0x9000000000102fa8
 call mips_log_instr32,$0x2,$0,env,loc61,$0x658c0010
 add_i64 t4,t4,$0x10
 mov_i32 loc63,$0xc
 call mips_log_instr_gpr,$0x2,$0,env,loc63,t4
 call qemu_log_instr_commit,$0x2,$0,env

 ---- 9000000000102fac 0000000000000000 0000000000000000
 add_i64 statcounters_icount_kernel,statcounters_icount_kernel,$0x1
 mov_i64 loc64,$0x9000000000102fac
 call mips_log_instr32,$0x2,$0,env,loc64,$0xf8216000
 mov_i32 loc66,$0x1
 mov_i64 loc67,t4
 mov_i32 loc68,$0x1
 ld_i64 loc69,env,$0x320
 add_i64 loc69,loc69,loc67
 call store_cap_via_cap,$0x0,$0,env,loc66,loc69,loc68
 mov_i64 lladdr,$0x1
 call qemu_log_instr_commit,$0x2,$0,env

 ---- 9000000000102fb0 0000000000000000 0000000000000000
 add_i64 statcounters_icount_kernel,statcounters_icount_kernel,$0x1
 mov_i64 loc70,$0x9000000000102fb0
 call mips_log_instr32,$0x2,$0,env,loc70,$0x658c0010
 add_i64 t4,t4,$0x10
 mov_i32 loc72,$0xc
 call mips_log_instr_gpr,$0x2,$0,env,loc72,t4
 call qemu_log_instr_commit,$0x2,$0,env

 ---- 9000000000102fb4 0000000000000000 0000000000000000
 add_i64 statcounters_icount_kernel,statcounters_icount_kernel,$0x1
 mov_i64 loc73,$0x9000000000102fb4
 call mips_log_instr32,$0x2,$0,env,loc73,$0xe9816002
 mov_i64 loc76,t4
 call cap_store_check,$0x0,$1,loc75,env,$0x1,loc76,$0x4
 mov_i64 loc76,t4
 qemu_st_i64 loc76,loc75,beul,0
 call qemu_log_instr_store64,$0x2,$0,env,loc75,loc76,$0x120
 call cheri_invalidate_tags,$0x0,$0,env,loc75,$0x120
 mov_i64 lladdr,$0x0
 call qemu_log_instr_commit,$0x2,$0,env

 ---- 9000000000102fb8 0000000000000000 0000000000000000
 add_i64 statcounters_icount_kernel,statcounters_icount_kernel,$0x1
 mov_i64 loc77,$0x9000000000102fb8
 call mips_log_instr32,$0x2,$0,env,loc77,$0x658c0010
 add_i64 t4,t4,$0x10
 mov_i32 loc79,$0xc
 call mips_log_instr_gpr,$0x2,$0,env,loc79,t4
 call qemu_log_instr_commit,$0x2,$0,env

 ---- 9000000000102fbc 0000000000000000 0000000000000000
 add_i64 statcounters_icount_kernel,statcounters_icount_kernel,$0x1
 mov_i64 loc80,$0x9000000000102fbc
 call mips_log_instr32,$0x2,$0,env,loc80,$0xe9816002
 mov_i64 loc83,t4
 call cap_store_check,$0x0,$1,loc82,env,$0x1,loc83,$0x4
 mov_i64 loc83,t4
 qemu_st_i64 loc83,loc82,beul,0
 call qemu_log_instr_store64,$0x2,$0,env,loc82,loc83,$0x120
 call cheri_invalidate_tags,$0x0,$0,env,loc82,$0x120
 mov_i64 lladdr,$0x0
 call qemu_log_instr_commit,$0x2,$0,env

 ---- 9000000000102fc0 0000000000000000 0000000000000000
 add_i64 statcounters_icount_kernel,statcounters_icount_kernel,$0x1
 mov_i64 loc84,$0x9000000000102fc0
 call mips_log_instr32,$0x2,$0,env,loc84,$0x658c0010
 add_i64 t4,t4,$0x10
 mov_i32 loc86,$0xc
 call mips_log_instr_gpr,$0x2,$0,env,loc86,t4
 call qemu_log_instr_commit,$0x2,$0,env

 ---- 9000000000102fc4 0000000000000000 0000000000000000
 add_i64 statcounters_icount_kernel,statcounters_icount_kernel,$0x1
 mov_i64 loc87,$0x9000000000102fc4
 call mips_log_instr32,$0x2,$0,env,loc87,$0xf8216000
 mov_i32 loc89,$0x1
 mov_i64 loc90,t4
 mov_i32 loc91,$0x1
 ld_i64 loc92,env,$0x320
 add_i64 loc92,loc92,loc90
 call store_cap_via_cap,$0x0,$0,env,loc89,loc92,loc91
 mov_i64 lladdr,$0x1
 call qemu_log_instr_commit,$0x2,$0,env

 ---- 9000000000102fc8 0000000000000000 0000000000000000
 add_i64 statcounters_icount_kernel,statcounters_icount_kernel,$0x1
 mov_i64 loc93,$0x9000000000102fc8
 call mips_log_instr32,$0x2,$0,env,loc93,$0x658c0010
 add_i64 t4,t4,$0x10
 mov_i32 loc95,$0xc
 call mips_log_instr_gpr,$0x2,$0,env,loc95,t4
 call qemu_log_instr_commit,$0x2,$0,env

 ---- 9000000000102fcc 0000000000000000 0000000000000000
 add_i64 statcounters_icount_kernel,statcounters_icount_kernel,$0x1
 mov_i64 loc96,$0x9000000000102fcc
 call mips_log_instr32,$0x2,$0,env,loc96,$0xe9816002
 mov_i64 loc99,t4
 call cap_store_check,$0x0,$1,loc98,env,$0x1,loc99,$0x4
 mov_i64 loc99,t4
 qemu_st_i64 loc99,loc98,beul,0
 call qemu_log_instr_store64,$0x2,$0,env,loc98,loc99,$0x120
 call cheri_invalidate_tags,$0x0,$0,env,loc98,$0x120
 mov_i64 lladdr,$0x0
 call qemu_log_instr_commit,$0x2,$0,env

 ---- 9000000000102fd0 0000000000000000 0000000000000000
 add_i64 statcounters_icount_kernel,statcounters_icount_kernel,$0x1
 mov_i64 loc100,$0x9000000000102fd0
 call mips_log_instr32,$0x2,$0,env,loc100,$0x658c0010
 add_i64 t4,t4,$0x10
 mov_i32 loc102,$0xc
 call mips_log_instr_gpr,$0x2,$0,env,loc102,t4
 call qemu_log_instr_commit,$0x2,$0,env

 ---- 9000000000102fd4 0000000000000000 0000000000000000
 add_i64 statcounters_icount_kernel,statcounters_icount_kernel,$0x1
 mov_i64 loc103,$0x9000000000102fd4
 call mips_log_instr32,$0x2,$0,env,loc103,$0xf8216000
 mov_i32 loc105,$0x1
 mov_i64 loc106,t4
 mov_i32 loc107,$0x1
 ld_i64 loc108,env,$0x320
 add_i64 loc108,loc108,loc106
 call store_cap_via_cap,$0x0,$0,env,loc105,loc108,loc107
 mov_i64 lladdr,$0x1
 call qemu_log_instr_commit,$0x2,$0,env

 ---- 9000000000102fd8 0000000000000000 0000000000000000
 add_i64 statcounters_icount_kernel,statcounters_icount_kernel,$0x1
 mov_i64 loc109,$0x9000000000102fd8
 call mips_log_instr32,$0x2,$0,env,loc109,$0x658c0010
 add_i64 t4,t4,$0x10
 mov_i32 loc111,$0xc
 call mips_log_instr_gpr,$0x2,$0,env,loc111,t4
 call qemu_log_instr_commit,$0x2,$0,env

 ---- 9000000000102fdc 0000000000000000 0000000000000000
 add_i64 statcounters_icount_kernel,statcounters_icount_kernel,$0x1
 mov_i64 loc112,$0x9000000000102fdc
 call mips_log_instr32,$0x2,$0,env,loc112,$0xf8216000
 mov_i32 loc114,$0x1
 mov_i64 loc115,t4
 mov_i32 loc116,$0x1
 ld_i64 loc117,env,$0x320
 add_i64 loc117,loc117,loc115
 call store_cap_via_cap,$0x0,$0,env,loc114,loc117,loc116
 mov_i64 lladdr,$0x1
 call qemu_log_instr_commit,$0x2,$0,env

 ---- 9000000000102fe0 0000000000000000 0000000000000000
 add_i64 statcounters_icount_kernel,statcounters_icount_kernel,$0x1
 mov_i64 loc118,$0x9000000000102fe0
 call mips_log_instr32,$0x2,$0,env,loc118,$0x658c0010
 add_i64 t4,t4,$0x10
 mov_i32 loc120,$0xc
 call mips_log_instr_gpr,$0x2,$0,env,loc120,t4
 call qemu_log_instr_commit,$0x2,$0,env

 ---- 9000000000102fe4 0000000000000000 0000000000000000
 add_i64 statcounters_icount_kernel,statcounters_icount_kernel,$0x1
 mov_i64 loc121,$0x9000000000102fe4
 call mips_log_instr32,$0x2,$0,env,loc121,$0xf8216000
 mov_i32 loc123,$0x1
 mov_i64 loc124,t4
 mov_i32 loc125,$0x1
 ld_i64 loc126,env,$0x320
 add_i64 loc126,loc126,loc124
 call store_cap_via_cap,$0x0,$0,env,loc123,loc126,loc125
 mov_i64 lladdr,$0x1
 call qemu_log_instr_commit,$0x2,$0,env

 ---- 9000000000102fe8 0000000000000000 0000000000000000
 add_i64 statcounters_icount_kernel,statcounters_icount_kernel,$0x1
 mov_i64 loc127,$0x9000000000102fe8
 call mips_log_instr32,$0x2,$0,env,loc127,$0x658c0010
 add_i64 t4,t4,$0x10
 mov_i32 loc129,$0xc
 call mips_log_instr_gpr,$0x2,$0,env,loc129,t4
 call qemu_log_instr_commit,$0x2,$0,env

 ---- 9000000000102fec 0000000000000000 0000000000000000
 add_i64 statcounters_icount_kernel,statcounters_icount_kernel,$0x1
 mov_i64 loc130,$0x9000000000102fec
 call mips_log_instr32,$0x2,$0,env,loc130,$0xf8216000
 mov_i32 loc132,$0x1
 mov_i64 loc133,t4
 mov_i32 loc134,$0x1
 ld_i64 loc135,env,$0x320
 add_i64 loc135,loc135,loc133
 call store_cap_via_cap,$0x0,$0,env,loc132,loc135,loc134
 mov_i64 lladdr,$0x1
 call qemu_log_instr_commit,$0x2,$0,env

 ---- 9000000000102ff0 0000000000000000 0000000000000000
 add_i64 statcounters_icount_kernel,statcounters_icount_kernel,$0x1
 mov_i64 loc136,$0x9000000000102ff0
 call mips_log_instr32,$0x2,$0,env,loc136,$0x658c0010
 add_i64 t4,t4,$0x10
 mov_i32 loc138,$0xc
 call mips_log_instr_gpr,$0x2,$0,env,loc138,t4
 call qemu_log_instr_commit,$0x2,$0,env

 ---- 9000000000102ff4 0000000000000000 0000000000000000
 add_i64 statcounters_icount_kernel,statcounters_icount_kernel,$0x1
 mov_i64 loc139,$0x9000000000102ff4
 call mips_log_instr32,$0x2,$0,env,loc139,$0xe9816002
 mov_i64 loc142,t4
 call cap_store_check,$0x0,$1,loc141,env,$0x1,loc142,$0x4
 mov_i64 loc142,t4
 qemu_st_i64 loc142,loc141,beul,0
 call qemu_log_instr_store64,$0x2,$0,env,loc141,loc142,$0x120
 call cheri_invalidate_tags,$0x0,$0,env,loc141,$0x120
 mov_i64 lladdr,$0x0
 call qemu_log_instr_commit,$0x2,$0,env

 ---- 9000000000102ff8 0000000000000000 0000000000000000
 add_i64 statcounters_icount_kernel,statcounters_icount_kernel,$0x1
 mov_i64 loc143,$0x9000000000102ff8
 call mips_log_instr32,$0x2,$0,env,loc143,$0x658c0010
 add_i64 t4,t4,$0x10
 mov_i32 loc145,$0xc
 call mips_log_instr_gpr,$0x2,$0,env,loc145,t4
 call qemu_log_instr_commit,$0x2,$0,env

 ---- 9000000000102ffc 0000000000000000 0000000000000000
 add_i64 statcounters_icount_kernel,statcounters_icount_kernel,$0x1
 mov_i64 loc146,$0x9000000000102ffc
 call mips_log_instr32,$0x2,$0,env,loc146,$0xe9816002
 mov_i64 loc149,t4
 call cap_store_check,$0x0,$1,loc148,env,$0x1,loc149,$0x4
 mov_i64 loc149,t4
 qemu_st_i64 loc149,loc148,beul,0
 call qemu_log_instr_store64,$0x2,$0,env,loc148,loc149,$0x120
 call cheri_invalidate_tags,$0x0,$0,env,loc148,$0x120
 mov_i64 lladdr,$0x0
 mov_i64 PC,$0x9000000000103000
 call lookup_tb_ptr,$0x6,$1,tmp7,env
 goto_ptr tmp7
 set_label $L0
 exit_tb $0x7f07d40055c3

OP after optimization and liveness analysis:
 ld_i32 tmp0,env,$0xffffffffffffffe0      pref=0xffff
 brcond_i32 tmp0,$0x0,lt,$L0              dead: 0 1
 call qemu_log_printf_dump,$0x2,$0,env  
 call qemu_log_instr_commit,$0x2,$0,env 

 ---- 9000000000102f80 0000000000000000 0000000000000000
 add_i64 statcounters_icount_kernel,statcounters_icount_kernel,$0x1  sync: 0  dead: 0 1  pref=0xffff
 call mips_log_instr32,$0x2,$0,env,$0x9000000000102f80,$0x480517bf  dead: 1 2
 mb $0x33                               
 call cap_load_check,$0x0,$1,tmp7,env,$0x2,$0x0,$0x8  dead: 1 4  pref=none
 call cloadtags,$0x0,$1,tmp8,env,$0x2     dead: 1 2  pref=none
 call qemu_log_instr_load64,$0x2,$0,env,tmp7,tmp8,$0x13  dead: 1 3
 mov_i64 a1,tmp8                          sync: 0  dead: 1  pref=0x4
 call mips_log_instr_gpr,$0x2,$0,env,$0x5,a1  dead: 1 2
 call qemu_log_instr_commit,$0x2,$0,env 

 ---- 9000000000102f84 0000000000000000 0000000000000000
 add_i64 statcounters_icount_kernel,statcounters_icount_kernel,$0x1  sync: 0  dead: 1  pref=0xf038
 call mips_log_instr32,$0x2,$0,env,$0x9000000000102f84,$0x3c0c9000  dead: 1 2
 mov_i64 t4,$0xffffffff90000000           sync: 0  dead: 0  pref=0xffff
 call mips_log_instr_gpr,$0x2,$0,env,$0xc,$0xffffffff90000000
 call qemu_log_instr_commit,$0x2,$0,env 

 ---- 9000000000102f88 0000000000000000 0000000000000000
 add_i64 statcounters_icount_kernel,statcounters_icount_kernel,$0x1  sync: 0  dead: 1  pref=0xf038
 call mips_log_instr32,$0x2,$0,env,$0x9000000000102f88,$0x658c0000  dead: 1 2
 call mips_log_instr_gpr,$0x2,$0,env,$0xc,$0xffffffff90000000  dead: 2
 call qemu_log_instr_commit,$0x2,$0,env 

 ---- 9000000000102f8c 0000000000000000 0000000000000000
 add_i64 statcounters_icount_kernel,statcounters_icount_kernel,$0x1  sync: 0  dead: 1  pref=0xf038
 call mips_log_instr32,$0x2,$0,env,$0x9000000000102f8c,$0xc6438  dead: 1
 mov_i64 t4,$0xffff900000000000           sync: 0  dead: 0  pref=0xffff
 call mips_log_instr_gpr,$0x2,$0,env,$0xc,$0xffff900000000000  dead: 2
 call qemu_log_instr_commit,$0x2,$0,env 

 ---- 9000000000102f90 0000000000000000 0000000000000000
 add_i64 statcounters_icount_kernel,statcounters_icount_kernel,$0x1  sync: 0  dead: 1  pref=0xf038
 call mips_log_instr32,$0x2,$0,env,$0x9000000000102f90,$0x658c0010  dead: 1
 mov_i64 t4,$0xffff900000000010           sync: 0  dead: 0  pref=0xffff
 call mips_log_instr_gpr,$0x2,$0,env,$0xc,$0xffff900000000010  dead: 2
 call qemu_log_instr_commit,$0x2,$0,env 

 ---- 9000000000102f94 0000000000000000 0000000000000000
 add_i64 statcounters_icount_kernel,statcounters_icount_kernel,$0x1  sync: 0  dead: 1  pref=0xf038
 call mips_log_instr32,$0x2,$0,env,$0x9000000000102f94,$0xc6438  dead: 1 2
 mov_i64 t4,$0x9000000000100000           sync: 0  dead: 0  pref=0xffff
 call mips_log_instr_gpr,$0x2,$0,env,$0xc,$0x9000000000100000  dead: 2
 call qemu_log_instr_commit,$0x2,$0,env 

 ---- 9000000000102f98 0000000000000000 0000000000000000
 add_i64 statcounters_icount_kernel,statcounters_icount_kernel,$0x1  sync: 0  dead: 1  pref=0xf038
 call mips_log_instr32,$0x2,$0,env,$0x9000000000102f98,$0x658c5000  dead: 1 2
 mov_i64 t4,$0x9000000000105000           sync: 0  dead: 0  pref=0xffff
 call mips_log_instr_gpr,$0x2,$0,env,$0xc,$0x9000000000105000
 call qemu_log_instr_commit,$0x2,$0,env 

 ---- 9000000000102f9c 0000000000000000 0000000000000000
 add_i64 statcounters_icount_kernel,statcounters_icount_kernel,$0x1  sync: 0  dead: 0 1  pref=0xffff
 call mips_log_instr32,$0x2,$0,env,$0x9000000000102f9c,$0xf8216000  dead: 1
 ld_i64 tmp50,env,$0x320                  pref=0xffff
 add_i64 tmp50,tmp50,$0x9000000000105000  dead: 1 2  pref=0x4
 call store_cap_via_cap,$0x0,$0,env,$0x1,tmp50,$0x1  dead: 0 2
 mov_i64 lladdr,$0x1                      sync: 0  dead: 0  pref=0xffff
 call qemu_log_instr_commit,$0x2,$0,env 

 ---- 9000000000102fa0 0000000000000000 0000000000000000
 add_i64 statcounters_icount_kernel,statcounters_icount_kernel,$0x1  sync: 0  dead: 1  pref=0xf038
 call mips_log_instr32,$0x2,$0,env,$0x9000000000102fa0,$0x658c0010  dead: 1
 add_i64 t4,t4,$0x10                      sync: 0  dead: 1  pref=0xf03c
 call mips_log_instr_gpr,$0x2,$0,env,$0xc,t4
 call qemu_log_instr_commit,$0x2,$0,env 

 ---- 9000000000102fa4 0000000000000000 0000000000000000
 add_i64 statcounters_icount_kernel,statcounters_icount_kernel,$0x1  sync: 0  dead: 0 1  pref=0xffff
 call mips_log_instr32,$0x2,$0,env,$0x9000000000102fa4,$0xe9816002  dead: 1
 call cap_store_check,$0x0,$1,tmp57,env,$0x1,t4,$0x4  dead: 1 3  pref=none
 qemu_st_i64 t4,tmp57,beul,0            
 call qemu_log_instr_store64,$0x2,$0,env,tmp57,t4,$0x120  dead: 2
 call cheri_invalidate_tags,$0x0,$0,env,tmp57,$0x120  dead: 0 1
 mov_i64 lladdr,$0x0                      sync: 0  dead: 0  pref=0xffff
 call qemu_log_instr_commit,$0x2,$0,env 

 ---- 9000000000102fa8 0000000000000000 0000000000000000
 add_i64 statcounters_icount_kernel,statcounters_icount_kernel,$0x1  sync: 0  dead: 1  pref=0xf038
 call mips_log_instr32,$0x2,$0,env,$0x9000000000102fa8,$0x658c0010  dead: 1
 add_i64 t4,t4,$0x10                      sync: 0  dead: 1  pref=0xf03c
 call mips_log_instr_gpr,$0x2,$0,env,$0xc,t4
 call qemu_log_instr_commit,$0x2,$0,env 

 ---- 9000000000102fac 0000000000000000 0000000000000000
 add_i64 statcounters_icount_kernel,statcounters_icount_kernel,$0x1  sync: 0  dead: 0 1  pref=0xffff
 call mips_log_instr32,$0x2,$0,env,$0x9000000000102fac,$0xf8216000  dead: 1
 ld_i64 tmp69,env,$0x320                  pref=0xffff
 add_i64 tmp69,tmp69,t4                   dead: 1 2  pref=0x4
 call store_cap_via_cap,$0x0,$0,env,$0x1,tmp69,$0x1  dead: 0 2
 mov_i64 lladdr,$0x1                      sync: 0  dead: 0  pref=0xffff
 call qemu_log_instr_commit,$0x2,$0,env 

 ---- 9000000000102fb0 0000000000000000 0000000000000000
 add_i64 statcounters_icount_kernel,statcounters_icount_kernel,$0x1  sync: 0  dead: 1  pref=0xf038
 call mips_log_instr32,$0x2,$0,env,$0x9000000000102fb0,$0x658c0010  dead: 1
 add_i64 t4,t4,$0x10                      sync: 0  dead: 1  pref=0xf03c
 call mips_log_instr_gpr,$0x2,$0,env,$0xc,t4
 call qemu_log_instr_commit,$0x2,$0,env 

 ---- 9000000000102fb4 0000000000000000 0000000000000000
 add_i64 statcounters_icount_kernel,statcounters_icount_kernel,$0x1  sync: 0  dead: 0 1  pref=0xffff
 call mips_log_instr32,$0x2,$0,env,$0x9000000000102fb4,$0xe9816002  dead: 1
 call cap_store_check,$0x0,$1,tmp75,env,$0x1,t4,$0x4  dead: 1 3  pref=none
 qemu_st_i64 t4,tmp75,beul,0            
 call qemu_log_instr_store64,$0x2,$0,env,tmp75,t4,$0x120  dead: 2
 call cheri_invalidate_tags,$0x0,$0,env,tmp75,$0x120  dead: 0 1
 mov_i64 lladdr,$0x0                      sync: 0  dead: 0  pref=0xffff
 call qemu_log_instr_commit,$0x2,$0,env 

 ---- 9000000000102fb8 0000000000000000 0000000000000000
 add_i64 statcounters_icount_kernel,statcounters_icount_kernel,$0x1  sync: 0  dead: 1  pref=0xf038
 call mips_log_instr32,$0x2,$0,env,$0x9000000000102fb8,$0x658c0010  dead: 1
 add_i64 t4,t4,$0x10                      sync: 0  dead: 1  pref=0xf03c
 call mips_log_instr_gpr,$0x2,$0,env,$0xc,t4
 call qemu_log_instr_commit,$0x2,$0,env 

 ---- 9000000000102fbc 0000000000000000 0000000000000000
 add_i64 statcounters_icount_kernel,statcounters_icount_kernel,$0x1  sync: 0  dead: 0 1  pref=0xffff
 call mips_log_instr32,$0x2,$0,env,$0x9000000000102fbc,$0xe9816002  dead: 1
 call cap_store_check,$0x0,$1,tmp82,env,$0x1,t4,$0x4  dead: 1 3  pref=none
 qemu_st_i64 t4,tmp82,beul,0            
 call qemu_log_instr_store64,$0x2,$0,env,tmp82,t4,$0x120  dead: 2
 call cheri_invalidate_tags,$0x0,$0,env,tmp82,$0x120  dead: 0 1
 mov_i64 lladdr,$0x0                      sync: 0  dead: 0  pref=0xffff
 call qemu_log_instr_commit,$0x2,$0,env 

 ---- 9000000000102fc0 0000000000000000 0000000000000000
 add_i64 statcounters_icount_kernel,statcounters_icount_kernel,$0x1  sync: 0  dead: 1  pref=0xf038
 call mips_log_instr32,$0x2,$0,env,$0x9000000000102fc0,$0x658c0010  dead: 1
 add_i64 t4,t4,$0x10                      sync: 0  dead: 1  pref=0xf03c
 call mips_log_instr_gpr,$0x2,$0,env,$0xc,t4
 call qemu_log_instr_commit,$0x2,$0,env 

 ---- 9000000000102fc4 0000000000000000 0000000000000000
 add_i64 statcounters_icount_kernel,statcounters_icount_kernel,$0x1  sync: 0  dead: 0 1  pref=0xffff
 call mips_log_instr32,$0x2,$0,env,$0x9000000000102fc4,$0xf8216000  dead: 1
 ld_i64 tmp92,env,$0x320                  pref=0xffff
 add_i64 tmp92,tmp92,t4                   dead: 1 2  pref=0x4
 call store_cap_via_cap,$0x0,$0,env,$0x1,tmp92,$0x1  dead: 0 2
 mov_i64 lladdr,$0x1                      sync: 0  dead: 0  pref=0xffff
 call qemu_log_instr_commit,$0x2,$0,env 

 ---- 9000000000102fc8 0000000000000000 0000000000000000
 add_i64 statcounters_icount_kernel,statcounters_icount_kernel,$0x1  sync: 0  dead: 1  pref=0xf038
 call mips_log_instr32,$0x2,$0,env,$0x9000000000102fc8,$0x658c0010  dead: 1
 add_i64 t4,t4,$0x10                      sync: 0  dead: 1  pref=0xf03c
 call mips_log_instr_gpr,$0x2,$0,env,$0xc,t4
 call qemu_log_instr_commit,$0x2,$0,env 

 ---- 9000000000102fcc 0000000000000000 0000000000000000
 add_i64 statcounters_icount_kernel,statcounters_icount_kernel,$0x1  sync: 0  dead: 0 1  pref=0xffff
 call mips_log_instr32,$0x2,$0,env,$0x9000000000102fcc,$0xe9816002  dead: 1
 call cap_store_check,$0x0,$1,tmp98,env,$0x1,t4,$0x4  dead: 1 3  pref=none
 qemu_st_i64 t4,tmp98,beul,0            
 call qemu_log_instr_store64,$0x2,$0,env,tmp98,t4,$0x120  dead: 2
 call cheri_invalidate_tags,$0x0,$0,env,tmp98,$0x120  dead: 0 1
 mov_i64 lladdr,$0x0                      sync: 0  dead: 0  pref=0xffff
 call qemu_log_instr_commit,$0x2,$0,env 

 ---- 9000000000102fd0 0000000000000000 0000000000000000
 add_i64 statcounters_icount_kernel,statcounters_icount_kernel,$0x1  sync: 0  dead: 1  pref=0xf038
 call mips_log_instr32,$0x2,$0,env,$0x9000000000102fd0,$0x658c0010  dead: 1
 add_i64 t4,t4,$0x10                      sync: 0  dead: 1  pref=0xf03c
 call mips_log_instr_gpr,$0x2,$0,env,$0xc,t4
 call qemu_log_instr_commit,$0x2,$0,env 

 ---- 9000000000102fd4 0000000000000000 0000000000000000
 add_i64 statcounters_icount_kernel,statcounters_icount_kernel,$0x1  sync: 0  dead: 0 1  pref=0xffff
 call mips_log_instr32,$0x2,$0,env,$0x9000000000102fd4,$0xf8216000  dead: 1
 ld_i64 tmp108,env,$0x320                 pref=0xffff
 add_i64 tmp108,tmp108,t4                 dead: 1 2  pref=0x4
 call store_cap_via_cap,$0x0,$0,env,$0x1,tmp108,$0x1  dead: 0 2
 mov_i64 lladdr,$0x1                      sync: 0  dead: 0  pref=0xffff
 call qemu_log_instr_commit,$0x2,$0,env 

 ---- 9000000000102fd8 0000000000000000 0000000000000000
 add_i64 statcounters_icount_kernel,statcounters_icount_kernel,$0x1  sync: 0  dead: 1  pref=0xf038
 call mips_log_instr32,$0x2,$0,env,$0x9000000000102fd8,$0x658c0010  dead: 1
 add_i64 t4,t4,$0x10                      sync: 0  dead: 1  pref=0xf03c
 call mips_log_instr_gpr,$0x2,$0,env,$0xc,t4
 call qemu_log_instr_commit,$0x2,$0,env 

 ---- 9000000000102fdc 0000000000000000 0000000000000000
 add_i64 statcounters_icount_kernel,statcounters_icount_kernel,$0x1  sync: 0  dead: 0 1  pref=0xffff
 call mips_log_instr32,$0x2,$0,env,$0x9000000000102fdc,$0xf8216000  dead: 1
 ld_i64 tmp117,env,$0x320                 pref=0xffff
 add_i64 tmp117,tmp117,t4                 dead: 1 2  pref=0x4
 call store_cap_via_cap,$0x0,$0,env,$0x1,tmp117,$0x1  dead: 0 2
 mov_i64 lladdr,$0x1                      sync: 0  dead: 0  pref=0xffff
 call qemu_log_instr_commit,$0x2,$0,env 

 ---- 9000000000102fe0 0000000000000000 0000000000000000
 add_i64 statcounters_icount_kernel,statcounters_icount_kernel,$0x1  sync: 0  dead: 1  pref=0xf038
 call mips_log_instr32,$0x2,$0,env,$0x9000000000102fe0,$0x658c0010  dead: 1
 add_i64 t4,t4,$0x10                      sync: 0  dead: 1  pref=0xf03c
 call mips_log_instr_gpr,$0x2,$0,env,$0xc,t4
 call qemu_log_instr_commit,$0x2,$0,env 

 ---- 9000000000102fe4 0000000000000000 0000000000000000
 add_i64 statcounters_icount_kernel,statcounters_icount_kernel,$0x1  sync: 0  dead: 0 1  pref=0xffff
 call mips_log_instr32,$0x2,$0,env,$0x9000000000102fe4,$0xf8216000  dead: 1
 ld_i64 tmp126,env,$0x320                 pref=0xffff
 add_i64 tmp126,tmp126,t4                 dead: 1 2  pref=0x4
 call store_cap_via_cap,$0x0,$0,env,$0x1,tmp126,$0x1  dead: 0 2
 mov_i64 lladdr,$0x1                      sync: 0  dead: 0  pref=0xffff
 call qemu_log_instr_commit,$0x2,$0,env 

 ---- 9000000000102fe8 0000000000000000 0000000000000000
 add_i64 statcounters_icount_kernel,statcounters_icount_kernel,$0x1  sync: 0  dead: 1  pref=0xf038
 call mips_log_instr32,$0x2,$0,env,$0x9000000000102fe8,$0x658c0010  dead: 1
 add_i64 t4,t4,$0x10                      sync: 0  dead: 1  pref=0xf03c
 call mips_log_instr_gpr,$0x2,$0,env,$0xc,t4
 call qemu_log_instr_commit,$0x2,$0,env 

 ---- 9000000000102fec 0000000000000000 0000000000000000
 add_i64 statcounters_icount_kernel,statcounters_icount_kernel,$0x1  sync: 0  dead: 0 1  pref=0xffff
 call mips_log_instr32,$0x2,$0,env,$0x9000000000102fec,$0xf8216000  dead: 1 2
 ld_i64 tmp135,env,$0x320                 pref=0xffff
 add_i64 tmp135,tmp135,t4                 dead: 1 2  pref=0x4
 call store_cap_via_cap,$0x0,$0,env,$0x1,tmp135,$0x1  dead: 0 2
 mov_i64 lladdr,$0x1                      sync: 0  dead: 0  pref=0xffff
 call qemu_log_instr_commit,$0x2,$0,env 

 ---- 9000000000102ff0 0000000000000000 0000000000000000
 add_i64 statcounters_icount_kernel,statcounters_icount_kernel,$0x1  sync: 0  dead: 1  pref=0xf038
 call mips_log_instr32,$0x2,$0,env,$0x9000000000102ff0,$0x658c0010  dead: 1
 add_i64 t4,t4,$0x10                      sync: 0  dead: 1  pref=0xf03c
 call mips_log_instr_gpr,$0x2,$0,env,$0xc,t4
 call qemu_log_instr_commit,$0x2,$0,env 

 ---- 9000000000102ff4 0000000000000000 0000000000000000
 add_i64 statcounters_icount_kernel,statcounters_icount_kernel,$0x1  sync: 0  dead: 0 1  pref=0xffff
 call mips_log_instr32,$0x2,$0,env,$0x9000000000102ff4,$0xe9816002  dead: 1
 call cap_store_check,$0x0,$1,tmp141,env,$0x1,t4,$0x4  dead: 1 3  pref=none
 qemu_st_i64 t4,tmp141,beul,0           
 call qemu_log_instr_store64,$0x2,$0,env,tmp141,t4,$0x120  dead: 2
 call cheri_invalidate_tags,$0x0,$0,env,tmp141,$0x120  dead: 0 1
 mov_i64 lladdr,$0x0                      sync: 0  dead: 0  pref=0xffff
 call qemu_log_instr_commit,$0x2,$0,env 

 ---- 9000000000102ff8 0000000000000000 0000000000000000
 add_i64 statcounters_icount_kernel,statcounters_icount_kernel,$0x1  sync: 0  dead: 1  pref=0xf038
 call mips_log_instr32,$0x2,$0,env,$0x9000000000102ff8,$0x658c0010  dead: 1 2
 add_i64 t4,t4,$0x10                      sync: 0  dead: 1 2  pref=0xf03c
 call mips_log_instr_gpr,$0x2,$0,env,$0xc,t4  dead: 1
 call qemu_log_instr_commit,$0x2,$0,env 

 ---- 9000000000102ffc 0000000000000000 0000000000000000
 add_i64 statcounters_icount_kernel,statcounters_icount_kernel,$0x1  sync: 0  dead: 0 1 2  pref=0xffff
 call mips_log_instr32,$0x2,$0,env,$0x9000000000102ffc,$0xe9816002  dead: 1 2
 call cap_store_check,$0x0,$1,tmp148,env,$0x1,t4,$0x4  dead: 1 2 3 4  pref=none
 qemu_st_i64 t4,tmp148,beul,0           
 call qemu_log_instr_store64,$0x2,$0,env,tmp148,t4,$0x120  dead: 2
 call cheri_invalidate_tags,$0x0,$0,env,tmp148,$0x120  dead: 0 1 2
 mov_i64 lladdr,$0x0                      sync: 0  dead: 0 1  pref=0xffff
 mov_i64 PC,$0x9000000000103000           sync: 0  dead: 0 1  pref=0xffff
 call lookup_tb_ptr,$0x6,$1,tmp7,env      dead: 1  pref=none
 goto_ptr tmp7                            dead: 0
 set_label $L0                          
 exit_tb $0x7f07d40055c3                

pc=0x9000000000102f80 HI=0x0101010101010101 LO=0x0101010101010101 ds 440000f8 9000000000102f14 0
GPR00: r0 0000000000000000 at 0101010101010101 v0 0000000000000000 v1 0303030303030303
GPR04: a0 0000000000000000 a1 0505050505050505 a2 0606060606060606 a3 0707070707070707
GPR08: t0 0808080808080808 t1 0909090909090909 t2 0a0a0a0a0a0a0a0a t3 0b0b0b0b0b0b0b0b
GPR12: t4 9000000000105410 t5 ffffffffffffffff t6 0e0e0e0e0e0e0e0e t7 0f0f0f0f0f0f0f0f
GPR16: s0 1010101010101010 s1 1111111111111111 s2 1212121212121212 s3 1313131313131313
GPR20: s4 1414141414141414 s5 1515151515151515 s6 1616161616161616 s7 1717171717171717
GPR24: t8 1818181818181818 t9 9000000000102f14 k0 0000000000000040 k1 0000000000000000
GPR28: gp 1c1c1c1c1c1c1c1c sp 9000000000006fd0 s8 9000000000006fe0 ra 9000000000102428
CP0 Status  0x640080e1 Cause   0x00000000 EPC    0x0000000000000000
    Config0 0x8000c083 Config1 0xbe6130db LLAddr 0x0000000000000000
    Config2 0x80000000 Config3 0x0c002084
    Config4 0x00000000 Config5 0x00000000
[0:0] 0x9000000000102f7c:  daddi	t1,t1,-1
    Write t5 = ffffffffffffffff
[0:0] 0x9000000000102f80:  cloadtags	a1,c2
    Memory Read [9000000000105000] = 00ff
    Write a1 = 00000000000000ff
[0:0] 0x9000000000102f84:  lui	t0,0x9000
    Write t4 = ffffffff90000000
[0:0] 0x9000000000102f88:  daddiu	t0,t0,0
    Write t4 = ffffffff90000000
[0:0] 0x9000000000102f8c:  dsll	t0,t0,0x10
    Write t4 = ffff900000000000
[0:0] 0x9000000000102f90:  daddiu	t0,t0,16
    Write t4 = ffff900000000010
[0:0] 0x9000000000102f94:  dsll	t0,t0,0x10
    Write t4 = 9000000000100000
[0:0] 0x9000000000102f98:  daddiu	t0,t0,20480
    Write t4 = 9000000000105000
[0:0] 0x9000000000102f9c:  csc	c1,t0,0(c1)
    Cap Memory Write [9000000000105000] = v:1 PESBT:ffff000000000000 Cursor:0000000000000000
    Cap Tag Write [9000000000105000/105000] 1 -> 1
[0:0] 0x9000000000102fa0:  daddiu	t0,t0,16
    Write t4 = 9000000000105010
[0:0] 0x9000000000102fa4:  csw	t0,t0,0(c1)
    Memory Write [9000000000105010] = 00105010
    Cap Tag Write [9000000000105010/105010] 1 -> 0
[0:0] 0x9000000000102fa8:  daddiu	t0,t0,16
    Write t4 = 9000000000105020
[0:0] 0x9000000000102fac:  csc	c1,t0,0(c1)
    Cap Memory Write [9000000000105020] = v:1 PESBT:ffff000000000000 Cursor:0000000000000000
    Cap Tag Write [9000000000105020/105020] 1 -> 1
[0:0] 0x9000000000102fb0:  daddiu	t0,t0,16
    Write t4 = 9000000000105030
[0:0] 0x9000000000102fb4:  csw	t0,t0,0(c1)
    Memory Write [9000000000105030] = 00105030
    Cap Tag Write [9000000000105030/105030] 1 -> 0
[0:0] 0x9000000000102fb8:  daddiu	t0,t0,16
    Write t4 = 9000000000105040
[0:0] 0x9000000000102fbc:  csw	t0,t0,0(c1)
    Memory Write [9000000000105040] = 00105040
    Cap Tag Write [9000000000105040/105040] 1 -> 0
[0:0] 0x9000000000102fc0:  daddiu	t0,t0,16
    Write t4 = 9000000000105050
[0:0] 0x9000000000102fc4:  csc	c1,t0,0(c1)
    Cap Memory Write [9000000000105050] = v:1 PESBT:ffff000000000000 Cursor:0000000000000000
    Cap Tag Write [9000000000105050/105050] 1 -> 1
[0:0] 0x9000000000102fc8:  daddiu	t0,t0,16
    Write t4 = 9000000000105060
[0:0] 0x9000000000102fcc:  csw	t0,t0,0(c1)
    Memory Write [9000000000105060] = 00105060
    Cap Tag Write [9000000000105060/105060] 1 -> 0
[0:0] 0x9000000000102fd0:  daddiu	t0,t0,16
    Write t4 = 9000000000105070
[0:0] 0x9000000000102fd4:  csc	c1,t0,0(c1)
    Cap Memory Write [9000000000105070] = v:1 PESBT:ffff000000000000 Cursor:0000000000000000
    Cap Tag Write [9000000000105070/105070] 1 -> 1
[0:0] 0x9000000000102fd8:  daddiu	t0,t0,16
    Write t4 = 9000000000105080
[0:0] 0x9000000000102fdc:  csc	c1,t0,0(c1)
    Cap Memory Write [9000000000105080] = v:1 PESBT:ffff000000000000 Cursor:0000000000000000
    Cap Tag Write [9000000000105080/105080] 1 -> 1
[0:0] 0x9000000000102fe0:  daddiu	t0,t0,16
    Write t4 = 9000000000105090
[0:0] 0x9000000000102fe4:  csc	c1,t0,0(c1)
    Cap Memory Write [9000000000105090] = v:1 PESBT:ffff000000000000 Cursor:0000000000000000
    Cap Tag Write [9000000000105090/105090] 1 -> 1
[0:0] 0x9000000000102fe8:  daddiu	t0,t0,16
    Write t4 = 90000000001050a0
[0:0] 0x9000000000102fec:  csc	c1,t0,0(c1)
    Cap Memory Write [90000000001050a0] = v:1 PESBT:ffff000000000000 Cursor:0000000000000000
    Cap Tag Write [90000000001050a0/1050a0] 1 -> 1
[0:0] 0x9000000000102ff0:  daddiu	t0,t0,16
    Write t4 = 90000000001050b0
[0:0] 0x9000000000102ff4:  csw	t0,t0,0(c1)
    Memory Write [90000000001050b0] = 001050b0
    Cap Tag Write [90000000001050b0/1050b0] 1 -> 0
[0:0] 0x9000000000102ff8:  daddiu	t0,t0,16
    Write t4 = 90000000001050c0
OP:
 ld_i32 loc0,env,$0xffffffffffffffe0
 brcond_i32 loc0,$0x0,lt,$L0
 call qemu_log_printf_dump,$0x2,$0,env
 call qemu_log_instr_commit,$0x2,$0,env

 ---- 9000000000103000 0000000000000000 0000000000000000
 add_i64 statcounters_icount_kernel,statcounters_icount_kernel,$0x1
 mov_i64 loc3,$0x9000000000103000
 call mips_log_instr32,$0x2,$0,env,loc3,$0x658c0010
 add_i64 t4,t4,$0x10
 mov_i32 loc7,$0xc
 call mips_log_instr_gpr,$0x2,$0,env,loc7,t4
 call qemu_log_instr_commit,$0x2,$0,env

 ---- 9000000000103004 0000000000000000 0000000000000000
 add_i64 statcounters_icount_kernel,statcounters_icount_kernel,$0x1
 mov_i64 loc9,$0x9000000000103004
 call mips_log_instr32,$0x2,$0,env,loc9,$0xf8216000
 mov_i32 loc12,$0x1
 mov_i64 loc14,t4
 mov_i32 loc15,$0x1
 ld_i64 loc16,env,$0x320
 add_i64 loc16,loc16,loc14
 call store_cap_via_cap,$0x0,$0,env,loc12,loc16,loc15
 mov_i64 lladdr,$0x1
 call qemu_log_instr_commit,$0x2,$0,env

 ---- 9000000000103008 0000000000000000 0000000000000000
 add_i64 statcounters_icount_kernel,statcounters_icount_kernel,$0x1
 mov_i64 loc17,$0x9000000000103008
 call mips_log_instr32,$0x2,$0,env,loc17,$0x658c0010
 add_i64 t4,t4,$0x10
 mov_i32 loc19,$0xc
 call mips_log_instr_gpr,$0x2,$0,env,loc19,t4
 call qemu_log_instr_commit,$0x2,$0,env

 ---- 900000000010300c 0000000000000000 0000000000000000
 add_i64 statcounters_icount_kernel,statcounters_icount_kernel,$0x1
 mov_i64 loc20,$0x900000000010300c
 call mips_log_instr32,$0x2,$0,env,loc20,$0xf8216000
 mov_i32 loc22,$0x1
 mov_i64 loc23,t4
 mov_i32 loc24,$0x1
 ld_i64 loc25,env,$0x320
 add_i64 loc25,loc25,loc23
 call store_cap_via_cap,$0x0,$0,env,loc22,loc25,loc24
 mov_i64 lladdr,$0x1
 call qemu_log_instr_commit,$0x2,$0,env

 ---- 9000000000103010 0000000000000000 0000000000000000
 add_i64 statcounters_icount_kernel,statcounters_icount_kernel,$0x1
 mov_i64 loc26,$0x9000000000103010
 call mips_log_instr32,$0x2,$0,env,loc26,$0x658c0010
 add_i64 t4,t4,$0x10
 mov_i32 loc28,$0xc
 call mips_log_instr_gpr,$0x2,$0,env,loc28,t4
 call qemu_log_instr_commit,$0x2,$0,env

 ---- 9000000000103014 0000000000000000 0000000000000000
 add_i64 statcounters_icount_kernel,statcounters_icount_kernel,$0x1
 mov_i64 loc29,$0x9000000000103014
 call mips_log_instr32,$0x2,$0,env,loc29,$0xf8216000
 mov_i32 loc31,$0x1
 mov_i64 loc32,t4
 mov_i32 loc33,$0x1
 ld_i64 loc34,env,$0x320
 add_i64 loc34,loc34,loc32
 call store_cap_via_cap,$0x0,$0,env,loc31,loc34,loc33
 mov_i64 lladdr,$0x1
 call qemu_log_instr_commit,$0x2,$0,env

 ---- 9000000000103018 0000000000000000 0000000000000000
 add_i64 statcounters_icount_kernel,statcounters_icount_kernel,$0x1
 mov_i64 loc35,$0x9000000000103018
 call mips_log_instr32,$0x2,$0,env,loc35,$0x480617bf
 mb $0x33
 call cap_load_check,$0x0,$1,tmp39,env,$0x2,$0x0,$0x8
 call cloadtags,$0x0,$1,loc40,env,$0x2
 call qemu_log_instr_load64,$0x2,$0,env,tmp39,loc40,$0x13
 mov_i64 a2,loc40
 mov_i32 loc44,$0x6
 call mips_log_instr_gpr,$0x2,$0,env,loc44,a2
 call qemu_log_instr_commit,$0x2,$0,env

 ---- 900000000010301c 0000000000000000 0000000000000000
 add_i64 statcounters_icount_kernel,statcounters_icount_kernel,$0x1
 mov_i64 loc46,$0x900000000010301c
 call mips_log_instr32,$0x2,$0,env,loc46,$0x240d0000
 mov_i64 t5,$0x0
 mov_i32 loc49,$0xd
 call mips_log_instr_gpr,$0x2,$0,env,loc49,t5
 call qemu_log_instr_commit,$0x2,$0,env

 ---- 9000000000103020 0000000000000000 0000000000000000
 add_i64 statcounters_icount_kernel,statcounters_icount_kernel,$0x1
 mov_i64 loc51,$0x9000000000103020
 call mips_log_instr32,$0x2,$0,env,loc51,$0x64a70000
 mov_i64 a3,a1
 mov_i32 loc54,$0x7
 call mips_log_instr_gpr,$0x2,$0,env,loc54,a3
 call qemu_log_instr_commit,$0x2,$0,env

 ---- 9000000000103024 0000000000000000 0000000000000000
 add_i64 statcounters_icount_kernel,statcounters_icount_kernel,$0x1
 mov_i64 loc56,$0x9000000000103024
 call mips_log_instr32,$0x2,$0,env,loc56,$0x7387a
 mov_i64 loc59,a3
 shr_i64 a3,loc59,$0x1
 mov_i32 loc60,$0x7
 call mips_log_instr_gpr,$0x2,$0,env,loc60,a3
 call qemu_log_instr_commit,$0x2,$0,env

 ---- 9000000000103028 0000000000000000 0000000000000000
 add_i64 statcounters_icount_kernel,statcounters_icount_kernel,$0x1
 mov_i64 loc61,$0x9000000000103028
 call mips_log_instr32,$0x2,$0,env,loc61,$0x14e0fffe
 mov_i64 loc64,a3
 mov_i64 loc65,$0x0
 setcond_i64 bcond,loc64,loc65,ne
 call qemu_log_instr_commit,$0x2,$0,env

 ---- 900000000010302c 0000000000011000 9000000000103024
 add_i64 statcounters_icount_kernel,statcounters_icount_kernel,$0x1
 mov_i64 loc66,$0x900000000010302c
 call mips_log_instr32,$0x2,$0,env,loc66,$0x65ad0010
 add_i64 t5,t5,$0x10
 mov_i32 loc69,$0xd
 call mips_log_instr_gpr,$0x2,$0,env,loc69,t5
 brcond_i64 bcond,$0x0,ne,$L1
 goto_tb $0x1
 mov_i64 PC,$0x9000000000103030
 exit_tb $0x7f07d4006501
 set_label $L1
 goto_tb $0x0
 mov_i64 PC,$0x9000000000103024
 exit_tb $0x7f07d4006500
 set_label $L0
 exit_tb $0x7f07d4006503

OP after optimization and liveness analysis:
 ld_i32 tmp0,env,$0xffffffffffffffe0      pref=0xffff
 brcond_i32 tmp0,$0x0,lt,$L0              dead: 0 1
 call qemu_log_printf_dump,$0x2,$0,env  
 call qemu_log_instr_commit,$0x2,$0,env 

 ---- 9000000000103000 0000000000000000 0000000000000000
 add_i64 statcounters_icount_kernel,statcounters_icount_kernel,$0x1  sync: 0  dead: 1  pref=0xf038
 call mips_log_instr32,$0x2,$0,env,$0x9000000000103000,$0x658c0010  dead: 1
 add_i64 t4,t4,$0x10                      sync: 0  dead: 1  pref=0xf03c
 call mips_log_instr_gpr,$0x2,$0,env,$0xc,t4
 call qemu_log_instr_commit,$0x2,$0,env 

 ---- 9000000000103004 0000000000000000 0000000000000000
 add_i64 statcounters_icount_kernel,statcounters_icount_kernel,$0x1  sync: 0  dead: 0 1  pref=0xffff
 call mips_log_instr32,$0x2,$0,env,$0x9000000000103004,$0xf8216000  dead: 1
 ld_i64 tmp16,env,$0x320                  pref=0xffff
 add_i64 tmp16,tmp16,t4                   dead: 1 2  pref=0x4
 call store_cap_via_cap,$0x0,$0,env,$0x1,tmp16,$0x1  dead: 0 2
 mov_i64 lladdr,$0x1                      sync: 0  dead: 0  pref=0xffff
 call qemu_log_instr_commit,$0x2,$0,env 

 ---- 9000000000103008 0000000000000000 0000000000000000
 add_i64 statcounters_icount_kernel,statcounters_icount_kernel,$0x1  sync: 0  dead: 1  pref=0xf038
 call mips_log_instr32,$0x2,$0,env,$0x9000000000103008,$0x658c0010  dead: 1
 add_i64 t4,t4,$0x10                      sync: 0  dead: 1  pref=0xf03c
 call mips_log_instr_gpr,$0x2,$0,env,$0xc,t4
 call qemu_log_instr_commit,$0x2,$0,env 

 ---- 900000000010300c 0000000000000000 0000000000000000
 add_i64 statcounters_icount_kernel,statcounters_icount_kernel,$0x1  sync: 0  dead: 0 1  pref=0xffff
 call mips_log_instr32,$0x2,$0,env,$0x900000000010300c,$0xf8216000  dead: 1
 ld_i64 tmp25,env,$0x320                  pref=0xffff
 add_i64 tmp25,tmp25,t4                   dead: 1 2  pref=0x4
 call store_cap_via_cap,$0x0,$0,env,$0x1,tmp25,$0x1  dead: 0 2
 mov_i64 lladdr,$0x1                      sync: 0  dead: 0  pref=0xffff
 call qemu_log_instr_commit,$0x2,$0,env 

 ---- 9000000000103010 0000000000000000 0000000000000000
 add_i64 statcounters_icount_kernel,statcounters_icount_kernel,$0x1  sync: 0  dead: 1  pref=0xf038
 call mips_log_instr32,$0x2,$0,env,$0x9000000000103010,$0x658c0010  dead: 1 2
 add_i64 t4,t4,$0x10                      sync: 0  dead: 1  pref=0xf03c
 call mips_log_instr_gpr,$0x2,$0,env,$0xc,t4  dead: 1
 call qemu_log_instr_commit,$0x2,$0,env 

 ---- 9000000000103014 0000000000000000 0000000000000000
 add_i64 statcounters_icount_kernel,statcounters_icount_kernel,$0x1  sync: 0  dead: 0 1  pref=0xffff
 call mips_log_instr32,$0x2,$0,env,$0x9000000000103014,$0xf8216000  dead: 1 2
 ld_i64 tmp34,env,$0x320                  pref=0xffff
 add_i64 tmp34,tmp34,t4                   dead: 1 2  pref=0x4
 call store_cap_via_cap,$0x0,$0,env,$0x1,tmp34,$0x1  dead: 0 1 2 3
 mov_i64 lladdr,$0x1                      sync: 0  dead: 0  pref=0xffff
 call qemu_log_instr_commit,$0x2,$0,env 

 ---- 9000000000103018 0000000000000000 0000000000000000
 add_i64 statcounters_icount_kernel,statcounters_icount_kernel,$0x1  sync: 0  dead: 0 1  pref=0xffff
 call mips_log_instr32,$0x2,$0,env,$0x9000000000103018,$0x480617bf  dead: 1 2
 mb $0x33                               
 call cap_load_check,$0x0,$1,tmp39,env,$0x2,$0x0,$0x8  dead: 1 4  pref=none
 call cloadtags,$0x0,$1,tmp40,env,$0x2    dead: 1 2  pref=none
 call qemu_log_instr_load64,$0x2,$0,env,tmp39,tmp40,$0x13  dead: 1 3
 mov_i64 a2,tmp40                         sync: 0  dead: 1  pref=0x4
 call mips_log_instr_gpr,$0x2,$0,env,$0x6,a2  dead: 1 2
 call qemu_log_instr_commit,$0x2,$0,env 

 ---- 900000000010301c 0000000000000000 0000000000000000
 add_i64 statcounters_icount_kernel,statcounters_icount_kernel,$0x1  sync: 0  dead: 1  pref=0xf038
 call mips_log_instr32,$0x2,$0,env,$0x900000000010301c,$0x240d0000  dead: 1 2
 mov_i64 t5,$0x0                          sync: 0  dead: 0  pref=0xffff
 call mips_log_instr_gpr,$0x2,$0,env,$0xd,$0x0
 call qemu_log_instr_commit,$0x2,$0,env 

 ---- 9000000000103020 0000000000000000 0000000000000000
 add_i64 statcounters_icount_kernel,statcounters_icount_kernel,$0x1  sync: 0  dead: 1  pref=0xf038
 call mips_log_instr32,$0x2,$0,env,$0x9000000000103020,$0x64a70000  dead: 1 2
 mov_i64 a3,a1                            sync: 0  dead: 1  pref=0xf03c
 call mips_log_instr_gpr,$0x2,$0,env,$0x7,a3
 call qemu_log_instr_commit,$0x2,$0,env 

 ---- 9000000000103024 0000000000000000 0000000000000000
 add_i64 statcounters_icount_kernel,statcounters_icount_kernel,$0x1  sync: 0  dead: 1  pref=0xf038
 call mips_log_instr32,$0x2,$0,env,$0x9000000000103024,$0x7387a  dead: 1 2
 shr_i64 a3,a3,$0x1                       sync: 0  dead: 1  pref=0xf03c
 call mips_log_instr_gpr,$0x2,$0,env,$0x7,a3  dead: 1
 call qemu_log_instr_commit,$0x2,$0,env 

 ---- 9000000000103028 0000000000000000 0000000000000000
 add_i64 statcounters_icount_kernel,statcounters_icount_kernel,$0x1  sync: 0  dead: 1  pref=0xf038
 call mips_log_instr32,$0x2,$0,env,$0x9000000000103028,$0x14e0fffe  dead: 1 2
 setcond_i64 bcond,a3,$0x0,ne             sync: 0  dead: 1  pref=0xf038
 call qemu_log_instr_commit,$0x2,$0,env 

 ---- 900000000010302c 0000000000011000 9000000000103024
 add_i64 statcounters_icount_kernel,statcounters_icount_kernel,$0x1  sync: 0  dead: 0 1 2  pref=0xffff
 call mips_log_instr32,$0x2,$0,env,$0x900000000010302c,$0x65ad0010  dead: 1 2
 mov_i64 t5,$0x10                         sync: 0  dead: 0  pref=0xffff
 call mips_log_instr_gpr,$0x2,$0,env,$0xd,$0x10  dead: 0 1 2
 brcond_i64 bcond,$0x0,ne,$L1             dead: 0 1
 goto_tb $0x1                           
 mov_i64 PC,$0x9000000000103030           sync: 0  dead: 0 1  pref=0xffff
 exit_tb $0x7f07d4006501                
 set_label $L1                          
 goto_tb $0x0                           
 mov_i64 PC,$0x9000000000103024           sync: 0  dead: 0 1  pref=0xffff
 exit_tb $0x7f07d4006500                
 set_label $L0                          
 exit_tb $0x7f07d4006503                

pc=0x9000000000103000 HI=0x0101010101010101 LO=0x0101010101010101 ds 440000f8 9000000000102f14 0
GPR00: r0 0000000000000000 at 0101010101010101 v0 0000000000000000 v1 0303030303030303
GPR04: a0 0000000000000000 a1 00000000000000ff a2 0606060606060606 a3 0707070707070707
GPR08: t0 0808080808080808 t1 0909090909090909 t2 0a0a0a0a0a0a0a0a t3 0b0b0b0b0b0b0b0b
GPR12: t4 90000000001050c0 t5 ffffffffffffffff t6 0e0e0e0e0e0e0e0e t7 0f0f0f0f0f0f0f0f
GPR16: s0 1010101010101010 s1 1111111111111111 s2 1212121212121212 s3 1313131313131313
GPR20: s4 1414141414141414 s5 1515151515151515 s6 1616161616161616 s7 1717171717171717
GPR24: t8 1818181818181818 t9 9000000000102f14 k0 0000000000000040 k1 0000000000000000
GPR28: gp 1c1c1c1c1c1c1c1c sp 9000000000006fd0 s8 9000000000006fe0 ra 9000000000102428
CP0 Status  0x640080e1 Cause   0x00000000 EPC    0x0000000000000000
    Config0 0x8000c083 Config1 0xbe6130db LLAddr 0x0000000000000000
    Config2 0x80000000 Config3 0x0c002084
    Config4 0x00000000 Config5 0x00000000
[0:0] 0x9000000000102ffc:  csw	t0,t0,0(c1)
    Memory Write [90000000001050c0] = 001050c0
    Cap Tag Write [90000000001050c0/1050c0] 1 -> 0
[0:0] 0x9000000000103000:  daddiu	t0,t0,16
    Write t4 = 90000000001050d0
[0:0] 0x9000000000103004:  csc	c1,t0,0(c1)
    Cap Memory Write [90000000001050d0] = v:1 PESBT:ffff000000000000 Cursor:0000000000000000
    Cap Tag Write [90000000001050d0/1050d0] 1 -> 1
[0:0] 0x9000000000103008:  daddiu	t0,t0,16
    Write t4 = 90000000001050e0
[0:0] 0x900000000010300c:  csc	c1,t0,0(c1)
    Cap Memory Write [90000000001050e0] = v:1 PESBT:ffff000000000000 Cursor:0000000000000000
    Cap Tag Write [90000000001050e0/1050e0] 1 -> 1
[0:0] 0x9000000000103010:  daddiu	t0,t0,16
    Write t4 = 90000000001050f0
[0:0] 0x9000000000103014:  csc	c1,t0,0(c1)
    Cap Memory Write [90000000001050f0] = v:1 PESBT:ffff000000000000 Cursor:0000000000000000
    Cap Tag Write [90000000001050f0/1050f0] 1 -> 1
[0:0] 0x9000000000103018:  cloadtags	a2,c2
    Memory Read [9000000000105000] = 00a5
    Write a2 = 00000000000000a5
[0:0] 0x900000000010301c:  li	t1,0
    Write t5 = 0000000000000000
[0:0] 0x9000000000103020:  daddiu	a3,a1,0
    Write a3 = 00000000000000ff
[0:0] 0x9000000000103024:  dsrl	a3,a3,0x1
    Write a3 = 000000000000007f
[0:0] 0x9000000000103028:  bnez	a3,0x9000000000103024
OP:
 ld_i32 loc0,env,$0xffffffffffffffe0
 brcond_i32 loc0,$0x0,lt,$L0
 call qemu_log_printf_dump,$0x2,$0,env
 call qemu_log_instr_commit,$0x2,$0,env

 ---- 9000000000103024 0000000000000000 0000000000000000
 add_i64 statcounters_icount_kernel,statcounters_icount_kernel,$0x1
 mov_i64 loc3,$0x9000000000103024
 call mips_log_instr32,$0x2,$0,env,loc3,$0x7387a
 mov_i64 loc6,a3
 shr_i64 a3,loc6,$0x1
 mov_i32 loc7,$0x7
 call mips_log_instr_gpr,$0x2,$0,env,loc7,a3
 call qemu_log_instr_commit,$0x2,$0,env

 ---- 9000000000103028 0000000000000000 0000000000000000
 add_i64 statcounters_icount_kernel,statcounters_icount_kernel,$0x1
 mov_i64 loc9,$0x9000000000103028
 call mips_log_instr32,$0x2,$0,env,loc9,$0x14e0fffe
 mov_i64 loc12,a3
 mov_i64 loc13,$0x0
 setcond_i64 bcond,loc12,loc13,ne
 call qemu_log_instr_commit,$0x2,$0,env

 ---- 900000000010302c 0000000000011000 9000000000103024
 add_i64 statcounters_icount_kernel,statcounters_icount_kernel,$0x1
 mov_i64 loc15,$0x900000000010302c
 call mips_log_instr32,$0x2,$0,env,loc15,$0x65ad0010
 add_i64 t5,t5,$0x10
 mov_i32 loc19,$0xd
 call mips_log_instr_gpr,$0x2,$0,env,loc19,t5
 brcond_i64 bcond,$0x0,ne,$L1
 goto_tb $0x1
 mov_i64 PC,$0x9000000000103030
 exit_tb $0x7f07d4006ac1
 set_label $L1
 goto_tb $0x0
 mov_i64 PC,$0x9000000000103024
 exit_tb $0x7f07d4006ac0
 set_label $L0
 exit_tb $0x7f07d4006ac3

OP after optimization and liveness analysis:
 ld_i32 tmp0,env,$0xffffffffffffffe0      pref=0xffff
 brcond_i32 tmp0,$0x0,lt,$L0              dead: 0 1
 call qemu_log_printf_dump,$0x2,$0,env  
 call qemu_log_instr_commit,$0x2,$0,env 

 ---- 9000000000103024 0000000000000000 0000000000000000
 add_i64 statcounters_icount_kernel,statcounters_icount_kernel,$0x1  sync: 0  dead: 1  pref=0xf038
 call mips_log_instr32,$0x2,$0,env,$0x9000000000103024,$0x7387a  dead: 1 2
 shr_i64 a3,a3,$0x1                       sync: 0  dead: 1  pref=0xf03c
 call mips_log_instr_gpr,$0x2,$0,env,$0x7,a3  dead: 1
 call qemu_log_instr_commit,$0x2,$0,env 

 ---- 9000000000103028 0000000000000000 0000000000000000
 add_i64 statcounters_icount_kernel,statcounters_icount_kernel,$0x1  sync: 0  dead: 1  pref=0xf038
 call mips_log_instr32,$0x2,$0,env,$0x9000000000103028,$0x14e0fffe  dead: 1 2
 setcond_i64 bcond,a3,$0x0,ne             sync: 0  dead: 1  pref=0xf038
 call qemu_log_instr_commit,$0x2,$0,env 

 ---- 900000000010302c 0000000000011000 9000000000103024
 add_i64 statcounters_icount_kernel,statcounters_icount_kernel,$0x1  sync: 0  dead: 0 1 2  pref=0xffff
 call mips_log_instr32,$0x2,$0,env,$0x900000000010302c,$0x65ad0010  dead: 1 2
 add_i64 t5,t5,$0x10                      sync: 0  dead: 1 2  pref=0x4
 call mips_log_instr_gpr,$0x2,$0,env,$0xd,t5  dead: 0 1 2
 brcond_i64 bcond,$0x0,ne,$L1             dead: 0 1
 goto_tb $0x1                           
 mov_i64 PC,$0x9000000000103030           sync: 0  dead: 0 1  pref=0xffff
 exit_tb $0x7f07d4006ac1                
 set_label $L1                          
 goto_tb $0x0                           
 mov_i64 PC,$0x9000000000103024           sync: 0  dead: 0 1  pref=0xffff
 exit_tb $0x7f07d4006ac0                
 set_label $L0                          
 exit_tb $0x7f07d4006ac3                

pc=0x9000000000103024 HI=0x0101010101010101 LO=0x0101010101010101 ds 440000f8 9000000000102f14 1
GPR00: r0 0000000000000000 at 0101010101010101 v0 0000000000000000 v1 0303030303030303
GPR04: a0 0000000000000000 a1 00000000000000ff a2 00000000000000a5 a3 000000000000007f
GPR08: t0 0808080808080808 t1 0909090909090909 t2 0a0a0a0a0a0a0a0a t3 0b0b0b0b0b0b0b0b
GPR12: t4 90000000001050f0 t5 0000000000000010 t6 0e0e0e0e0e0e0e0e t7 0f0f0f0f0f0f0f0f
GPR16: s0 1010101010101010 s1 1111111111111111 s2 1212121212121212 s3 1313131313131313
GPR20: s4 1414141414141414 s5 1515151515151515 s6 1616161616161616 s7 1717171717171717
GPR24: t8 1818181818181818 t9 9000000000102f14 k0 0000000000000040 k1 0000000000000000
GPR28: gp 1c1c1c1c1c1c1c1c sp 9000000000006fd0 s8 9000000000006fe0 ra 9000000000102428
CP0 Status  0x640080e1 Cause   0x00000000 EPC    0x0000000000000000
    Config0 0x8000c083 Config1 0xbe6130db LLAddr 0x0000000000000000
    Config2 0x80000000 Config3 0x0c002084
    Config4 0x00000000 Config5 0x00000000
[0:0] 0x900000000010302c:  daddiu	t1,t1,16
    Write t5 = 0000000000000010
[0:0] 0x9000000000103024:  dsrl	a3,a3,0x1
    Write a3 = 000000000000003f
[0:0] 0x9000000000103028:  bnez	a3,0x9000000000103024
pc=0x9000000000103024 HI=0x0101010101010101 LO=0x0101010101010101 ds 440000f8 9000000000102f14 1
GPR00: r0 0000000000000000 at 0101010101010101 v0 0000000000000000 v1 0303030303030303
GPR04: a0 0000000000000000 a1 00000000000000ff a2 00000000000000a5 a3 000000000000003f
GPR08: t0 0808080808080808 t1 0909090909090909 t2 0a0a0a0a0a0a0a0a t3 0b0b0b0b0b0b0b0b
GPR12: t4 90000000001050f0 t5 0000000000000020 t6 0e0e0e0e0e0e0e0e t7 0f0f0f0f0f0f0f0f
GPR16: s0 1010101010101010 s1 1111111111111111 s2 1212121212121212 s3 1313131313131313
GPR20: s4 1414141414141414 s5 1515151515151515 s6 1616161616161616 s7 1717171717171717
GPR24: t8 1818181818181818 t9 9000000000102f14 k0 0000000000000040 k1 0000000000000000
GPR28: gp 1c1c1c1c1c1c1c1c sp 9000000000006fd0 s8 9000000000006fe0 ra 9000000000102428
CP0 Status  0x640080e1 Cause   0x00000000 EPC    0x0000000000000000
    Config0 0x8000c083 Config1 0xbe6130db LLAddr 0x0000000000000000
    Config2 0x80000000 Config3 0x0c002084
    Config4 0x00000000 Config5 0x00000000
[0:0] 0x900000000010302c:  daddiu	t1,t1,16
    Write t5 = 0000000000000020
[0:0] 0x9000000000103024:  dsrl	a3,a3,0x1
    Write a3 = 000000000000001f
[0:0] 0x9000000000103028:  bnez	a3,0x9000000000103024
[0:0] 0x900000000010302c:  daddiu	t1,t1,16
    Write t5 = 0000000000000030
[0:0] 0x9000000000103024:  dsrl	a3,a3,0x1
    Write a3 = 000000000000000f
[0:0] 0x9000000000103028:  bnez	a3,0x9000000000103024
[0:0] 0x900000000010302c:  daddiu	t1,t1,16
    Write t5 = 0000000000000040
[0:0] 0x9000000000103024:  dsrl	a3,a3,0x1
    Write a3 = 0000000000000007
[0:0] 0x9000000000103028:  bnez	a3,0x9000000000103024
[0:0] 0x900000000010302c:  daddiu	t1,t1,16
    Write t5 = 0000000000000050
[0:0] 0x9000000000103024:  dsrl	a3,a3,0x1
    Write a3 = 0000000000000003
[0:0] 0x9000000000103028:  bnez	a3,0x9000000000103024
[0:0] 0x900000000010302c:  daddiu	t1,t1,16
    Write t5 = 0000000000000060
[0:0] 0x9000000000103024:  dsrl	a3,a3,0x1
    Write a3 = 0000000000000001
[0:0] 0x9000000000103028:  bnez	a3,0x9000000000103024
[0:0] 0x900000000010302c:  daddiu	t1,t1,16
    Write t5 = 0000000000000070
[0:0] 0x9000000000103024:  dsrl	a3,a3,0x1
    Write a3 = 0000000000000000
[0:0] 0x9000000000103028:  bnez	a3,0x9000000000103024
OP:
 ld_i32 loc0,env,$0xffffffffffffffe0
 brcond_i32 loc0,$0x0,lt,$L0
 call qemu_log_printf_dump,$0x2,$0,env
 call qemu_log_instr_commit,$0x2,$0,env

 ---- 9000000000103030 0000000000000000 0000000000000000
 add_i64 statcounters_icount_kernel,statcounters_icount_kernel,$0x1
 mov_i64 loc3,$0x9000000000103030
 call mips_log_instr32,$0x2,$0,env,loc3,$0x48031348
 mov_i32 loc6,$0x2
 mov_i32 loc8,$0x3
 mov_i64 loc10,t5
 call csetbounds,$0x0,$0,env,loc8,loc6,loc10
 call qemu_log_instr_commit,$0x2,$0,env

 ---- 9000000000103034 0000000000000000 0000000000000000
 add_i64 statcounters_icount_kernel,statcounters_icount_kernel,$0x1
 mov_i64 loc11,$0x9000000000103034
 call mips_log_instr32,$0x2,$0,env,loc11,$0x48071fbf
 mb $0x33
 call cap_load_check,$0x0,$1,tmp14,env,$0x3,$0x0,$0x8
 call cloadtags,$0x0,$1,loc15,env,$0x3
 call qemu_log_instr_load64,$0x2,$0,env,tmp14,loc15,$0x13
 mov_i64 a3,loc15
 mov_i32 loc19,$0x7
 call mips_log_instr_gpr,$0x2,$0,env,loc19,a3
 call qemu_log_instr_commit,$0x2,$0,env

 ---- 9000000000103038 0000000000000000 0000000000000000
 add_i64 statcounters_icount_kernel,statcounters_icount_kernel,$0x1
 mov_i64 loc21,$0x9000000000103038
 call mips_log_instr32,$0x2,$0,env,loc21,$0xdfbf0008
 mov_i64 loc24,$0x8
 add_i64 loc24,sp,loc24
 mov_i64 tmp14,loc24
 qemu_ld_i64 loc24,tmp14,beq,0
 call qemu_log_instr_load64,$0x2,$0,env,tmp14,loc24,$0x130
 mov_i64 ra,loc24
 mov_i32 loc27,$0x1f
 call mips_log_instr_gpr,$0x2,$0,env,loc27,ra
 call qemu_log_instr_commit,$0x2,$0,env

 ---- 900000000010303c 0000000000000000 0000000000000000
 add_i64 statcounters_icount_kernel,statcounters_icount_kernel,$0x1
 mov_i64 loc29,$0x900000000010303c
 call mips_log_instr32,$0x2,$0,env,loc29,$0xdfbe0000
 mov_i64 loc32,sp
 mov_i64 tmp14,loc32
 qemu_ld_i64 loc32,tmp14,beq,0
 call qemu_log_instr_load64,$0x2,$0,env,tmp14,loc32,$0x130
 mov_i64 s8,loc32
 mov_i32 loc33,$0x1e
 call mips_log_instr_gpr,$0x2,$0,env,loc33,s8
 call qemu_log_instr_commit,$0x2,$0,env

 ---- 9000000000103040 0000000000000000 0000000000000000
 add_i64 statcounters_icount_kernel,statcounters_icount_kernel,$0x1
 mov_i64 loc35,$0x9000000000103040
 call mips_log_instr32,$0x2,$0,env,loc35,$0x3e00008
 mov_i64 btarget,ra
 call qemu_log_instr_commit,$0x2,$0,env

 ---- 9000000000103044 0000000000012000 ffffffffffffffff
 add_i64 statcounters_icount_kernel,statcounters_icount_kernel,$0x1
 mov_i64 loc40,$0x9000000000103044
 call mips_log_instr32,$0x2,$0,env,loc40,$0x67bd0010
 add_i64 sp,sp,$0x10
 mov_i32 loc44,$0x1d
 call mips_log_instr_gpr,$0x2,$0,env,loc44,sp
 mov_i64 PC,btarget
 call lookup_tb_ptr,$0x6,$1,tmp14,env
 goto_ptr tmp14
 set_label $L0
 exit_tb $0x7f07d4006d43

OP after optimization and liveness analysis:
 ld_i32 tmp0,env,$0xffffffffffffffe0      pref=0xffff
 brcond_i32 tmp0,$0x0,lt,$L0              dead: 0 1
 call qemu_log_printf_dump,$0x2,$0,env  
 call qemu_log_instr_commit,$0x2,$0,env 

 ---- 9000000000103030 0000000000000000 0000000000000000
 add_i64 statcounters_icount_kernel,statcounters_icount_kernel,$0x1  sync: 0  dead: 0 1  pref=0xffff
 call mips_log_instr32,$0x2,$0,env,$0x9000000000103030,$0x48031348  dead: 1 2
 call csetbounds,$0x0,$0,env,$0x3,$0x2,t5  dead: 0 2 3
 call qemu_log_instr_commit,$0x2,$0,env 

 ---- 9000000000103034 0000000000000000 0000000000000000
 add_i64 statcounters_icount_kernel,statcounters_icount_kernel,$0x1  sync: 0  dead: 0 1  pref=0xffff
 call mips_log_instr32,$0x2,$0,env,$0x9000000000103034,$0x48071fbf  dead: 1 2
 mb $0x33                               
 call cap_load_check,$0x0,$1,tmp14,env,$0x3,$0x0,$0x8  dead: 1 3 4  pref=none
 call cloadtags,$0x0,$1,tmp15,env,$0x3    dead: 1 2  pref=none
 call qemu_log_instr_load64,$0x2,$0,env,tmp14,tmp15,$0x13  dead: 1 3
 mov_i64 a3,tmp15                         sync: 0  dead: 1  pref=0x4
 call mips_log_instr_gpr,$0x2,$0,env,$0x7,a3  dead: 1 2
 call qemu_log_instr_commit,$0x2,$0,env 

 ---- 9000000000103038 0000000000000000 0000000000000000
 add_i64 statcounters_icount_kernel,statcounters_icount_kernel,$0x1  sync: 0  dead: 1  pref=0xf038
 call mips_log_instr32,$0x2,$0,env,$0x9000000000103038,$0xdfbf0008  dead: 1 2
 add_i64 tmp24,sp,$0x8                    dead: 2  pref=0xff3f
 mov_i64 tmp14,tmp24                      pref=0xf038
 qemu_ld_i64 tmp24,tmp24,beq,0            dead: 1  pref=0xf03c
 call qemu_log_instr_load64,$0x2,$0,env,tmp14,tmp24,$0x130  dead: 1
 mov_i64 ra,tmp24                         sync: 0  dead: 1  pref=0xf03c
 call mips_log_instr_gpr,$0x2,$0,env,$0x1f,ra  dead: 1
 call qemu_log_instr_commit,$0x2,$0,env 

 ---- 900000000010303c 0000000000000000 0000000000000000
 add_i64 statcounters_icount_kernel,statcounters_icount_kernel,$0x1  sync: 0  dead: 1  pref=0xf038
 call mips_log_instr32,$0x2,$0,env,$0x900000000010303c,$0xdfbe0000  dead: 1 2
 qemu_ld_i64 tmp32,sp,beq,0               pref=0xf03c
 call qemu_log_instr_load64,$0x2,$0,env,sp,tmp32,$0x130  dead: 3
 mov_i64 s8,tmp32                         sync: 0  dead: 1  pref=0x4
 call mips_log_instr_gpr,$0x2,$0,env,$0x1e,s8  dead: 1 2
 call qemu_log_instr_commit,$0x2,$0,env 

 ---- 9000000000103040 0000000000000000 0000000000000000
 add_i64 statcounters_icount_kernel,statcounters_icount_kernel,$0x1  sync: 0  dead: 1  pref=0xf038
 call mips_log_instr32,$0x2,$0,env,$0x9000000000103040,$0x3e00008  dead: 1 2
 mov_i64 btarget,ra                       sync: 0  dead: 1  pref=0xf038
 call qemu_log_instr_commit,$0x2,$0,env 

 ---- 9000000000103044 0000000000012000 ffffffffffffffff
 add_i64 statcounters_icount_kernel,statcounters_icount_kernel,$0x1  sync: 0  dead: 0 1 2  pref=0xffff
 call mips_log_instr32,$0x2,$0,env,$0x9000000000103044,$0x67bd0010  dead: 1 2
 add_i64 sp,sp,$0x10                      sync: 0  dead: 1 2  pref=0x4
 call mips_log_instr_gpr,$0x2,$0,env,$0x1d,sp  dead: 1 2
 mov_i64 PC,btarget                       sync: 0  dead: 0 1  pref=0xffff
 call lookup_tb_ptr,$0x6,$1,tmp14,env     dead: 1  pref=none
 goto_ptr tmp14                           dead: 0
 set_label $L0                          
 exit_tb $0x7f07d4006d43                

pc=0x9000000000103030 HI=0x0101010101010101 LO=0x0101010101010101 ds 440000f8 9000000000102f14 0
GPR00: r0 0000000000000000 at 0101010101010101 v0 0000000000000000 v1 0303030303030303
GPR04: a0 0000000000000000 a1 00000000000000ff a2 00000000000000a5 a3 0000000000000000
GPR08: t0 0808080808080808 t1 0909090909090909 t2 0a0a0a0a0a0a0a0a t3 0b0b0b0b0b0b0b0b
GPR12: t4 90000000001050f0 t5 0000000000000080 t6 0e0e0e0e0e0e0e0e t7 0f0f0f0f0f0f0f0f
GPR16: s0 1010101010101010 s1 1111111111111111 s2 1212121212121212 s3 1313131313131313
GPR20: s4 1414141414141414 s5 1515151515151515 s6 1616161616161616 s7 1717171717171717
GPR24: t8 1818181818181818 t9 9000000000102f14 k0 0000000000000040 k1 0000000000000000
GPR28: gp 1c1c1c1c1c1c1c1c sp 9000000000006fd0 s8 9000000000006fe0 ra 9000000000102428
CP0 Status  0x640080e1 Cause   0x00000000 EPC    0x0000000000000000
    Config0 0x8000c083 Config1 0xbe6130db LLAddr 0x0000000000000000
    Config2 0x80000000 Config3 0x0c002084
    Config4 0x00000000 Config5 0x00000000
[0:0] 0x900000000010302c:  daddiu	t1,t1,16
    Write t5 = 0000000000000080
[0:0] 0x9000000000103030:  csetbounds	c3,c2,t1
    Write C03|v:1 INT p:78fff ct:-1 b:9000000000105000 a:9000000000105000 t:9000000000105080 bv: 1
[0:0] 0x9000000000103034:  cloadtags	a3,c3
    Memory Read [9000000000105000] = 00a5
    Write a3 = 00000000000000a5
[0:0] 0x9000000000103038:  ld	ra,8(sp)
    Memory Read [9000000000006fd8] = 9000000000102428
    Write ra = 9000000000102428
[0:0] 0x900000000010303c:  ld	s8,0(sp)
    Memory Read [9000000000006fd0] = 9000000000007000
    Write s8 = 9000000000007000
[0:0] 0x9000000000103040:  jr	ra
OP:
 ld_i32 loc0,env,$0xffffffffffffffe0
 brcond_i32 loc0,$0x0,lt,$L0
 call qemu_log_printf_dump,$0x2,$0,env
 call qemu_log_instr_commit,$0x2,$0,env

 ---- 9000000000102428 0000000000000000 0000000000000000
 add_i64 statcounters_icount_kernel,statcounters_icount_kernel,$0x1
 mov_i64 loc3,$0x9000000000102428
 call mips_log_instr32,$0x2,$0,env,loc3,$0x10000005
 call qemu_log_instr_commit,$0x2,$0,env

 ---- 900000000010242c 0000000000010800 9000000000102440
 add_i64 statcounters_icount_kernel,statcounters_icount_kernel,$0x1
 mov_i64 loc8,$0x900000000010242c
 call mips_log_instr32,$0x2,$0,env,loc8,$0x0
 goto_tb $0x0
 mov_i64 PC,$0x9000000000102440
 exit_tb $0x7f07d4007180
 set_label $L0
 exit_tb $0x7f07d4007183

OP after optimization and liveness analysis:
 ld_i32 tmp0,env,$0xffffffffffffffe0      pref=0xffff
 brcond_i32 tmp0,$0x0,lt,$L0              dead: 0
 call qemu_log_printf_dump,$0x2,$0,env  
 call qemu_log_instr_commit,$0x2,$0,env 

 ---- 9000000000102428 0000000000000000 0000000000000000
 add_i64 statcounters_icount_kernel,statcounters_icount_kernel,$0x1  sync: 0  dead: 1  pref=0xf038
 call mips_log_instr32,$0x2,$0,env,$0x9000000000102428,$0x10000005  dead: 1 2
 call qemu_log_instr_commit,$0x2,$0,env 

 ---- 900000000010242c 0000000000010800 9000000000102440
 add_i64 statcounters_icount_kernel,statcounters_icount_kernel,$0x1  sync: 0  dead: 0 1 2  pref=0xffff
 call mips_log_instr32,$0x2,$0,env,$0x900000000010242c,$0x0  dead: 0 1 2
 goto_tb $0x0                           
 mov_i64 PC,$0x9000000000102440           sync: 0  dead: 0 1  pref=0xffff
 exit_tb $0x7f07d4007180                
 set_label $L0                          
 exit_tb $0x7f07d4007183                

pc=0x9000000000102428 HI=0x0101010101010101 LO=0x0101010101010101 ds 440000f8 9000000000102428 0
GPR00: r0 0000000000000000 at 0101010101010101 v0 0000000000000000 v1 0303030303030303
GPR04: a0 0000000000000000 a1 00000000000000ff a2 00000000000000a5 a3 00000000000000a5
GPR08: t0 0808080808080808 t1 0909090909090909 t2 0a0a0a0a0a0a0a0a t3 0b0b0b0b0b0b0b0b
GPR12: t4 90000000001050f0 t5 0000000000000080 t6 0e0e0e0e0e0e0e0e t7 0f0f0f0f0f0f0f0f
GPR16: s0 1010101010101010 s1 1111111111111111 s2 1212121212121212 s3 1313131313131313
GPR20: s4 1414141414141414 s5 1515151515151515 s6 1616161616161616 s7 1717171717171717
GPR24: t8 1818181818181818 t9 9000000000102f14 k0 0000000000000040 k1 0000000000000000
GPR28: gp 1c1c1c1c1c1c1c1c sp 9000000000006fe0 s8 9000000000007000 ra 9000000000102428
CP0 Status  0x640080e1 Cause   0x00000000 EPC    0x0000000000000000
    Config0 0x8000c083 Config1 0xbe6130db LLAddr 0x0000000000000000
    Config2 0x80000000 Config3 0x0c002084
    Config4 0x00000000 Config5 0x00000000
[0:0] 0x9000000000103044:  daddiu	sp,sp,16
    Write sp = 9000000000006fe0
[0:0] 0x9000000000102428:  b	0x9000000000102440
OP:
 ld_i32 loc0,env,$0xffffffffffffffe0
 brcond_i32 loc0,$0x0,lt,$L0
 call qemu_log_printf_dump,$0x2,$0,env
 call qemu_log_instr_commit,$0x2,$0,env

 ---- 9000000000102440 0000000000000000 0000000000000000
 add_i64 statcounters_icount_kernel,statcounters_icount_kernel,$0x1
 mov_i64 loc3,$0x9000000000102440
 call mips_log_instr32,$0x2,$0,env,loc3,$0x401a8001
 ld_i32 loc6,env,$0x10f4
 ext_i32_i64 k0,loc6
 mov_i32 loc7,$0x1a
 call mips_log_instr_gpr,$0x2,$0,env,loc7,k0
 call qemu_log_instr_commit,$0x2,$0,env

 ---- 9000000000102444 0000000000000000 0000000000000000
 add_i64 statcounters_icount_kernel,statcounters_icount_kernel,$0x1
 mov_i64 loc9,$0x9000000000102444
 call mips_log_instr32,$0x2,$0,env,loc9,$0x335a0040
 and_i64 k0,k0,$0x40
 mov_i32 loc13,$0x1a
 call mips_log_instr_gpr,$0x2,$0,env,loc13,k0
 call qemu_log_instr_commit,$0x2,$0,env

 ---- 9000000000102448 0000000000000000 0000000000000000
 add_i64 statcounters_icount_kernel,statcounters_icount_kernel,$0x1
 mov_i64 loc14,$0x9000000000102448
 call mips_log_instr32,$0x2,$0,env,loc14,$0x13400002
 mov_i64 loc17,k0
 mov_i64 loc18,$0x0
 setcond_i64 bcond,loc17,loc18,eq
 call qemu_log_instr_commit,$0x2,$0,env

 ---- 900000000010244c 0000000000011000 9000000000102454
 add_i64 statcounters_icount_kernel,statcounters_icount_kernel,$0x1
 mov_i64 loc20,$0x900000000010244c
 call mips_log_instr32,$0x2,$0,env,loc20,$0x0
 brcond_i64 bcond,$0x0,ne,$L1
 goto_tb $0x1
 mov_i64 PC,$0x9000000000102450
 exit_tb $0x7f07d4007341
 set_label $L1
 goto_tb $0x0
 mov_i64 PC,$0x9000000000102454
 exit_tb $0x7f07d4007340
 set_label $L0
 exit_tb $0x7f07d4007343

OP after optimization and liveness analysis:
 ld_i32 tmp0,env,$0xffffffffffffffe0      pref=0xffff
 brcond_i32 tmp0,$0x0,lt,$L0              dead: 0
 call qemu_log_printf_dump,$0x2,$0,env  
 call qemu_log_instr_commit,$0x2,$0,env 

 ---- 9000000000102440 0000000000000000 0000000000000000
 add_i64 statcounters_icount_kernel,statcounters_icount_kernel,$0x1  sync: 0  dead: 1  pref=0xf038
 call mips_log_instr32,$0x2,$0,env,$0x9000000000102440,$0x401a8001  dead: 1 2
 ld_i32 tmp6,env,$0x10f4                  pref=0xffff
 ext_i32_i64 k0,tmp6                      sync: 0  dead: 1  pref=0xf03c
 call mips_log_instr_gpr,$0x2,$0,env,$0x1a,k0
 call qemu_log_instr_commit,$0x2,$0,env 

 ---- 9000000000102444 0000000000000000 0000000000000000
 add_i64 statcounters_icount_kernel,statcounters_icount_kernel,$0x1  sync: 0  dead: 1  pref=0xf038
 call mips_log_instr32,$0x2,$0,env,$0x9000000000102444,$0x335a0040  dead: 1 2
 and_i64 k0,k0,$0x40                      sync: 0  dead: 1 2  pref=0xf03c
 call mips_log_instr_gpr,$0x2,$0,env,$0x1a,k0  dead: 1
 call qemu_log_instr_commit,$0x2,$0,env 

 ---- 9000000000102448 0000000000000000 0000000000000000
 add_i64 statcounters_icount_kernel,statcounters_icount_kernel,$0x1  sync: 0  dead: 1  pref=0xf038
 call mips_log_instr32,$0x2,$0,env,$0x9000000000102448,$0x13400002  dead: 1 2
 setcond_i64 bcond,k0,$0x0,eq             sync: 0  dead: 1  pref=0xf038
 call qemu_log_instr_commit,$0x2,$0,env 

 ---- 900000000010244c 0000000000011000 9000000000102454
 add_i64 statcounters_icount_kernel,statcounters_icount_kernel,$0x1  sync: 0  dead: 0 1 2  pref=0xffff
 call mips_log_instr32,$0x2,$0,env,$0x900000000010244c,$0x0  dead: 0 1 2
 brcond_i64 bcond,$0x0,ne,$L1             dead: 0 1
 goto_tb $0x1                           
 mov_i64 PC,$0x9000000000102450           sync: 0  dead: 0 1  pref=0xffff
 exit_tb $0x7f07d4007341                
 set_label $L1                          
 goto_tb $0x0                           
 mov_i64 PC,$0x9000000000102454           sync: 0  dead: 0 1  pref=0xffff
 exit_tb $0x7f07d4007340                
 set_label $L0                          
 exit_tb $0x7f07d4007343                

pc=0x9000000000102440 HI=0x0101010101010101 LO=0x0101010101010101 ds 440000f8 9000000000102428 0
GPR00: r0 0000000000000000 at 0101010101010101 v0 0000000000000000 v1 0303030303030303
GPR04: a0 0000000000000000 a1 00000000000000ff a2 00000000000000a5 a3 00000000000000a5
GPR08: t0 0808080808080808 t1 0909090909090909 t2 0a0a0a0a0a0a0a0a t3 0b0b0b0b0b0b0b0b
GPR12: t4 90000000001050f0 t5 0000000000000080 t6 0e0e0e0e0e0e0e0e t7 0f0f0f0f0f0f0f0f
GPR16: s0 1010101010101010 s1 1111111111111111 s2 1212121212121212 s3 1313131313131313
GPR20: s4 1414141414141414 s5 1515151515151515 s6 1616161616161616 s7 1717171717171717
GPR24: t8 1818181818181818 t9 9000000000102f14 k0 0000000000000040 k1 0000000000000000
GPR28: gp 1c1c1c1c1c1c1c1c sp 9000000000006fe0 s8 9000000000007000 ra 9000000000102428
CP0 Status  0x640080e1 Cause   0x00000000 EPC    0x0000000000000000
    Config0 0x8000c083 Config1 0xbe6130db LLAddr 0x0000000000000000
    Config2 0x80000000 Config3 0x0c002084
    Config4 0x00000000 Config5 0x00000000
[0:0] 0x900000000010242c:  nop
[0:0] 0x9000000000102440:  mfc0	k0,c0_config1
    Write k0 = ffffffffbe6130db
[0:0] 0x9000000000102444:  andi	k0,k0,0x40
    Write k0 = 0000000000000040
[0:0] 0x9000000000102448:  beqz	k0,0x9000000000102454
OP:
 ld_i32 loc0,env,$0xffffffffffffffe0
 brcond_i32 loc0,$0x0,lt,$L0
 call qemu_log_printf_dump,$0x2,$0,env
 call qemu_log_instr_commit,$0x2,$0,env

 ---- 9000000000102450 0000000000000000 0000000000000000
 add_i64 statcounters_icount_kernel,statcounters_icount_kernel,$0x1
 mov_i64 loc3,$0x9000000000102450
 call mips_log_instr32,$0x2,$0,env,loc3,$0x489a0006
 mov_i64 loc6,k0
 mov_i64 PC,$0x9000000000102450
 call mtc2_dumpcstate,$0x0,$0,env,loc6
 call qemu_log_instr_commit,$0x2,$0,env

 ---- 9000000000102454 0000000000000000 0000000000000000
 add_i64 statcounters_icount_kernel,statcounters_icount_kernel,$0x1
 mov_i64 loc7,$0x9000000000102454
 call mips_log_instr32,$0x2,$0,env,loc7,$0x401a7800
 ld_i32 loc10,env,$0x10d0
 ext_i32_i64 k0,loc10
 mov_i32 loc11,$0x1a
 call mips_log_instr_gpr,$0x2,$0,env,loc11,k0
 call qemu_log_instr_commit,$0x2,$0,env

 ---- 9000000000102458 0000000000000000 0000000000000000
 add_i64 statcounters_icount_kernel,statcounters_icount_kernel,$0x1
 mov_i64 loc13,$0x9000000000102458
 call mips_log_instr32,$0x2,$0,env,loc13,$0x335aff00
 and_i64 k0,k0,$0xff00
 mov_i32 loc17,$0x1a
 call mips_log_instr_gpr,$0x2,$0,env,loc17,k0
 call qemu_log_instr_commit,$0x2,$0,env

 ---- 900000000010245c 0000000000000000 0000000000000000
 add_i64 statcounters_icount_kernel,statcounters_icount_kernel,$0x1
 mov_i64 loc18,$0x900000000010245c
 call mips_log_instr32,$0x2,$0,env,loc18,$0x3b5a8900
 xor_i64 k0,k0,$0x8900
 mov_i32 loc22,$0x1a
 call mips_log_instr_gpr,$0x2,$0,env,loc22,k0
 call qemu_log_instr_commit,$0x2,$0,env

 ---- 9000000000102460 0000000000000000 0000000000000000
 add_i64 statcounters_icount_kernel,statcounters_icount_kernel,$0x1
 mov_i64 loc23,$0x9000000000102460
 call mips_log_instr32,$0x2,$0,env,loc23,$0x13400009
 mov_i64 loc26,k0
 mov_i64 loc27,$0x0
 setcond_i64 bcond,loc26,loc27,eq
 call qemu_log_instr_commit,$0x2,$0,env

 ---- 9000000000102464 0000000000011000 9000000000102488
 add_i64 statcounters_icount_kernel,statcounters_icount_kernel,$0x1
 mov_i64 loc29,$0x9000000000102464
 call mips_log_instr32,$0x2,$0,env,loc29,$0x0
 brcond_i64 bcond,$0x0,ne,$L1
 goto_tb $0x1
 mov_i64 PC,$0x9000000000102468
 exit_tb $0x7f07d40075c1
 set_label $L1
 goto_tb $0x0
 mov_i64 PC,$0x9000000000102488
 exit_tb $0x7f07d40075c0
 set_label $L0
 exit_tb $0x7f07d40075c3

OP after optimization and liveness analysis:
 ld_i32 tmp0,env,$0xffffffffffffffe0      pref=0xffff
 brcond_i32 tmp0,$0x0,lt,$L0              dead: 0
 call qemu_log_printf_dump,$0x2,$0,env  
 call qemu_log_instr_commit,$0x2,$0,env 

 ---- 9000000000102450 0000000000000000 0000000000000000
 add_i64 statcounters_icount_kernel,statcounters_icount_kernel,$0x1  sync: 0  dead: 0 1  pref=0xffff
 call mips_log_instr32,$0x2,$0,env,$0x9000000000102450,$0x489a0006  dead: 2
 mov_i64 PC,$0x9000000000102450           sync: 0  dead: 0 1  pref=0xffff
 call mtc2_dumpcstate,$0x0,$0,env,k0      dead: 0 1
 call qemu_log_instr_commit,$0x2,$0,env 

 ---- 9000000000102454 0000000000000000 0000000000000000
 add_i64 statcounters_icount_kernel,statcounters_icount_kernel,$0x1  sync: 0  dead: 1  pref=0xf038
 call mips_log_instr32,$0x2,$0,env,$0x9000000000102454,$0x401a7800  dead: 1 2
 ld_i32 tmp10,env,$0x10d0                 pref=0xffff
 ext_i32_i64 k0,tmp10                     sync: 0  dead: 1  pref=0xf03c
 call mips_log_instr_gpr,$0x2,$0,env,$0x1a,k0
 call qemu_log_instr_commit,$0x2,$0,env 

 ---- 9000000000102458 0000000000000000 0000000000000000
 add_i64 statcounters_icount_kernel,statcounters_icount_kernel,$0x1  sync: 0  dead: 1  pref=0xf038
 call mips_log_instr32,$0x2,$0,env,$0x9000000000102458,$0x335aff00  dead: 1 2
 and_i64 k0,k0,$0xff00                    sync: 0  dead: 1 2  pref=0xf03c
 call mips_log_instr_gpr,$0x2,$0,env,$0x1a,k0
 call qemu_log_instr_commit,$0x2,$0,env 

 ---- 900000000010245c 0000000000000000 0000000000000000
 add_i64 statcounters_icount_kernel,statcounters_icount_kernel,$0x1  sync: 0  dead: 1  pref=0xf038
 call mips_log_instr32,$0x2,$0,env,$0x900000000010245c,$0x3b5a8900  dead: 1 2
 xor_i64 k0,k0,$0x8900                    sync: 0  dead: 1 2  pref=0xf03c
 call mips_log_instr_gpr,$0x2,$0,env,$0x1a,k0  dead: 1
 call qemu_log_instr_commit,$0x2,$0,env 

 ---- 9000000000102460 0000000000000000 0000000000000000
 add_i64 statcounters_icount_kernel,statcounters_icount_kernel,$0x1  sync: 0  dead: 1  pref=0xf038
 call mips_log_instr32,$0x2,$0,env,$0x9000000000102460,$0x13400009  dead: 1 2
 setcond_i64 bcond,k0,$0x0,eq             sync: 0  dead: 1  pref=0xf038
 call qemu_log_instr_commit,$0x2,$0,env 

 ---- 9000000000102464 0000000000011000 9000000000102488
 add_i64 statcounters_icount_kernel,statcounters_icount_kernel,$0x1  sync: 0  dead: 0 1 2  pref=0xffff
 call mips_log_instr32,$0x2,$0,env,$0x9000000000102464,$0x0  dead: 0 1 2
 brcond_i64 bcond,$0x0,ne,$L1             dead: 0 1
 goto_tb $0x1                           
 mov_i64 PC,$0x9000000000102468           sync: 0  dead: 0 1  pref=0xffff
 exit_tb $0x7f07d40075c1                
 set_label $L1                          
 goto_tb $0x0                           
 mov_i64 PC,$0x9000000000102488           sync: 0  dead: 0 1  pref=0xffff
 exit_tb $0x7f07d40075c0                
 set_label $L0                          
 exit_tb $0x7f07d40075c3                

pc=0x9000000000102450 HI=0x0101010101010101 LO=0x0101010101010101 ds 440000f8 9000000000102428 0
GPR00: r0 0000000000000000 at 0101010101010101 v0 0000000000000000 v1 0303030303030303
GPR04: a0 0000000000000000 a1 00000000000000ff a2 00000000000000a5 a3 00000000000000a5
GPR08: t0 0808080808080808 t1 0909090909090909 t2 0a0a0a0a0a0a0a0a t3 0b0b0b0b0b0b0b0b
GPR12: t4 90000000001050f0 t5 0000000000000080 t6 0e0e0e0e0e0e0e0e t7 0f0f0f0f0f0f0f0f
GPR16: s0 1010101010101010 s1 1111111111111111 s2 1212121212121212 s3 1313131313131313
GPR20: s4 1414141414141414 s5 1515151515151515 s6 1616161616161616 s7 1717171717171717
GPR24: t8 1818181818181818 t9 9000000000102f14 k0 0000000000000040 k1 0000000000000000
GPR28: gp 1c1c1c1c1c1c1c1c sp 9000000000006fe0 s8 9000000000007000 ra 9000000000102428
CP0 Status  0x640080e1 Cause   0x00000000 EPC    0x0000000000000000
    Config0 0x8000c083 Config1 0xbe6130db LLAddr 0x0000000000000000
    Config2 0x80000000 Config3 0x0c002084
    Config4 0x00000000 Config5 0x00000000
[0:0] 0x900000000010244c:  nop
DEBUG CAP COREID 0
DEBUG CAP PCC t:1 s:0 perms:0x00078fff type:0xffffffffffffffff offset:0x9000000000102450 base:0x0000000000000000 length:0xffffffffffffffff
DEBUG CAP REG 00 t:0 s:0 perms:0x00000000 type:0xffffffffffffffff offset:0x0000000000000000 base:0x0000000000000000 length:0xffffffffffffffff
DEBUG CAP REG 01 t:1 s:0 perms:0x00078fff type:0xffffffffffffffff offset:0x0000000000000000 base:0x0000000000000000 length:0xffffffffffffffff
DEBUG CAP REG 02 t:1 s:0 perms:0x00078fff type:0xffffffffffffffff offset:0x9000000000105000 base:0x0000000000000000 length:0xffffffffffffffff
DEBUG CAP REG 03 t:1 s:0 perms:0x00078fff type:0xffffffffffffffff offset:0x0000000000000000 base:0x9000000000105000 length:0x0000000000000080
DEBUG CAP REG 04 t:0 s:0 perms:0x00000000 type:0xffffffffffffffff offset:0x0000000000000000 base:0x0000000000000000 length:0xffffffffffffffff
DEBUG CAP REG 05 t:0 s:0 perms:0x00000000 type:0xffffffffffffffff offset:0x0000000000000000 base:0x0000000000000000 length:0xffffffffffffffff
DEBUG CAP REG 06 t:0 s:0 perms:0x00000000 type:0xffffffffffffffff offset:0x0000000000000000 base:0x0000000000000000 length:0xffffffffffffffff
DEBUG CAP REG 07 t:0 s:0 perms:0x00000000 type:0xffffffffffffffff offset:0x0000000000000000 base:0x0000000000000000 length:0xffffffffffffffff
DEBUG CAP REG 08 t:0 s:0 perms:0x00000000 type:0xffffffffffffffff offset:0x0000000000000000 base:0x0000000000000000 length:0xffffffffffffffff
DEBUG CAP REG 09 t:0 s:0 perms:0x00000000 type:0xffffffffffffffff offset:0x0000000000000000 base:0x0000000000000000 length:0xffffffffffffffff
DEBUG CAP REG 10 t:0 s:0 perms:0x00000000 type:0xffffffffffffffff offset:0x0000000000000000 base:0x0000000000000000 length:0xffffffffffffffff
DEBUG CAP REG 11 t:0 s:0 perms:0x00000000 type:0xffffffffffffffff offset:0x0000000000000000 base:0x0000000000000000 length:0xffffffffffffffff
DEBUG CAP REG 12 t:1 s:0 perms:0x00078fff type:0xffffffffffffffff offset:0x9000000000102f14 base:0x0000000000000000 length:0xffffffffffffffff
DEBUG CAP REG 13 t:0 s:0 perms:0x00000000 type:0xffffffffffffffff offset:0x0000000000000000 base:0x0000000000000000 length:0xffffffffffffffff
DEBUG CAP REG 14 t:0 s:0 perms:0x00000000 type:0xffffffffffffffff offset:0x0000000000000000 base:0x0000000000000000 length:0xffffffffffffffff
DEBUG CAP REG 15 t:0 s:0 perms:0x00000000 type:0xffffffffffffffff offset:0x0000000000000000 base:0x0000000000000000 length:0xffffffffffffffff
DEBUG CAP REG 16 t:0 s:0 perms:0x00000000 type:0xffffffffffffffff offset:0x0000000000000000 base:0x0000000000000000 length:0xffffffffffffffff
DEBUG CAP REG 17 t:1 s:0 perms:0x00078fff type:0xffffffffffffffff offset:0x9000000000102428 base:0x0000000000000000 length:0xffffffffffffffff
DEBUG CAP REG 18 t:0 s:0 perms:0x00000000 type:0xffffffffffffffff offset:0x0000000000000000 base:0x0000000000000000 length:0xffffffffffffffff
DEBUG CAP REG 19 t:0 s:0 perms:0x00000000 type:0xffffffffffffffff offset:0x0000000000000000 base:0x0000000000000000 length:0xffffffffffffffff
DEBUG CAP REG 20 t:0 s:0 perms:0x00000000 type:0xffffffffffffffff offset:0x0000000000000000 base:0x0000000000000000 length:0xffffffffffffffff
DEBUG CAP REG 21 t:0 s:0 perms:0x00000000 type:0xffffffffffffffff offset:0x0000000000000000 base:0x0000000000000000 length:0xffffffffffffffff
DEBUG CAP REG 22 t:0 s:0 perms:0x00000000 type:0xffffffffffffffff offset:0x0000000000000000 base:0x0000000000000000 length:0xffffffffffffffff
DEBUG CAP REG 23 t:0 s:0 perms:0x00000000 type:0xffffffffffffffff offset:0x0000000000000000 base:0x0000000000000000 length:0xffffffffffffffff
DEBUG CAP REG 24 t:0 s:0 perms:0x00000000 type:0xffffffffffffffff offset:0x0000000000000000 base:0x0000000000000000 length:0xffffffffffffffff
DEBUG CAP REG 25 t:0 s:0 perms:0x00000000 type:0xffffffffffffffff offset:0x0000000000000000 base:0x0000000000000000 length:0xffffffffffffffff
DEBUG CAP REG 26 t:0 s:0 perms:0x00000000 type:0xffffffffffffffff offset:0x0000000000000000 base:0x0000000000000000 length:0xffffffffffffffff
DEBUG CAP REG 27 t:0 s:0 perms:0x00000000 type:0xffffffffffffffff offset:0x0000000000000000 base:0x0000000000000000 length:0xffffffffffffffff
DEBUG CAP REG 28 t:0 s:0 perms:0x00000000 type:0xffffffffffffffff offset:0x0000000000000000 base:0x0000000000000000 length:0xffffffffffffffff
DEBUG CAP REG 29 t:0 s:0 perms:0x00000000 type:0xffffffffffffffff offset:0x0000000000000000 base:0x0000000000000000 length:0xffffffffffffffff
DEBUG CAP REG 30 t:0 s:0 perms:0x00000000 type:0xffffffffffffffff offset:0x0000000000000000 base:0x0000000000000000 length:0xffffffffffffffff
DEBUG CAP REG 31 t:0 s:0 perms:0x00000000 type:0xffffffffffffffff offset:0x0000000000000000 base:0x0000000000000000 length:0xffffffffffffffff
DEBUG CAP HWREG 00 (DDC) t:1 s:0 perms:0x00078fff type:0xffffffffffffffff offset:0x0000000000000000 base:0x0000000000000000 length:0xffffffffffffffff
DEBUG CAP HWREG 01 (CTLSU) t:0 s:0 perms:0x00000000 type:0xffffffffffffffff offset:0x0000000000000000 base:0x0000000000000000 length:0xffffffffffffffff
DEBUG CAP HWREG 08 (CTLSP) t:0 s:0 perms:0x00000000 type:0xffffffffffffffff offset:0x0000000000000000 base:0x0000000000000000 length:0xffffffffffffffff
DEBUG CAP HWREG 22 (KR1C) t:0 s:0 perms:0x00000000 type:0xffffffffffffffff offset:0x0000000000000000 base:0x0000000000000000 length:0xffffffffffffffff
DEBUG CAP HWREG 23 (KR2C) t:0 s:0 perms:0x00000000 type:0xffffffffffffffff offset:0x0000000000000000 base:0x0000000000000000 length:0xffffffffffffffff
DEBUG CAP HWREG 28 (ErrorEPCC) t:1 s:0 perms:0x00078fff type:0xffffffffffffffff offset:0xffffffffbfc00000 base:0x0000000000000000 length:0xffffffffffffffff
DEBUG CAP HWREG 29 (KCC) t:1 s:0 perms:0x00078fff type:0xffffffffffffffff offset:0x0000000000000000 base:0x0000000000000000 length:0xffffffffffffffff
DEBUG CAP HWREG 30 (KDC) t:0 s:0 perms:0x00000000 type:0xffffffffffffffff offset:0x0000000000000000 base:0x0000000000000000 length:0xffffffffffffffff
DEBUG CAP HWREG 31 (EPCC) t:1 s:0 perms:0x00078fff type:0xffffffffffffffff offset:0x0000000000000000 base:0x0000000000000000 length:0xffffffffffffffff

[0:0] 0x9000000000102450:  mtc2	k0,$0,6
[0:0] 0x9000000000102454:  mfc0	k0,c0_prid
    Write k0 = 00000000000f0406
[0:0] 0x9000000000102458:  andi	k0,k0,0xff00
    Write k0 = 0000000000000400
[0:0] 0x900000000010245c:  xori	k0,k0,0x8900
    Write k0 = 0000000000008d00
[0:0] 0x9000000000102460:  beqz	k0,0x9000000000102488
OP:
 ld_i32 loc0,env,$0xffffffffffffffe0
 brcond_i32 loc0,$0x0,lt,$L0
 call qemu_log_printf_dump,$0x2,$0,env
 call qemu_log_instr_commit,$0x2,$0,env

 ---- 9000000000102468 0000000000000000 0000000000000000
 add_i64 statcounters_icount_kernel,statcounters_icount_kernel,$0x1
 mov_i64 loc3,$0x9000000000102468
 call mips_log_instr32,$0x2,$0,env,loc3,$0x401a7806
 call mfc0_coreid,$0x0,$1,k0,env
 mov_i32 loc6,$0x1a
 call mips_log_instr_gpr,$0x2,$0,env,loc6,k0
 call qemu_log_instr_commit,$0x2,$0,env

 ---- 900000000010246c 0000000000000000 0000000000000000
 add_i64 statcounters_icount_kernel,statcounters_icount_kernel,$0x1
 mov_i64 loc8,$0x900000000010246c
 call mips_log_instr32,$0x2,$0,env,loc8,$0x335affff
 ext16u_i64 k0,k0
 mov_i32 loc11,$0x1a
 call mips_log_instr_gpr,$0x2,$0,env,loc11,k0
 call qemu_log_instr_commit,$0x2,$0,env

 ---- 9000000000102470 0000000000000000 0000000000000000
 add_i64 statcounters_icount_kernel,statcounters_icount_kernel,$0x1
 mov_i64 loc12,$0x9000000000102470
 call mips_log_instr32,$0x2,$0,env,loc12,$0x1740000e
 mov_i64 loc15,k0
 mov_i64 loc16,$0x0
 setcond_i64 bcond,loc15,loc16,ne
 call qemu_log_instr_commit,$0x2,$0,env

 ---- 9000000000102474 0000000000011000 90000000001024ac
 add_i64 statcounters_icount_kernel,statcounters_icount_kernel,$0x1
 mov_i64 loc18,$0x9000000000102474
 call mips_log_instr32,$0x2,$0,env,loc18,$0x0
 brcond_i64 bcond,$0x0,ne,$L1
 goto_tb $0x1
 mov_i64 PC,$0x9000000000102478
 exit_tb $0x7f07d4007901
 set_label $L1
 goto_tb $0x0
 mov_i64 PC,$0x90000000001024ac
 exit_tb $0x7f07d4007900
 set_label $L0
 exit_tb $0x7f07d4007903

OP after optimization and liveness analysis:
 ld_i32 tmp0,env,$0xffffffffffffffe0      pref=0xffff
 brcond_i32 tmp0,$0x0,lt,$L0              dead: 0
 call qemu_log_printf_dump,$0x2,$0,env  
 call qemu_log_instr_commit,$0x2,$0,env 

 ---- 9000000000102468 0000000000000000 0000000000000000
 add_i64 statcounters_icount_kernel,statcounters_icount_kernel,$0x1  sync: 0  dead: 0 1  pref=0xffff
 call mips_log_instr32,$0x2,$0,env,$0x9000000000102468,$0x401a7806  dead: 1 2
 call mfc0_coreid,$0x0,$1,k0,env          sync: 0  dead: 1  pref=none
 call mips_log_instr_gpr,$0x2,$0,env,$0x1a,k0
 call qemu_log_instr_commit,$0x2,$0,env 

 ---- 900000000010246c 0000000000000000 0000000000000000
 add_i64 statcounters_icount_kernel,statcounters_icount_kernel,$0x1  sync: 0  dead: 1  pref=0xf038
 call mips_log_instr32,$0x2,$0,env,$0x900000000010246c,$0x335affff  dead: 1 2
 ext16u_i64 k0,k0                         sync: 0  dead: 1  pref=0xf03c
 call mips_log_instr_gpr,$0x2,$0,env,$0x1a,k0  dead: 1
 call qemu_log_instr_commit,$0x2,$0,env 

 ---- 9000000000102470 0000000000000000 0000000000000000
 add_i64 statcounters_icount_kernel,statcounters_icount_kernel,$0x1  sync: 0  dead: 1  pref=0xf038
 call mips_log_instr32,$0x2,$0,env,$0x9000000000102470,$0x1740000e  dead: 1 2
 setcond_i64 bcond,k0,$0x0,ne             sync: 0  dead: 1  pref=0xf038
 call qemu_log_instr_commit,$0x2,$0,env 

 ---- 9000000000102474 0000000000011000 90000000001024ac
 add_i64 statcounters_icount_kernel,statcounters_icount_kernel,$0x1  sync: 0  dead: 0 1 2  pref=0xffff
 call mips_log_instr32,$0x2,$0,env,$0x9000000000102474,$0x0  dead: 0 1 2
 brcond_i64 bcond,$0x0,ne,$L1             dead: 0 1
 goto_tb $0x1                           
 mov_i64 PC,$0x9000000000102478           sync: 0  dead: 0 1  pref=0xffff
 exit_tb $0x7f07d4007901                
 set_label $L1                          
 goto_tb $0x0                           
 mov_i64 PC,$0x90000000001024ac           sync: 0  dead: 0 1  pref=0xffff
 exit_tb $0x7f07d4007900                
 set_label $L0                          
 exit_tb $0x7f07d4007903                

pc=0x9000000000102468 HI=0x0101010101010101 LO=0x0101010101010101 ds 440000f8 9000000000102428 0
GPR00: r0 0000000000000000 at 0101010101010101 v0 0000000000000000 v1 0303030303030303
GPR04: a0 0000000000000000 a1 00000000000000ff a2 00000000000000a5 a3 00000000000000a5
GPR08: t0 0808080808080808 t1 0909090909090909 t2 0a0a0a0a0a0a0a0a t3 0b0b0b0b0b0b0b0b
GPR12: t4 90000000001050f0 t5 0000000000000080 t6 0e0e0e0e0e0e0e0e t7 0f0f0f0f0f0f0f0f
GPR16: s0 1010101010101010 s1 1111111111111111 s2 1212121212121212 s3 1313131313131313
GPR20: s4 1414141414141414 s5 1515151515151515 s6 1616161616161616 s7 1717171717171717
GPR24: t8 1818181818181818 t9 9000000000102f14 k0 0000000000008d00 k1 0000000000000000
GPR28: gp 1c1c1c1c1c1c1c1c sp 9000000000006fe0 s8 9000000000007000 ra 9000000000102428
CP0 Status  0x640080e1 Cause   0x00000000 EPC    0x0000000000000000
    Config0 0x8000c083 Config1 0xbe6130db LLAddr 0x0000000000000000
    Config2 0x80000000 Config3 0x0c002084
    Config4 0x00000000 Config5 0x00000000
[0:0] 0x9000000000102464:  nop
[0:0] 0x9000000000102468:  mfc0	k0,$15,6
    Write k0 = 0000000000000000
[0:0] 0x900000000010246c:  andi	k0,k0,0xffff
    Write k0 = 0000000000000000
[0:0] 0x9000000000102470:  bnez	k0,0x90000000001024ac
OP:
 ld_i32 loc0,env,$0xffffffffffffffe0
 brcond_i32 loc0,$0x0,lt,$L0
 call qemu_log_printf_dump,$0x2,$0,env
 call qemu_log_instr_commit,$0x2,$0,env

 ---- 9000000000102478 0000000000000000 0000000000000000
 add_i64 statcounters_icount_kernel,statcounters_icount_kernel,$0x1
 mov_i64 loc3,$0x9000000000102478
 call mips_log_instr32,$0x2,$0,env,loc3,$0x401a7807
 mov_i64 k0,$0x0
 mov_i32 loc7,$0x1a
 call mips_log_instr_gpr,$0x2,$0,env,loc7,k0
 call qemu_log_instr_commit,$0x2,$0,env

 ---- 900000000010247c 0000000000000000 0000000000000000
 add_i64 statcounters_icount_kernel,statcounters_icount_kernel,$0x1
 mov_i64 loc9,$0x900000000010247c
 call mips_log_instr32,$0x2,$0,env,loc9,$0x335affff
 ext16u_i64 k0,k0
 mov_i32 loc12,$0x1a
 call mips_log_instr_gpr,$0x2,$0,env,loc12,k0
 call qemu_log_instr_commit,$0x2,$0,env

 ---- 9000000000102480 0000000000000000 0000000000000000
 add_i64 statcounters_icount_kernel,statcounters_icount_kernel,$0x1
 mov_i64 loc13,$0x9000000000102480
 call mips_log_instr32,$0x2,$0,env,loc13,$0x1740000a
 mov_i64 loc16,k0
 mov_i64 loc17,$0x0
 setcond_i64 bcond,loc16,loc17,ne
 call qemu_log_instr_commit,$0x2,$0,env

 ---- 9000000000102484 0000000000011000 90000000001024ac
 add_i64 statcounters_icount_kernel,statcounters_icount_kernel,$0x1
 mov_i64 loc18,$0x9000000000102484
 call mips_log_instr32,$0x2,$0,env,loc18,$0x0
 brcond_i64 bcond,$0x0,ne,$L1
 goto_tb $0x1
 mov_i64 PC,$0x9000000000102488
 exit_tb $0x7f07d4007bc1
 set_label $L1
 goto_tb $0x0
 mov_i64 PC,$0x90000000001024ac
 exit_tb $0x7f07d4007bc0
 set_label $L0
 exit_tb $0x7f07d4007bc3

OP after optimization and liveness analysis:
 ld_i32 tmp0,env,$0xffffffffffffffe0      pref=0xffff
 brcond_i32 tmp0,$0x0,lt,$L0              dead: 0
 call qemu_log_printf_dump,$0x2,$0,env  
 call qemu_log_instr_commit,$0x2,$0,env 

 ---- 9000000000102478 0000000000000000 0000000000000000
 add_i64 statcounters_icount_kernel,statcounters_icount_kernel,$0x1  sync: 0  dead: 1  pref=0xf038
 call mips_log_instr32,$0x2,$0,env,$0x9000000000102478,$0x401a7807  dead: 1 2
 mov_i64 k0,$0x0                          sync: 0  dead: 0  pref=0xffff
 call mips_log_instr_gpr,$0x2,$0,env,$0x1a,$0x0
 call qemu_log_instr_commit,$0x2,$0,env 

 ---- 900000000010247c 0000000000000000 0000000000000000
 add_i64 statcounters_icount_kernel,statcounters_icount_kernel,$0x1  sync: 0  dead: 1  pref=0xf038
 call mips_log_instr32,$0x2,$0,env,$0x900000000010247c,$0x335affff  dead: 1 2
 call mips_log_instr_gpr,$0x2,$0,env,$0x1a,$0x0  dead: 1
 call qemu_log_instr_commit,$0x2,$0,env 

 ---- 9000000000102480 0000000000000000 0000000000000000
 add_i64 statcounters_icount_kernel,statcounters_icount_kernel,$0x1  sync: 0  dead: 1  pref=0xf038
 call mips_log_instr32,$0x2,$0,env,$0x9000000000102480,$0x1740000a  dead: 1 2
 mov_i64 bcond,$0x0                       sync: 0  dead: 0 1  pref=0xffff
 call qemu_log_instr_commit,$0x2,$0,env 

 ---- 9000000000102484 0000000000011000 90000000001024ac
 add_i64 statcounters_icount_kernel,statcounters_icount_kernel,$0x1  sync: 0  dead: 0 1 2  pref=0xffff
 call mips_log_instr32,$0x2,$0,env,$0x9000000000102484,$0x0  dead: 0 1 2
 goto_tb $0x1                           
 mov_i64 PC,$0x9000000000102488           sync: 0  dead: 0 1  pref=0xffff
 exit_tb $0x7f07d4007bc1                
 set_label $L0                          
 exit_tb $0x7f07d4007bc3                

pc=0x9000000000102478 HI=0x0101010101010101 LO=0x0101010101010101 ds 440000f8 9000000000102428 0
GPR00: r0 0000000000000000 at 0101010101010101 v0 0000000000000000 v1 0303030303030303
GPR04: a0 0000000000000000 a1 00000000000000ff a2 00000000000000a5 a3 00000000000000a5
GPR08: t0 0808080808080808 t1 0909090909090909 t2 0a0a0a0a0a0a0a0a t3 0b0b0b0b0b0b0b0b
GPR12: t4 90000000001050f0 t5 0000000000000080 t6 0e0e0e0e0e0e0e0e t7 0f0f0f0f0f0f0f0f
GPR16: s0 1010101010101010 s1 1111111111111111 s2 1212121212121212 s3 1313131313131313
GPR20: s4 1414141414141414 s5 1515151515151515 s6 1616161616161616 s7 1717171717171717
GPR24: t8 1818181818181818 t9 9000000000102f14 k0 0000000000000000 k1 0000000000000000
GPR28: gp 1c1c1c1c1c1c1c1c sp 9000000000006fe0 s8 9000000000007000 ra 9000000000102428
CP0 Status  0x640080e1 Cause   0x00000000 EPC    0x0000000000000000
    Config0 0x8000c083 Config1 0xbe6130db LLAddr 0x0000000000000000
    Config2 0x80000000 Config3 0x0c002084
    Config4 0x00000000 Config5 0x00000000
[0:0] 0x9000000000102474:  nop
[0:0] 0x9000000000102478:  mfc0	k0,$15,7
    Write k0 = 0000000000000000
[0:0] 0x900000000010247c:  andi	k0,k0,0xffff
    Write k0 = 0000000000000000
[0:0] 0x9000000000102480:  bnez	k0,0x90000000001024ac
OP:
 ld_i32 loc0,env,$0xffffffffffffffe0
 brcond_i32 loc0,$0x0,lt,$L0
 call qemu_log_printf_dump,$0x2,$0,env
 call qemu_log_instr_commit,$0x2,$0,env

 ---- 9000000000102488 0000000000000000 0000000000000000
 add_i64 statcounters_icount_kernel,statcounters_icount_kernel,$0x1
 mov_i64 loc3,$0x9000000000102488
 call mips_log_instr32,$0x2,$0,env,loc3,$0x403a2002
 ld_i64 k0,env,$0xcc0
 mov_i32 loc6,$0x1a
 call mips_log_instr_gpr,$0x2,$0,env,loc6,k0
 call qemu_log_instr_commit,$0x2,$0,env

 ---- 900000000010248c 0000000000000000 0000000000000000
 add_i64 statcounters_icount_kernel,statcounters_icount_kernel,$0x1
 mov_i64 loc8,$0x900000000010248c
 call mips_log_instr32,$0x2,$0,env,loc8,$0x4081d000
 mov_i64 loc11,at
 mov_i64 PC,$0x900000000010248c
 call mtc0_dumpstate,$0x0,$0,env,loc11
 call mtc0_errctl,$0x0,$0,env,loc11
 mov_i64 PC,$0x9000000000102490
 call lookup_tb_ptr,$0x6,$1,tmp13,env
 goto_ptr tmp13
 set_label $L0
 exit_tb $0x7f07d4007e03

OP after optimization and liveness analysis:
 ld_i32 tmp0,env,$0xffffffffffffffe0      pref=0xffff
 brcond_i32 tmp0,$0x0,lt,$L0              dead: 0 1
 call qemu_log_printf_dump,$0x2,$0,env  
 call qemu_log_instr_commit,$0x2,$0,env 

 ---- 9000000000102488 0000000000000000 0000000000000000
 add_i64 statcounters_icount_kernel,statcounters_icount_kernel,$0x1  sync: 0  dead: 1  pref=0xf038
 call mips_log_instr32,$0x2,$0,env,$0x9000000000102488,$0x403a2002  dead: 1 2
 ld_i64 k0,env,$0xcc0                     sync: 0  pref=0x4
 call mips_log_instr_gpr,$0x2,$0,env,$0x1a,k0  dead: 1 2
 call qemu_log_instr_commit,$0x2,$0,env 

 ---- 900000000010248c 0000000000000000 0000000000000000
 add_i64 statcounters_icount_kernel,statcounters_icount_kernel,$0x1  sync: 0  dead: 0 1 2  pref=0xffff
 call mips_log_instr32,$0x2,$0,env,$0x900000000010248c,$0x4081d000  dead: 2
 mov_i64 tmp11,at                         pref=0xf038
 mov_i64 PC,$0x900000000010248c           sync: 0  dead: 0 1  pref=0xffff
 call mtc0_dumpstate,$0x0,$0,env,at       dead: 0 1
 call mtc0_errctl,$0x0,$0,env,tmp11       dead: 0 1
 mov_i64 PC,$0x9000000000102490           sync: 0  dead: 0 1  pref=0xffff
 call lookup_tb_ptr,$0x6,$1,tmp13,env     dead: 1  pref=none
 goto_ptr tmp13                           dead: 0
 set_label $L0                          
 exit_tb $0x7f07d4007e03                

pc=0x9000000000102488 HI=0x0101010101010101 LO=0x0101010101010101 ds 440000f8 9000000000102428 0
GPR00: r0 0000000000000000 at 0101010101010101 v0 0000000000000000 v1 0303030303030303
GPR04: a0 0000000000000000 a1 00000000000000ff a2 00000000000000a5 a3 00000000000000a5
GPR08: t0 0808080808080808 t1 0909090909090909 t2 0a0a0a0a0a0a0a0a t3 0b0b0b0b0b0b0b0b
GPR12: t4 90000000001050f0 t5 0000000000000080 t6 0e0e0e0e0e0e0e0e t7 0f0f0f0f0f0f0f0f
GPR16: s0 1010101010101010 s1 1111111111111111 s2 1212121212121212 s3 1313131313131313
GPR20: s4 1414141414141414 s5 1515151515151515 s6 1616161616161616 s7 1717171717171717
GPR24: t8 1818181818181818 t9 9000000000102f14 k0 0000000000000000 k1 0000000000000000
GPR28: gp 1c1c1c1c1c1c1c1c sp 9000000000006fe0 s8 9000000000007000 ra 9000000000102428
CP0 Status  0x640080e1 Cause   0x00000000 EPC    0x0000000000000000
    Config0 0x8000c083 Config1 0xbe6130db LLAddr 0x0000000000000000
    Config2 0x80000000 Config3 0x0c002084
    Config4 0x00000000 Config5 0x00000000
[0:0] 0x9000000000102484:  nop
[0:0] 0x9000000000102488:  dmfc0	k0,$4,2
    Write k0 = 0000000000000000
DEBUG MIPS COREID 0
DEBUG MIPS PC 0x900000000010248c
DEBUG MIPS REG 00 0x0000000000000000
DEBUG MIPS REG 01 0x0101010101010101
DEBUG MIPS REG 02 0x0000000000000000
DEBUG MIPS REG 03 0x0303030303030303
DEBUG MIPS REG 04 0x0000000000000000
DEBUG MIPS REG 05 0x00000000000000ff
DEBUG MIPS REG 06 0x00000000000000a5
DEBUG MIPS REG 07 0x00000000000000a5
DEBUG MIPS REG 08 0x0808080808080808
DEBUG MIPS REG 09 0x0909090909090909
DEBUG MIPS REG 10 0x0a0a0a0a0a0a0a0a
DEBUG MIPS REG 11 0x0b0b0b0b0b0b0b0b
DEBUG MIPS REG 12 0x90000000001050f0
DEBUG MIPS REG 13 0x0000000000000080
DEBUG MIPS REG 14 0x0e0e0e0e0e0e0e0e
DEBUG MIPS REG 15 0x0f0f0f0f0f0f0f0f
DEBUG MIPS REG 16 0x1010101010101010
DEBUG MIPS REG 17 0x1111111111111111
DEBUG MIPS REG 18 0x1212121212121212
DEBUG MIPS REG 19 0x1313131313131313
DEBUG MIPS REG 20 0x1414141414141414
DEBUG MIPS REG 21 0x1515151515151515
DEBUG MIPS REG 22 0x1616161616161616
DEBUG MIPS REG 23 0x1717171717171717
DEBUG MIPS REG 24 0x1818181818181818
DEBUG MIPS REG 25 0x9000000000102f14
DEBUG MIPS REG 26 0x0000000000000000
DEBUG MIPS REG 27 0x0000000000000000
DEBUG MIPS REG 28 0x1c1c1c1c1c1c1c1c
DEBUG MIPS REG 29 0x9000000000006fe0
DEBUG MIPS REG 30 0x9000000000007000
DEBUG MIPS REG 31 0x9000000000102428
OP:
 ld_i32 loc0,env,$0xffffffffffffffe0
 brcond_i32 loc0,$0x0,lt,$L0
 call qemu_log_printf_dump,$0x2,$0,env
 call qemu_log_instr_commit,$0x2,$0,env

 ---- 9000000000102490 0000000000000000 0000000000000000
 add_i64 statcounters_icount_kernel,statcounters_icount_kernel,$0x1
 mov_i64 loc3,$0x9000000000102490
 call mips_log_instr32,$0x2,$0,env,loc3,$0x0
 call qemu_log_instr_commit,$0x2,$0,env

 ---- 9000000000102494 0000000000000000 0000000000000000
 add_i64 statcounters_icount_kernel,statcounters_icount_kernel,$0x1
 mov_i64 loc5,$0x9000000000102494
 call mips_log_instr32,$0x2,$0,env,loc5,$0x0
 call qemu_log_instr_commit,$0x2,$0,env

 ---- 9000000000102498 0000000000000000 0000000000000000
 add_i64 statcounters_icount_kernel,statcounters_icount_kernel,$0x1
 mov_i64 loc7,$0x9000000000102498
 call mips_log_instr32,$0x2,$0,env,loc7,$0x4081b800
 mov_i64 loc10,at
 mov_i64 PC,$0x9000000000102498
 call mtc0_debug,$0x0,$0,env,loc10
 mov_i64 PC,$0x900000000010249c
 exit_tb $0x0
 set_label $L0
 exit_tb $0x7f07d4008003

OP after optimization and liveness analysis:
 ld_i32 tmp0,env,$0xffffffffffffffe0      pref=0xffff
 brcond_i32 tmp0,$0x0,lt,$L0              dead: 0
 call qemu_log_printf_dump,$0x2,$0,env  
 call qemu_log_instr_commit,$0x2,$0,env 

 ---- 9000000000102490 0000000000000000 0000000000000000
 add_i64 statcounters_icount_kernel,statcounters_icount_kernel,$0x1  sync: 0  dead: 1  pref=0xf038
 call mips_log_instr32,$0x2,$0,env,$0x9000000000102490,$0x0  dead: 1
 call qemu_log_instr_commit,$0x2,$0,env 

 ---- 9000000000102494 0000000000000000 0000000000000000
 add_i64 statcounters_icount_kernel,statcounters_icount_kernel,$0x1  sync: 0  dead: 1  pref=0xf038
 call mips_log_instr32,$0x2,$0,env,$0x9000000000102494,$0x0  dead: 1 2
 call qemu_log_instr_commit,$0x2,$0,env 

 ---- 9000000000102498 0000000000000000 0000000000000000
 add_i64 statcounters_icount_kernel,statcounters_icount_kernel,$0x1  sync: 0  dead: 0 1 2  pref=0xffff
 call mips_log_instr32,$0x2,$0,env,$0x9000000000102498,$0x4081b800  dead: 2
 mov_i64 PC,$0x9000000000102498           sync: 0  dead: 0 1  pref=0xffff
 call mtc0_debug,$0x0,$0,env,at           dead: 0 1
 mov_i64 PC,$0x900000000010249c           sync: 0  dead: 0 1  pref=0xffff
 exit_tb $0x0                           
 set_label $L0                          
 exit_tb $0x7f07d4008003                

pc=0x9000000000102490 HI=0x0101010101010101 LO=0x0101010101010101 ds 440000f8 9000000000102428 0
GPR00: r0 0000000000000000 at 0101010101010101 v0 0000000000000000 v1 0303030303030303
GPR04: a0 0000000000000000 a1 00000000000000ff a2 00000000000000a5 a3 00000000000000a5
GPR08: t0 0808080808080808 t1 0909090909090909 t2 0a0a0a0a0a0a0a0a t3 0b0b0b0b0b0b0b0b
GPR12: t4 90000000001050f0 t5 0000000000000080 t6 0e0e0e0e0e0e0e0e t7 0f0f0f0f0f0f0f0f
GPR16: s0 1010101010101010 s1 1111111111111111 s2 1212121212121212 s3 1313131313131313
GPR20: s4 1414141414141414 s5 1515151515151515 s6 1616161616161616 s7 1717171717171717
GPR24: t8 1818181818181818 t9 9000000000102f14 k0 0000000000000000 k1 0000000000000000
GPR28: gp 1c1c1c1c1c1c1c1c sp 9000000000006fe0 s8 9000000000007000 ra 9000000000102428
CP0 Status  0x640080e1 Cause   0x00000000 EPC    0x0000000000000000
    Config0 0x8000c083 Config1 0xbe6130db LLAddr 0x0000000000000000
    Config2 0x80000000 Config3 0x0c002084
    Config4 0x00000000 Config5 0x00000000
[0:0] 0x900000000010248c:  mtc0	at,c0_errctl
    Write ErrCtl = 0000000000000000
[0:0] 0x9000000000102490:  nop
[0:0] 0x9000000000102494:  nop
